cloud_cover_low,cloud_cover_mid,soil_moisture_0_to_7cm,relative_humidity_2m,wind_gusts_10m,Unnamed: 0,cloud_cover_high,temperature_2m,wind_speed_100m,wind_direction_100m,soil_moisture_28_to_100cm,target
45,43,0.468,69,32.4,6608,83,29.9,21.2,166,0.419,1
24,10,0.469,72,31.0,6609,93,29.9,17.3,177,0.419,1
42,12,0.469,75,23.8,6610,97,29.3,16.0,177,0.419,1
31,9,0.471,80,19.4,6611,100,28.4,17.1,176,0.419,1
12,30,0.471,83,17.6,6612,99,27.5,18.9,194,0.419,0
21,16,0.48,79,14.0,6613,100,28.8,16.8,170,0.418,0
19,11,0.479,83,14.4,6614,100,28.4,11.8,174,0.418,0
34,17,0.48,85,10.8,6615,100,27.8,13.4,160,0.418,1
93,6,0.479,89,10.8,6616,100,27.2,10.9,149,0.418,0
54,26,0.488,91,11.2,6617,99,26.6,10.2,131,0.418,1
31,12,0.487,95,9.7,6618,100,26.1,5.6,119,0.418,0
100,30,0.503,94,9.7,6619,100,25.6,9.0,244,0.418,1
100,73,0.506,93,18.0,6620,100,24.6,13.4,258,0.419,1
12,75,0.511,93,16.6,6621,100,24.5,5.1,252,0.419,1
100,22,0.51,93,7.9,6622,100,24.5,1.9,343,0.419,1
100,16,0.514,94,9.0,6623,100,24.6,5.1,51,0.419,1
100,93,0.504,96,13.7,6624,100,24.2,8.7,32,0.419,1
14,100,0.514,95,19.8,6625,100,24.9,16.2,61,0.42,1
43,99,0.518,93,22.0,6626,100,25.3,17.7,69,0.421,1
100,82,0.515,86,25.6,6627,100,27.0,16.4,85,0.421,1
27,98,0.512,85,26.3,6628,100,27.4,19.1,85,0.422,1
28,100,0.508,78,27.0,6629,100,28.5,16.1,97,0.422,0
25,100,0.505,75,24.5,6630,100,29.1,15.8,116,0.423,0
8,78,0.503,77,23.0,6631,100,28.9,15.6,139,0.423,0
10,1,0.5,74,25.2,6632,96,29.7,17.4,145,0.424,0
10,19,0.499,76,29.5,6633,99,29.5,19.7,156,0.424,1
27,36,0.497,77,28.1,6634,98,28.8,17.4,160,0.424,0
27,33,0.504,83,22.7,6635,100,27.6,11.7,166,0.424,1
100,30,0.514,94,16.6,6636,100,25.6,13.9,185,0.425,1
23,81,0.511,90,26.3,6637,100,26.2,19.0,197,0.424,1
3,8,0.509,92,18.7,6638,99,26.4,14.5,152,0.424,1
2,28,0.51,92,14.4,6639,100,26.2,11.3,137,0.425,1
8,16,0.508,95,10.1,6640,100,26.0,6.4,117,0.425,1
6,95,0.506,95,6.5,6641,99,26.0,4.4,35,0.425,1
100,46,0.52,98,22.7,6642,100,24.7,18.1,17,0.426,1
33,91,0.517,96,26.6,6643,100,24.2,9.8,47,0.427,1
100,89,0.515,96,19.8,6644,100,23.9,12.1,62,0.431,1
99,100,0.499,95,20.2,6645,100,24.0,16.3,61,0.436,1
100,84,0.519,96,18.7,6646,100,23.8,16.1,54,0.437,1
99,99,0.517,97,19.4,6647,100,23.6,15.7,50,0.444,1
57,54,0.497,96,18.7,6648,100,23.9,17.8,52,0.447,1
12,9,0.507,89,19.1,6649,100,26.0,11.9,34,0.435,0
45,7,0.505,81,24.5,6650,100,27.4,16.2,47,0.436,0
100,12,0.501,76,27.7,6651,99,28.9,16.0,50,0.436,0
19,6,0.499,73,25.6,6652,100,29.6,12.1,52,0.436,0
23,11,0.495,69,21.6,6653,98,30.3,10.2,59,0.436,0
8,33,0.494,73,23.0,6654,98,30.4,12.4,71,0.437,1
21,4,0.492,72,23.0,6655,97,30.6,7.0,69,0.437,1
100,4,0.491,72,15.5,6656,96,30.9,5.4,86,0.437,1
96,7,0.509,83,22.7,6657,100,27.9,14.6,160,0.437,1
9,28,0.511,87,23.8,6658,100,27.3,1.7,238,0.438,1
8,21,0.508,89,10.4,6659,99,27.0,8.1,84,0.438,0
0,1,0.506,91,10.4,6660,99,26.8,11.9,85,0.439,0
22,55,0.491,84,16.2,6661,91,26.4,14.6,89,0.438,1
8,38,0.494,87,16.9,6662,11,26.0,13.2,56,0.438,1
13,31,0.494,89,12.6,6663,48,25.9,9.5,53,0.438,0
5,13,0.493,93,7.9,6664,85,25.5,7.1,47,0.439,0
6,9,0.492,94,6.8,6665,77,25.2,6.6,49,0.439,0
3,7,0.491,95,6.5,6666,91,25.1,6.6,35,0.439,0
3,8,0.49,94,7.6,6667,96,25.2,8.7,32,0.439,0
2,2,0.49,94,9.4,6668,99,25.1,11.7,44,0.439,0
3,2,0.489,95,9.4,6669,100,24.9,12.7,39,0.439,0
1,0,0.488,96,10.1,6670,100,24.8,14.2,16,0.439,0
1,1,0.488,97,11.5,6671,99,24.6,15.0,3,0.44,0
0,1,0.487,96,14.0,6672,68,25.4,14.6,360,0.44,0
0,0,0.481,85,16.9,6673,100,27.2,10.5,19,0.44,0
13,0,0.48,77,20.5,6674,99,28.8,12.1,15,0.44,0
11,1,0.478,69,23.4,6675,100,29.9,13.8,32,0.44,0
19,5,0.475,64,23.8,6676,94,30.8,12.5,40,0.439,0
23,5,0.472,61,22.7,6677,87,31.5,11.8,47,0.439,0
18,13,0.47,60,23.0,6678,73,31.7,13.3,50,0.439,0
12,17,0.468,61,23.8,6679,93,31.6,13.4,47,0.439,1
7,14,0.466,60,22.7,6680,55,31.6,10.3,41,0.439,0
12,5,0.465,60,18.0,6681,0,31.3,11.8,46,0.439,0
15,9,0.464,63,18.0,6682,1,30.8,13.5,57,0.439,0
19,16,0.463,70,14.0,6683,1,29.2,13.8,29,0.439,0
16,22,0.463,78,10.1,6684,0,28.0,9.2,1,0.439,0
20,34,0.458,83,7.2,6685,88,27.9,5.4,21,0.438,0
3,8,0.458,84,4.7,6686,90,27.8,2.0,360,0.438,0
6,5,0.458,90,5.8,6687,100,26.8,4.4,187,0.438,0
8,14,0.458,89,6.8,6688,100,26.8,9.0,209,0.438,0
15,8,0.459,88,8.6,6689,99,26.5,11.3,250,0.439,0
7,2,0.459,91,11.9,6690,100,26.0,14.9,250,0.439,0
3,1,0.459,96,16.2,6691,77,25.2,18.0,246,0.439,0
1,0,0.459,95,16.2,6692,79,24.9,15.3,253,0.439,0
0,0,0.459,94,12.2,6693,93,24.6,11.7,270,0.439,0
0,0,0.459,96,7.6,6694,85,24.2,10.8,296,0.439,0
0,0,0.459,97,7.9,6695,74,24.0,9.3,314,0.439,0
1,0,0.459,95,11.9,6696,87,24.8,7.1,326,0.439,0
0,2,0.458,81,14.0,6697,98,27.4,9.7,43,0.439,0
0,1,0.456,68,18.0,6698,99,29.0,10.3,65,0.439,0
2,3,0.454,62,22.7,6699,100,30.1,13.6,75,0.439,0
0,1,0.451,59,23.4,6700,100,31.0,13.6,60,0.439,0
4,3,0.448,57,23.4,6701,98,31.5,12.6,43,0.438,0
3,4,0.445,57,23.4,6702,96,31.9,12.3,38,0.438,0
0,2,0.442,56,23.0,6703,97,32.2,11.6,26,0.438,0
0,2,0.439,55,22.0,6704,100,32.2,12.3,15,0.438,0
10,3,0.438,55,21.2,6705,95,32.0,9.7,11,0.437,0
11,13,0.436,60,15.5,6706,95,31.3,13.1,25,0.437,0
13,15,0.436,68,14.4,6707,99,29.5,15.2,31,0.437,0
16,43,0.436,76,10.1,6708,95,28.5,13.0,88,0.437,0
14,32,0.432,70,15.1,6709,61,28.7,20.2,106,0.437,0
9,25,0.432,70,18.7,6710,4,28.3,23.2,98,0.437,0
16,98,0.432,73,19.4,6711,7,28.0,21.1,90,0.437,0
10,99,0.432,77,17.3,6712,18,27.7,18.0,102,0.437,0
2,61,0.432,77,13.7,6713,34,27.6,15.8,97,0.437,0
10,31,0.432,80,10.4,6714,98,27.0,13.1,90,0.437,0
7,19,0.432,85,8.3,6715,96,26.3,9.3,82,0.437,0
10,16,0.432,87,6.1,6716,93,26.0,8.3,85,0.437,0
5,18,0.433,87,7.9,6717,99,25.9,10.1,94,0.437,0
24,2,0.433,90,8.3,6718,81,25.6,10.5,95,0.437,0
43,6,0.433,93,7.9,6719,100,25.4,10.0,62,0.437,0
99,37,0.433,90,13.0,6720,100,26.0,11.2,33,0.437,0
18,8,0.435,81,16.9,6721,99,27.5,11.6,51,0.437,0
5,1,0.434,73,19.1,6722,100,29.1,11.1,39,0.437,0
10,9,0.432,65,24.8,6723,99,30.4,15.6,38,0.437,0
20,5,0.429,60,26.3,6724,100,31.1,15.9,47,0.437,0
26,12,0.428,58,26.3,6725,86,31.8,14.3,49,0.437,0
15,13,0.427,57,24.1,6726,92,32.0,12.3,44,0.436,1
11,22,0.425,60,22.3,6727,100,31.8,10.8,47,0.436,0
10,24,0.423,59,20.9,6728,99,31.7,7.9,41,0.436,0
10,10,0.422,61,18.7,6729,23,31.4,8.8,19,0.436,0
10,7,0.421,64,14.8,6730,0,30.9,9.7,25,0.436,0
0,4,0.421,71,12.2,6731,0,29.4,12.5,8,0.436,0
8,10,0.421,79,8.3,6732,19,28.2,10.5,6,0.436,0
4,3,0.413,79,10.4,6733,45,28.0,11.2,1,0.435,0
5,0,0.413,80,7.2,6734,8,27.5,10.1,3,0.435,0
5,1,0.413,80,9.0,6735,7,27.5,11.6,348,0.435,0
8,0,0.414,81,10.4,6736,0,27.1,14.4,331,0.435,0
0,0,0.414,82,13.0,6737,7,26.9,17.2,327,0.435,0
2,3,0.414,85,13.3,6738,27,26.4,13.6,332,0.435,0
11,12,0.414,87,11.5,6739,26,25.9,12.3,345,0.435,0
8,3,0.414,87,13.3,6740,33,25.7,15.3,1,0.435,0
5,1,0.414,85,13.3,6741,9,25.6,15.4,14,0.435,0
1,0,0.415,85,13.7,6742,13,25.4,15.4,14,0.435,0
2,0,0.415,85,14.0,6743,37,25.1,14.4,1,0.435,0
11,10,0.415,85,13.0,6744,49,25.8,11.7,349,0.435,0
15,13,0.414,78,15.1,6745,100,28.1,9.6,332,0.435,0
5,5,0.413,73,19.8,6746,100,29.4,11.7,339,0.435,0
4,5,0.411,68,23.4,6747,100,30.5,10.7,353,0.435,0
12,6,0.41,63,22.7,6748,100,31.4,8.7,7,0.434,0
9,14,0.408,61,19.8,6749,100,32.0,7.3,7,0.434,0
16,12,0.409,62,18.0,6750,100,31.8,6.7,354,0.434,1
7,9,0.407,63,17.6,6751,100,32.0,3.2,357,0.434,0
10,4,0.405,63,14.8,6752,100,32.0,3.6,37,0.433,0
9,9,0.404,64,14.8,6753,100,31.8,5.1,82,0.433,0
19,34,0.435,78,20.2,6754,100,29.0,17.2,123,0.433,1
0,0,0.437,85,23.0,6755,100,27.4,13.0,91,0.433,1
0,1,0.437,88,16.6,6756,99,26.8,15.1,87,0.433,0
3,30,0.414,86,14.4,6757,100,27.5,11.2,75,0.432,0
5,12,0.414,87,13.3,6758,97,27.1,8.3,72,0.432,0
4,6,0.414,88,9.0,6759,99,26.8,11.8,67,0.432,0
10,20,0.414,89,9.4,6760,100,26.6,9.7,59,0.432,0
6,10,0.414,91,6.1,6761,100,26.4,7.8,48,0.432,0
14,12,0.418,93,8.6,6762,96,26.0,6.4,22,0.432,1
19,34,0.475,96,15.5,6763,96,25.3,11.5,328,0.432,1
3,43,0.483,96,16.2,6764,93,25.2,9.6,9,0.432,1
17,26,0.481,95,10.1,6765,100,25.3,10.2,315,0.432,0
9,24,0.479,96,10.4,6766,95,25.0,9.7,292,0.432,0
2,23,0.477,97,14.4,6767,95,24.7,14.5,305,0.432,0
13,10,0.475,95,15.1,6768,100,24.9,15.0,305,0.432,0
1,7,0.483,83,13.3,6769,100,26.8,7.2,65,0.432,0
1,24,0.48,78,14.4,6770,100,28.1,5.9,40,0.431,0
4,32,0.477,73,19.4,6771,100,29.4,7.1,6,0.431,0
3,14,0.473,71,22.0,6772,100,30.3,7.4,3,0.431,0
11,35,0.47,69,22.0,6773,100,30.4,5.8,14,0.431,0
21,15,0.467,69,20.5,6774,100,30.6,5.6,6,0.431,0
14,14,0.464,70,20.5,6775,100,31.0,6.6,347,0.431,0
29,4,0.462,70,20.5,6776,100,31.2,9.8,336,0.43,0
100,33,0.498,78,24.8,6777,100,28.1,16.1,101,0.43,1
2,10,0.5,88,25.9,6778,100,26.5,3.7,104,0.43,1
0,8,0.496,90,12.6,6779,100,26.4,10.0,75,0.43,0
1,16,0.493,93,11.2,6780,100,26.2,6.2,64,0.43,0
0,20,0.455,92,9.7,6781,100,26.5,9.1,65,0.43,0
0,4,0.455,91,7.2,6782,100,26.4,10.9,59,0.43,0
0,9,0.454,92,11.2,6783,92,26.2,14.1,39,0.43,0
0,18,0.454,93,11.9,6784,88,25.9,13.8,31,0.43,0
0,26,0.454,95,10.1,6785,92,25.4,8.8,11,0.43,0
1,21,0.453,95,7.2,6786,92,25.2,9.0,355,0.43,0
0,23,0.453,96,8.6,6787,0,25.1,11.5,359,0.43,0
0,36,0.453,96,9.0,6788,0,25.0,12.8,358,0.43,0
2,18,0.452,97,10.4,6789,35,25.0,14.0,1,0.43,0
0,9,0.452,97,10.8,6790,73,24.8,14.4,357,0.43,0
2,12,0.452,97,12.6,6791,100,24.8,15.2,343,0.43,0
7,28,0.451,92,16.2,6792,100,25.5,14.9,338,0.43,0
4,8,0.447,84,17.6,6793,99,27.7,11.0,358,0.43,0
2,4,0.446,75,21.6,6794,95,29.5,12.1,18,0.429,0
0,11,0.443,65,27.4,6795,99,30.6,15.6,50,0.429,0
11,18,0.441,63,27.4,6796,99,31.2,16.4,61,0.429,0
15,25,0.439,64,27.0,6797,98,31.3,15.1,65,0.429,0
13,27,0.436,65,25.6,6798,98,31.5,11.7,70,0.429,0
10,9,0.433,64,24.1,6799,98,31.7,9.1,69,0.428,0
100,8,0.431,68,21.2,6800,46,31.0,6.0,83,0.428,0
100,64,0.52,91,29.9,6801,99,26.2,22.3,125,0.428,1
16,97,0.509,88,30.2,6802,100,25.6,1.7,58,0.428,1
24,47,0.506,88,11.2,6803,99,25.9,9.3,27,0.428,1
8,14,0.502,91,11.9,6804,100,25.8,9.5,25,0.428,0
9,1,0.51,91,13.7,6805,99,26.1,11.3,103,0.428,1
1,10,0.506,93,12.6,6806,100,25.8,12.9,53,0.428,0
3,31,0.503,93,17.3,6807,100,25.4,16.5,57,0.428,0
3,16,0.501,94,15.5,6808,100,25.2,14.0,55,0.429,0
0,12,0.5,95,11.2,6809,100,25.1,13.0,51,0.429,0
5,8,0.498,97,10.8,6810,100,24.8,9.8,67,0.429,0
1,13,0.497,97,6.1,6811,100,24.6,7.9,60,0.429,0
4,11,0.495,97,5.4,6812,100,24.5,5.5,54,0.429,0
5,5,0.494,98,5.0,6813,88,24.3,4.0,54,0.43,0
6,5,0.493,98,6.1,6814,98,24.5,3.5,345,0.43,0
17,9,0.493,99,7.6,6815,100,24.4,6.8,349,0.43,0
12,8,0.492,96,11.5,6816,100,25.1,7.2,338,0.43,0
3,14,0.491,86,12.2,6817,100,27.1,5.5,17,0.431,0
2,9,0.489,80,15.8,6818,96,28.5,7.3,46,0.431,0
2,22,0.487,72,18.7,6819,95,30.0,8.5,69,0.431,0
10,7,0.484,65,23.4,6820,30,30.9,12.8,70,0.431,0
7,4,0.481,63,24.5,6821,48,31.6,12.5,65,0.431,0
12,6,0.477,60,23.8,6822,81,32.2,11.6,69,0.43,0
15,15,0.474,59,21.6,6823,76,32.0,11.4,66,0.43,0
12,13,0.472,60,20.2,6824,3,31.9,9.5,57,0.43,0
12,8,0.47,60,17.3,6825,12,31.8,9.1,63,0.43,0
13,22,0.469,64,15.1,6826,0,30.8,7.4,87,0.43,0
6,12,0.469,75,9.4,6827,0,29.3,4.5,254,0.43,0
0,8,0.469,86,6.1,6828,4,28.2,3.0,256,0.43,0
1,11,0.47,86,13.7,6829,56,27.0,13.5,313,0.431,0
0,23,0.47,88,11.9,6830,73,26.6,11.6,312,0.431,0
1,21,0.47,90,11.9,6831,98,26.3,8.3,300,0.431,0
1,6,0.47,93,10.1,6832,82,26.0,11.1,300,0.431,0
1,2,0.47,94,11.5,6833,100,25.6,12.1,298,0.431,0
5,3,0.47,95,11.2,6834,100,25.5,13.8,309,0.431,0
1,4,0.47,96,12.6,6835,100,25.2,15.3,310,0.431,0
0,7,0.469,96,12.2,6836,98,25.1,14.3,318,0.431,0
0,3,0.469,96,13.0,6837,94,25.0,16.0,322,0.431,0
1,4,0.469,96,12.2,6838,94,25.0,13.9,322,0.431,0
0,4,0.469,97,11.2,6839,100,24.9,14.9,326,0.431,0
0,16,0.469,95,13.7,6840,100,25.6,15.2,324,0.431,0
1,32,0.468,84,13.7,6841,90,27.8,7.6,341,0.431,0
0,55,0.467,73,13.7,6842,99,29.4,5.4,356,0.431,0
0,39,0.465,67,14.8,6843,100,30.4,7.1,38,0.431,0
0,33,0.462,61,18.0,6844,100,31.4,9.0,46,0.431,0
5,37,0.46,60,20.9,6845,100,31.7,11.8,56,0.431,0
16,16,0.457,61,24.8,6846,99,31.9,14.4,57,0.431,0
3,16,0.455,62,25.2,6847,96,32.1,12.1,48,0.431,0
1,10,0.453,65,24.5,6848,4,32.0,11.1,36,0.43,0
19,18,0.52,79,31.7,6849,91,28.9,19.4,74,0.43,1
1,2,0.496,78,27.7,6850,98,29.0,9.2,132,0.43,0
0,14,0.494,84,18.7,6851,96,28.0,17.0,130,0.43,0
0,15,0.492,86,21.2,6852,100,27.0,14.4,112,0.43,0
0,20,0.44,80,22.7,6853,100,27.9,21.4,106,0.431,0
0,13,0.44,80,19.4,6854,100,27.6,17.8,98,0.431,0
0,8,0.44,82,14.8,6855,100,27.2,15.2,85,0.431,0
3,23,0.44,84,11.5,6856,13,26.9,14.2,74,0.431,0
3,36,0.441,88,9.4,6857,7,26.5,10.8,66,0.431,0
6,12,0.441,88,6.5,6858,64,26.4,8.9,56,0.431,0
6,7,0.441,90,7.9,6859,100,26.0,8.5,6,0.431,0
7,4,0.441,91,11.9,6860,100,25.8,11.7,342,0.431,0
1,1,0.441,92,10.4,6861,100,25.5,12.1,11,0.431,0
2,3,0.442,95,9.7,6862,100,25.3,10.5,8,0.431,0
0,0,0.442,97,7.2,6863,100,25.1,9.0,1,0.431,0
0,0,0.442,95,12.6,6864,100,25.8,10.0,351,0.431,0
0,0,0.439,89,16.9,6865,96,27.1,11.0,4,0.43,0
2,5,0.438,80,17.6,6866,99,28.9,9.6,14,0.43,0
4,4,0.437,73,24.1,6867,100,30.2,10.0,33,0.43,0
1,18,0.436,68,24.8,6868,100,31.1,10.6,43,0.43,0
11,7,0.435,66,21.6,6869,99,31.4,12.4,49,0.43,1
7,8,0.433,64,25.6,6870,28,32.1,13.2,59,0.43,0
6,3,0.43,65,25.6,6871,26,32.2,8.8,47,0.429,0
100,4,0.429,69,22.7,6872,95,31.5,8.1,53,0.429,0
24,25,0.475,85,25.6,6873,100,27.6,9.3,137,0.429,1
2,12,0.475,87,22.0,6874,100,27.0,9.1,141,0.429,1
3,21,0.474,88,18.7,6875,100,26.7,15.1,178,0.429,0
0,2,0.473,91,15.5,6876,100,26.4,7.3,213,0.429,0
0,17,0.464,92,6.5,6877,100,26.4,4.8,347,0.428,0
0,2,0.463,93,9.4,6878,100,26.2,8.6,337,0.428,0
0,7,0.463,95,9.4,6879,100,25.9,6.8,320,0.428,0
0,1,0.462,96,6.5,6880,100,25.7,7.6,322,0.428,0
0,0,0.462,96,7.6,6881,100,25.5,9.3,324,0.428,0
0,0,0.461,96,7.9,6882,100,25.4,10.6,332,0.428,0
0,0,0.461,97,9.0,6883,99,25.2,12.3,333,0.428,0
0,0,0.46,97,9.0,6884,84,25.0,12.1,333,0.428,0
0,0,0.46,97,9.4,6885,96,25.0,13.0,332,0.428,0
1,1,0.459,98,10.1,6886,91,24.9,13.9,333,0.428,0
0,1,0.459,98,11.2,6887,95,24.9,14.8,336,0.428,0
10,0,0.459,96,14.4,6888,98,25.6,13.0,338,0.428,0
0,0,0.454,88,14.0,6889,6,27.6,7.8,4,0.428,0
0,0,0.453,77,14.8,6890,38,29.5,6.5,6,0.428,0
0,2,0.45,70,17.6,6891,62,30.9,5.3,8,0.428,0
10,18,0.449,66,17.3,6892,94,31.5,4.9,28,0.428,1
9,13,0.448,68,17.6,6893,97,31.8,6.1,32,0.427,1
14,5,0.446,68,17.6,6894,30,32.0,3.7,23,0.427,0
11,4,0.444,68,17.3,6895,16,32.2,5.5,23,0.427,0
16,7,0.442,68,16.9,6896,7,32.2,4.9,28,0.427,0
99,5,0.467,76,26.6,6897,82,29.6,19.3,145,0.427,1
1,7,0.502,86,37.4,6898,87,26.6,9.3,151,0.427,1
4,10,0.496,86,13.3,6899,83,26.9,3.6,189,0.427,0
0,11,0.492,92,5.8,6900,97,26.4,3.1,190,0.427,0
0,11,0.468,82,6.1,6901,89,28.1,1.7,198,0.425,0
0,4,0.467,86,4.3,6902,75,27.4,4.6,189,0.425,0
1,3,0.466,91,6.8,6903,77,26.8,7.9,192,0.425,0
0,0,0.465,84,6.8,6904,74,27.8,6.2,201,0.425,0
5,9,0.464,91,5.4,6905,23,26.6,6.6,221,0.425,0
8,4,0.463,94,6.8,6906,16,26.1,7.6,267,0.425,0
1,0,0.463,94,11.2,6907,11,25.8,12.6,289,0.425,0
2,2,0.462,96,11.2,6908,9,25.2,13.1,293,0.425,0
3,0,0.461,96,9.0,6909,42,25.0,11.9,299,0.425,0
0,0,0.461,97,6.8,6910,80,24.8,10.1,309,0.425,0
0,0,0.46,97,7.2,6911,97,24.8,8.7,336,0.425,0
0,0,0.459,94,9.7,6912,50,26.0,7.8,355,0.425,0
0,0,0.453,80,11.2,6913,51,28.1,4.8,347,0.425,0
0,0,0.451,74,14.4,6914,82,29.7,6.1,337,0.425,0
7,13,0.449,69,15.5,6915,76,30.9,6.0,344,0.424,0
11,7,0.446,63,15.8,6916,20,31.8,5.7,11,0.424,0
14,6,0.443,60,17.6,6917,1,32.1,3.3,49,0.424,0
11,7,0.44,59,15.1,6918,0,32.3,2.3,67,0.424,0
7,4,0.437,58,12.2,6919,0,32.5,0.8,135,0.423,0
12,10,0.434,58,11.2,6920,0,32.4,3.0,213,0.423,0
15,10,0.432,61,12.6,6921,31,31.8,6.2,201,0.423,0
3,9,0.431,72,20.5,6922,48,30.4,15.8,217,0.423,0
0,6,0.431,79,22.0,6923,100,29.0,15.3,212,0.423,0
0,4,0.431,80,14.0,6924,90,28.6,13.9,193,0.423,0
0,6,0.426,80,9.7,6925,91,28.5,12.3,226,0.422,0
0,6,0.426,80,9.0,6926,97,28.5,13.9,213,0.422,0
0,5,0.426,81,9.4,6927,87,28.1,14.0,218,0.422,0
2,9,0.426,82,8.6,6928,99,28.0,14.5,227,0.422,0
0,3,0.426,85,10.4,6929,100,27.7,15.5,238,0.422,0
0,1,0.426,88,11.5,6930,95,27.2,15.5,248,0.422,0
1,1,0.426,90,11.5,6931,77,26.8,14.1,253,0.422,0
1,1,0.426,92,10.4,6932,78,26.2,12.2,271,0.422,0
2,1,0.426,94,9.7,6933,90,25.8,11.4,291,0.422,0
3,3,0.426,96,8.3,6934,97,25.5,8.7,323,0.422,0
25,19,0.426,96,13.3,6935,100,25.6,15.8,50,0.422,0
6,4,0.426,92,17.3,6936,100,26.1,16.1,79,0.422,0
0,0,0.422,79,9.4,6937,97,28.6,0.8,63,0.423,0
2,0,0.421,70,9.7,6938,100,30.3,1.3,352,0.423,0
1,1,0.419,67,15.5,6939,100,31.1,2.5,4,0.423,0
10,1,0.416,68,16.9,6940,98,31.5,3.3,13,0.423,0
11,1,0.414,68,16.6,6941,34,31.9,1.1,342,0.422,0
98,2,0.412,69,16.2,6942,100,32.0,1.2,141,0.422,0
85,17,0.429,76,26.3,6943,100,30.0,12.8,149,0.422,1
17,10,0.432,82,28.4,6944,100,28.5,10.4,154,0.422,1
21,20,0.434,80,22.3,6945,100,28.2,9.1,122,0.422,1
3,7,0.434,80,16.2,6946,100,28.1,6.3,121,0.422,0
1,1,0.434,84,10.1,6947,100,27.8,6.7,121,0.422,0
3,1,0.434,86,6.8,6948,100,27.5,9.1,111,0.422,0
0,1,0.467,84,9.4,6949,100,27.7,11.9,112,0.425,0
0,3,0.466,86,11.2,6950,91,27.4,13.4,104,0.425,0
1,2,0.465,88,10.8,6951,76,26.8,11.8,101,0.425,0
1,1,0.464,91,7.6,6952,77,26.2,9.7,108,0.425,0
0,0,0.463,91,6.5,6953,95,26.0,7.0,111,0.425,0
0,1,0.462,93,5.4,6954,92,25.8,4.7,108,0.425,0
0,0,0.461,93,4.7,6955,24,25.6,6.7,99,0.425,0
0,0,0.46,94,7.2,6956,5,25.5,8.9,77,0.425,0
4,2,0.459,93,7.9,6957,0,25.3,8.9,50,0.425,0
5,0,0.458,95,7.6,6958,0,25.0,5.6,33,0.425,0
6,0,0.458,96,5.8,6959,12,24.9,6.0,7,0.425,0
1,0,0.457,93,12.6,6960,16,25.8,10.3,13,0.425,0
5,2,0.453,82,13.0,6961,88,27.7,7.4,86,0.425,0
5,0,0.451,74,12.6,6962,67,29.4,4.2,65,0.425,0
11,24,0.449,68,16.9,6963,98,30.5,6.1,47,0.425,0
14,12,0.448,64,16.2,6964,100,31.2,6.9,70,0.425,1
10,3,0.445,62,17.3,6965,5,31.7,6.4,80,0.425,0
13,5,0.441,61,17.6,6966,0,32.2,5.3,108,0.424,0
15,9,0.438,63,18.0,6967,0,32.1,6.0,147,0.424,0
27,35,0.437,65,18.7,6968,0,31.4,7.1,165,0.424,1
36,16,0.437,70,19.4,6969,5,30.1,11.9,205,0.424,1
36,28,0.436,69,19.8,6970,9,30.0,4.2,198,0.424,0
4,17,0.436,78,7.2,6971,86,28.8,7.4,177,0.424,0
14,14,0.436,81,5.4,6972,77,28.4,8.7,166,0.424,0
0,16,0.432,80,7.6,6973,97,29.0,6.9,195,0.426,0
6,8,0.432,77,5.8,6974,61,29.2,4.3,152,0.426,0
12,22,0.432,80,13.3,6975,54,28.4,10.4,32,0.426,0
25,22,0.432,83,17.6,6976,99,27.7,19.1,55,0.426,0
25,17,0.432,89,17.3,6977,100,26.5,3.5,51,0.426,0
2,15,0.432,88,4.3,6978,99,26.5,3.3,261,0.426,0
14,6,0.432,91,7.6,6979,100,26.0,7.0,316,0.426,0
97,41,0.453,92,14.0,6980,100,25.1,12.7,339,0.426,1
98,11,0.453,92,15.8,6981,100,25.0,10.2,343,0.426,0
31,41,0.453,94,13.0,6982,100,24.6,8.5,5,0.426,0
9,20,0.453,95,14.8,6983,100,24.4,12.0,9,0.426,0
14,22,0.452,93,14.8,6984,100,24.6,10.3,7,0.426,0
0,2,0.476,84,15.8,6985,100,27.0,10.2,351,0.427,0
0,2,0.474,79,19.8,6986,100,28.3,11.0,350,0.427,0
1,4,0.47,75,20.9,6987,100,29.7,7.7,9,0.427,0
2,5,0.467,73,20.5,6988,93,30.6,7.7,11,0.426,0
6,4,0.465,71,20.9,6989,97,31.0,5.7,351,0.426,1
100,8,0.464,71,19.1,6990,99,31.0,2.1,345,0.426,1
81,19,0.513,85,32.4,6991,100,27.1,18.0,179,0.426,1
29,28,0.503,90,28.4,6992,100,26.0,13.9,115,0.426,1
27,15,0.497,88,19.1,6993,100,26.6,9.0,93,0.426,0
1,50,0.498,90,16.6,6994,100,26.2,10.3,88,0.426,1
0,3,0.498,90,13.7,6995,100,26.0,7.5,79,0.426,1
4,3,0.494,93,10.1,6996,100,25.7,9.1,58,0.426,0
5,100,0.499,93,12.6,6997,100,25.7,8.4,110,0.425,1
1,100,0.505,93,6.8,6998,100,25.9,7.7,127,0.425,1
2,58,0.504,94,6.1,6999,100,25.9,4.1,128,0.425,1
3,4,0.504,96,7.9,7000,100,25.6,4.2,280,0.425,1
9,6,0.5,96,9.7,7001,100,25.3,8.4,307,0.425,0
21,5,0.496,95,10.4,7002,100,25.1,8.9,320,0.426,0
29,8,0.494,96,9.7,7003,100,24.9,9.4,337,0.426,0
17,1,0.491,96,9.7,7004,100,24.9,9.1,353,0.426,0
94,49,0.503,92,11.5,7005,100,24.9,5.5,341,0.426,1
57,13,0.501,94,8.3,7006,100,24.8,8.1,332,0.426,1
17,7,0.497,97,8.6,7007,100,24.5,10.1,358,0.426,0
40,10,0.495,95,14.0,7008,95,25.0,10.1,12,0.426,0
8,4,0.491,88,14.0,7009,100,26.2,7.6,38,0.425,0
3,22,0.489,82,17.6,7010,100,27.6,9.4,47,0.426,0
2,12,0.487,78,25.6,7011,100,28.8,10.1,66,0.425,0
5,18,0.484,77,25.6,7012,100,29.5,8.9,66,0.425,0
93,10,0.483,74,25.2,7013,100,30.1,9.7,65,0.425,1
100,7,0.482,74,25.2,7014,100,29.9,11.4,69,0.425,1
7,32,0.509,85,30.2,7015,100,27.3,10.6,69,0.425,1
75,16,0.505,80,16.9,7016,100,28.6,0.4,90,0.426,0
100,100,0.52,89,26.3,7017,100,26.1,19.8,129,0.426,1
96,100,0.505,89,24.8,7018,100,25.9,13.1,117,0.432,1
92,100,0.519,93,17.3,7019,100,25.5,12.8,109,0.436,1
49,28,0.516,93,14.0,7020,100,25.7,8.5,88,0.437,1
33,79,0.516,91,13.3,7021,100,25.1,9.1,83,0.425,1
3,100,0.508,94,14.4,7022,100,24.8,12.6,93,0.426,1
100,86,0.52,96,19.1,7023,100,24.2,14.2,33,0.426,1
45,37,0.515,95,24.5,7024,100,23.9,15.6,54,0.428,1
2,1,0.511,95,15.1,7025,100,24.1,14.1,53,0.429,0
87,17,0.508,96,14.4,7026,100,24.1,14.0,54,0.43,0
100,55,0.52,97,13.7,7027,100,24.0,11.4,74,0.43,1
96,70,0.502,98,14.0,7028,100,23.9,12.7,67,0.434,1
19,10,0.502,97,16.9,7029,100,24.0,17.5,81,0.435,0
18,4,0.502,97,17.3,7030,100,24.0,17.8,83,0.435,0
47,2,0.501,98,18.4,7031,100,23.9,16.8,74,0.436,0
98,20,0.5,95,23.0,7032,100,24.4,20.1,70,0.437,0
92,15,0.512,92,26.3,7033,94,25.1,18.4,80,0.438,1
59,10,0.508,83,31.0,7034,90,27.0,21.9,109,0.438,0
7,3,0.505,81,29.9,7035,92,28.2,17.3,123,0.438,0
23,11,0.502,77,28.4,7036,90,29.5,15.5,133,0.438,0
93,23,0.514,77,32.4,7037,88,28.6,22.3,150,0.439,1
3,2,0.504,83,37.8,7038,95,27.5,16.9,163,0.439,1
4,13,0.501,79,29.2,7039,86,28.5,16.7,155,0.44,0
8,7,0.499,78,34.2,7040,100,28.6,21.0,149,0.44,0
28,15,0.498,75,30.6,7041,99,28.5,23.1,160,0.441,0
61,17,0.513,84,33.1,7042,100,27.1,25.3,176,0.441,1
14,9,0.508,89,28.1,7043,100,26.5,15.6,166,0.442,1
19,16,0.506,91,14.8,7044,99,26.3,15.4,135,0.443,0
5,37,0.504,86,19.8,7045,95,27.2,19.7,176,0.442,0
0,45,0.502,89,18.0,7046,99,26.8,15.2,151,0.442,0
1,60,0.501,91,12.2,7047,100,26.4,14.5,132,0.443,0
5,69,0.5,92,11.5,7048,100,26.1,11.7,127,0.443,0
13,22,0.499,93,11.5,7049,100,25.8,11.8,114,0.443,0
54,37,0.502,93,16.6,7050,76,25.2,16.4,103,0.443,1
33,39,0.507,94,15.8,7051,100,25.5,9.6,147,0.444,1
13,30,0.505,95,5.0,7052,93,25.4,8.9,153,0.444,0
1,19,0.503,95,6.1,7053,100,25.3,6.1,166,0.444,0
7,12,0.501,98,8.6,7054,23,24.9,5.6,83,0.445,0
13,11,0.5,99,11.5,7055,4,24.5,7.1,81,0.445,0
9,2,0.499,96,12.6,7056,82,24.9,6.8,73,0.445,0
0,10,0.49,89,10.1,7057,7,26.9,2.3,94,0.444,0
12,8,0.489,82,9.7,7058,23,28.3,0.4,207,0.444,0
5,1,0.487,75,14.4,7059,100,29.5,1.6,84,0.444,0
11,3,0.484,72,14.8,7060,100,30.4,3.2,56,0.444,0
8,4,0.481,69,15.5,7061,100,30.9,2.7,82,0.444,0
14,6,0.479,67,15.1,7062,100,31.3,1.8,186,0.444,0
21,6,0.477,68,18.7,7063,99,31.0,9.8,194,0.444,0
10,4,0.475,69,21.6,7064,79,30.5,12.0,196,0.444,0
5,7,0.473,69,20.9,7065,88,30.0,11.8,207,0.444,0
12,6,0.472,70,18.4,7066,98,29.5,10.3,199,0.444,0
0,10,0.472,78,13.0,7067,99,28.2,11.9,190,0.444,0
6,19,0.472,85,8.6,7068,100,27.5,10.2,198,0.444,0
8,16,0.464,84,6.1,7069,99,27.7,6.6,135,0.443,0
4,32,0.465,89,6.5,7070,100,27.0,5.4,160,0.443,0
4,12,0.465,84,9.4,7071,98,27.5,13.1,251,0.443,0
1,10,0.465,87,15.5,7072,100,26.6,18.3,276,0.443,0
19,23,0.465,91,18.7,7073,10,25.8,19.7,282,0.443,0
40,43,0.465,91,18.4,7074,60,25.4,16.7,284,0.443,0
7,11,0.465,90,14.8,7075,99,25.2,11.4,285,0.443,0
22,39,0.465,94,6.8,7076,91,24.9,3.1,353,0.443,0
40,22,0.47,92,7.2,7077,83,24.8,6.2,263,0.443,1
8,46,0.472,92,6.8,7078,65,24.6,6.3,307,0.443,1
7,13,0.472,94,7.6,7079,94,24.5,6.3,13,0.443,0
99,40,0.473,93,14.4,7080,100,24.9,11.7,3,0.443,0
2,13,0.486,83,17.6,7081,56,27.5,13.2,340,0.442,0
0,3,0.484,77,24.5,7082,69,28.8,16.0,343,0.442,0
0,1,0.481,71,25.9,7083,44,30.0,16.1,346,0.442,0
2,3,0.478,67,26.3,7084,5,31.0,13.7,346,0.442,0
14,6,0.474,65,24.1,7085,3,31.5,10.1,349,0.442,0
10,15,0.471,65,20.5,7086,4,31.9,8.5,2,0.441,0
10,9,0.468,64,21.2,7087,5,32.0,9.3,28,0.441,0
7,10,0.466,65,21.2,7088,72,31.9,5.8,9,0.441,0
17,8,0.464,66,16.2,7089,66,31.8,5.2,319,0.441,0
11,34,0.48,84,24.8,7090,71,27.2,17.8,228,0.441,1
5,16,0.479,89,26.3,7091,24,26.1,9.5,314,0.441,0
0,13,0.478,94,17.3,7092,100,25.6,17.9,298,0.441,0
7,14,0.487,89,10.1,7093,13,26.7,11.3,261,0.445,0
2,3,0.486,91,19.1,7094,1,26.3,20.4,278,0.445,0
1,1,0.485,92,19.1,7095,100,25.6,17.7,303,0.445,0
1,1,0.484,91,17.6,7096,29,25.2,19.0,307,0.445,0
0,14,0.483,91,17.6,7097,19,24.7,19.2,310,0.445,0
10,8,0.482,91,18.4,7098,8,24.5,21.3,324,0.445,0
2,3,0.481,91,18.4,7099,20,24.5,20.4,330,0.445,0
6,62,0.481,92,18.7,7100,96,24.3,17.5,348,0.445,0
1,27,0.491,95,19.1,7101,68,24.4,9.0,29,0.445,1
17,52,0.494,96,13.0,7102,46,24.0,11.4,337,0.445,1
17,29,0.503,95,13.3,7103,39,24.0,11.5,284,0.445,1
17,82,0.502,94,18.0,7104,85,24.1,14.1,325,0.445,1
0,16,0.494,91,13.0,7105,75,25.3,9.0,322,0.444,0
2,3,0.492,87,18.4,7106,0,26.7,11.0,308,0.444,0
3,5,0.489,77,20.2,7107,6,28.9,7.0,310,0.444,0
8,6,0.485,72,21.2,7108,34,30.1,4.9,356,0.444,0
9,9,0.482,73,22.0,7109,2,30.5,5.4,358,0.443,0
13,8,0.479,71,22.3,7110,18,30.8,4.7,320,0.443,0
95,11,0.476,72,23.8,7111,0,31.0,7.5,310,0.443,0
62,12,0.474,71,23.8,7112,0,31.1,8.2,331,0.443,0
100,21,0.473,73,22.7,7113,58,30.5,5.1,343,0.443,0
40,9,0.511,88,33.8,7114,54,25.5,8.6,22,0.443,1
5,12,0.505,88,12.6,7115,38,25.6,3.2,308,0.443,0
0,16,0.501,89,9.0,7116,98,25.4,9.7,304,0.443,0
2,33,0.472,88,5.4,7117,100,26.0,6.5,268,0.443,0
1,16,0.471,89,12.2,7118,100,25.9,13.0,289,0.443,0
1,2,0.471,88,12.2,7119,90,25.8,13.8,302,0.443,0
0,0,0.471,91,11.5,7120,99,25.2,13.9,321,0.443,0
0,1,0.471,93,9.4,7121,100,25.0,13.9,336,0.443,0
3,1,0.47,95,8.3,7122,98,24.7,12.7,339,0.443,0
0,1,0.47,95,7.6,7123,100,24.6,13.0,357,0.443,0
0,1,0.47,94,12.6,7124,88,24.8,17.3,5,0.443,0
0,2,0.47,94,13.3,7125,32,24.6,17.1,4,0.443,0
0,0,0.469,96,12.6,7126,0,24.4,14.5,6,0.443,0
12,0,0.469,97,9.7,7127,14,24.0,12.1,23,0.443,0
6,0,0.469,95,11.5,7128,15,25.0,13.1,56,0.443,0
0,0,0.466,83,13.7,7129,0,27.5,12.4,64,0.443,0
0,0,0.465,70,20.5,7130,0,29.2,13.3,80,0.443,0
1,1,0.462,61,23.4,7131,0,30.4,14.8,89,0.443,0
0,0,0.459,56,23.8,7132,16,31.2,12.5,86,0.443,0
0,3,0.456,54,22.0,7133,39,31.8,9.3,81,0.442,0
1,2,0.453,53,18.7,7134,22,32.2,5.5,77,0.442,0
3,4,0.45,52,14.8,7135,3,32.3,3.6,45,0.442,0
52,3,0.447,51,13.3,7136,0,32.8,6.4,18,0.442,0
34,27,0.445,55,13.7,7137,1,31.9,6.9,6,0.442,0
1,21,0.445,66,12.2,7138,0,30.6,8.8,341,0.442,0
3,8,0.445,73,9.7,7139,0,29.4,5.5,324,0.442,0
6,5,0.445,77,9.4,7140,0,28.4,12.4,256,0.442,0
0,8,0.448,85,3.6,7141,0,27.2,2.3,328,0.441,0
3,5,0.448,88,12.2,7142,3,26.8,14.7,305,0.441,0
17,6,0.448,83,19.4,7143,0,26.2,20.7,288,0.441,0
0,1,0.448,84,18.7,7144,3,25.7,19.3,302,0.441,0
2,0,0.448,88,17.6,7145,67,25.4,20.5,299,0.441,0
0,0,0.448,88,18.4,7146,88,25.2,21.6,311,0.441,0
0,0,0.448,88,18.7,7147,100,25.0,21.8,319,0.441,0
0,0,0.448,89,18.4,7148,90,24.9,20.1,321,0.441,0
0,1,0.448,89,15.5,7149,94,24.8,18.6,326,0.441,0
0,2,0.448,91,14.4,7150,59,24.5,17.0,328,0.441,0
0,0,0.448,93,12.6,7151,100,24.1,15.3,330,0.441,0
0,0,0.448,92,15.1,7152,91,24.9,16.8,319,0.441,0
0,0,0.442,84,17.3,7153,100,27.1,12.4,329,0.441,0
0,0,0.441,78,19.8,7154,100,28.8,11.4,327,0.441,0
10,3,0.439,71,21.6,7155,98,30.1,12.4,334,0.44,0
16,8,0.438,66,22.0,7156,84,31.0,12.3,331,0.44,0
17,17,0.436,64,24.1,7157,90,31.5,11.9,326,0.44,0
17,23,0.434,65,23.4,7158,91,31.5,8.8,319,0.44,0
6,18,0.431,65,20.9,7159,97,31.5,9.4,308,0.44,0
8,8,0.429,65,20.9,7160,99,31.6,9.2,313,0.439,0
9,9,0.428,64,19.4,7161,79,31.4,11.5,319,0.439,0
2,4,0.428,68,18.0,7162,90,30.8,11.5,318,0.439,0
2,2,0.428,76,12.6,7163,97,29.4,7.5,323,0.439,0
1,3,0.428,82,6.1,7164,91,28.4,4.2,245,0.439,0
0,0,0.425,74,5.0,7165,100,29.2,5.7,283,0.438,0
0,1,0.425,78,5.4,7166,100,28.5,6.7,267,0.438,0
1,0,0.426,85,7.9,7167,98,27.5,8.8,255,0.438,0
4,0,0.426,85,9.0,7168,100,27.5,15.2,246,0.438,0
5,18,0.427,83,18.0,7169,100,27.5,21.8,266,0.438,1
5,3,0.428,85,18.4,7170,100,26.6,20.4,279,0.438,0
0,8,0.428,86,16.2,7171,95,26.5,21.4,282,0.438,0
0,9,0.428,86,18.0,7172,93,26.1,23.3,288,0.438,0
0,4,0.428,86,19.8,7173,95,25.8,24.8,290,0.438,0
0,1,0.428,86,20.2,7174,0,25.5,24.5,291,0.438,0
0,0,0.428,86,19.8,7175,17,25.3,24.3,292,0.438,0
0,0,0.428,87,21.2,7176,80,25.6,24.7,293,0.438,0
0,0,0.424,80,23.0,7177,100,27.4,18.8,295,0.438,0
0,0,0.423,75,24.5,7178,7,29.0,16.8,297,0.438,0
0,0,0.421,70,25.9,7179,2,30.5,16.2,301,0.438,0
0,0,0.418,65,25.9,7180,5,31.6,13.7,305,0.437,0
7,8,0.416,61,24.5,7181,68,32.5,14.3,311,0.437,0
5,11,0.413,59,25.6,7182,8,32.9,15.3,321,0.437,0
10,16,0.411,58,25.2,7183,30,33.0,13.6,326,0.437,0
8,10,0.409,57,22.3,7184,22,33.0,12.7,324,0.436,0
3,8,0.407,58,20.2,7185,33,32.8,12.0,313,0.436,0
1,11,0.406,64,16.6,7186,92,32.0,12.6,296,0.436,0
2,9,0.406,74,11.5,7187,100,29.8,12.0,277,0.436,0
5,3,0.407,78,8.3,7188,100,29.1,12.1,263,0.436,0
0,1,0.406,83,7.2,7189,100,29.1,6.4,317,0.434,0
1,1,0.407,84,6.1,7190,100,28.6,6.3,275,0.434,0
0,2,0.407,81,10.1,7191,100,28.5,14.2,271,0.434,0
1,2,0.407,79,10.8,7192,94,28.3,17.8,273,0.434,0
10,17,0.407,78,16.6,7193,100,28.2,20.1,258,0.434,0
15,23,0.408,83,16.6,7194,8,27.5,15.4,252,0.434,0
8,30,0.408,82,14.8,7195,74,27.1,17.5,265,0.434,0
10,17,0.409,89,11.2,7196,50,26.6,10.8,272,0.434,0
0,10,0.409,85,9.7,7197,97,26.6,15.8,289,0.434,0
6,19,0.41,85,11.9,7198,100,26.5,17.4,283,0.434,0
1,3,0.41,84,16.6,7199,94,26.5,20.6,282,0.434,0
1,7,0.41,83,18.7,7200,94,26.9,21.3,284,0.434,0
0,0,0.395,76,26.3,7201,100,28.3,25.5,281,0.432,0
0,0,0.394,72,31.7,7202,100,29.8,24.0,289,0.432,0
0,0,0.393,70,32.4,7203,89,31.0,21.9,296,0.432,0
0,0,0.391,65,32.0,7204,95,32.2,21.0,294,0.432,0
1,2,0.388,63,32.4,7205,98,32.9,21.2,292,0.431,0
0,6,0.386,63,33.1,7206,72,33.2,20.8,296,0.431,0
3,11,0.384,63,32.4,7207,100,33.5,18.4,294,0.431,0
1,8,0.393,68,29.9,7208,100,32.2,13.4,297,0.431,1
6,4,0.46,81,23.4,7209,100,28.6,15.1,306,0.43,1
19,17,0.46,87,19.8,7210,100,27.9,17.6,6,0.43,0
1,0,0.46,88,23.4,7211,100,27.1,13.0,6,0.43,0
2,2,0.462,89,15.1,7212,100,26.6,10.7,33,0.43,1
0,2,0.372,79,9.0,7213,100,28.7,12.9,327,0.423,0
0,0,0.373,81,7.2,7214,100,28.4,12.1,312,0.423,0
1,0,0.373,80,8.6,7215,99,28.4,15.9,298,0.423,0
6,16,0.373,77,15.8,7216,100,28.9,21.8,293,0.423,0
32,40,0.374,77,20.9,7217,100,28.5,21.6,309,0.423,0
0,7,0.45,90,34.6,7218,100,25.6,20.6,328,0.423,1
5,25,0.449,91,19.4,7219,100,25.6,14.1,346,0.423,0
50,18,0.479,94,19.1,7220,100,25.2,17.8,68,0.423,1
67,18,0.492,94,28.8,7221,100,24.5,10.1,35,0.423,1
98,11,0.488,94,17.3,7222,100,24.5,14.1,75,0.423,0
12,38,0.485,92,14.8,7223,100,24.8,6.0,25,0.423,0
15,7,0.483,92,7.2,7224,100,24.9,4.8,15,0.423,0
11,28,0.501,86,18.0,7225,100,26.5,8.5,54,0.422,0
4,18,0.494,82,16.2,7226,11,27.5,8.3,76,0.422,0
24,1,0.488,77,24.1,7227,60,29.0,12.1,91,0.422,0
100,4,0.483,75,24.1,7228,7,29.6,6.9,96,0.422,0
100,4,0.48,74,19.8,7229,31,29.8,5.8,74,0.422,0
100,3,0.476,71,20.5,7230,7,30.6,7.3,33,0.421,0
100,19,0.473,71,20.9,7231,13,30.5,6.3,2,0.421,0
73,6,0.472,75,19.1,7232,23,29.7,6.7,124,0.421,1
11,8,0.497,82,22.3,7233,53,28.1,8.2,166,0.421,1
10,13,0.492,84,17.3,7234,50,28.0,11.1,196,0.421,0
18,21,0.49,86,16.6,7235,73,27.3,12.1,260,0.421,1
41,22,0.492,93,15.1,7236,73,26.0,10.3,282,0.421,1
13,10,0.456,88,13.7,7237,9,26.5,13.1,226,0.419,0
1,16,0.456,89,10.4,7238,1,26.4,11.3,234,0.419,0
12,13,0.456,91,16.6,7239,94,26.0,18.3,281,0.419,0
29,17,0.456,94,16.9,7240,58,25.4,11.8,343,0.419,0
15,46,0.457,91,17.3,7241,80,25.0,14.7,336,0.419,0
19,30,0.457,89,16.2,7242,86,24.8,2.5,21,0.419,0
5,13,0.457,94,7.6,7243,78,24.2,9.0,344,0.419,0
11,23,0.457,95,8.6,7244,90,24.0,9.4,328,0.419,0
4,9,0.457,95,7.2,7245,89,24.1,9.8,313,0.419,0
2,25,0.458,93,7.2,7246,94,24.4,5.1,306,0.419,0
0,8,0.457,97,5.8,7247,96,23.7,6.7,2,0.419,0
5,9,0.457,95,11.5,7248,46,24.5,11.1,7,0.419,0
3,16,0.462,81,11.9,7249,74,27.0,4.9,352,0.419,0
4,21,0.46,73,11.5,7250,89,28.9,3.3,311,0.418,0
2,20,0.458,68,13.3,7251,100,30.1,4.5,286,0.418,0
0,3,0.455,64,14.8,7252,72,31.1,4.7,344,0.418,0
4,7,0.452,62,15.8,7253,1,31.6,5.6,356,0.418,0
4,9,0.449,63,15.8,7254,11,31.8,3.8,11,0.418,0
12,8,0.446,64,14.8,7255,10,31.9,4.7,40,0.418,0
15,11,0.443,66,14.8,7256,3,31.2,3.3,99,0.417,0
9,16,0.446,71,19.4,7257,22,29.6,12.8,219,0.417,1
16,29,0.446,76,27.0,7258,47,28.0,16.3,234,0.417,0
16,23,0.446,81,19.4,7259,13,27.5,10.2,228,0.417,0
4,38,0.445,83,8.6,7260,0,27.2,12.3,249,0.417,0
14,26,0.499,89,19.8,7261,89,25.6,16.4,337,0.419,1
5,9,0.496,89,19.4,7262,1,26.0,1.5,166,0.419,1
13,2,0.492,95,5.8,7263,0,25.5,3.9,217,0.419,0
11,16,0.489,95,7.2,7264,6,25.5,7.5,262,0.419,0
17,38,0.486,95,17.6,7265,53,25.1,15.1,301,0.419,0
3,38,0.487,96,27.7,7266,40,24.0,20.9,312,0.419,1
0,3,0.488,96,19.8,7267,29,23.9,11.5,312,0.419,1
3,4,0.487,96,10.1,7268,78,23.9,11.2,312,0.419,1
0,38,0.485,96,9.4,7269,100,23.6,12.3,339,0.419,0
4,16,0.483,94,7.9,7270,100,24.0,4.9,354,0.419,0
0,24,0.481,96,4.7,7271,100,23.6,3.7,331,0.419,0
0,8,0.48,94,8.3,7272,100,24.4,6.0,10,0.419,0
7,31,0.472,84,16.6,7273,34,26.2,11.9,14,0.419,0
2,26,0.471,77,16.2,7274,3,27.6,6.9,51,0.419,0
0,11,0.468,73,15.1,7275,14,29.5,2.1,75,0.418,0
2,2,0.465,71,13.3,7276,9,30.4,2.0,207,0.418,0
0,9,0.462,72,16.9,7277,7,30.8,4.8,202,0.418,0
0,3,0.459,69,16.9,7278,11,31.1,5.6,202,0.418,0
2,4,0.456,70,16.6,7279,6,31.0,5.7,204,0.418,0
3,13,0.454,75,20.5,7280,65,30.0,11.2,184,0.417,0
0,74,0.463,79,20.9,7281,84,28.1,5.6,248,0.417,1
0,40,0.463,81,12.6,7282,91,28.1,7.7,254,0.417,0
4,16,0.462,88,12.2,7283,52,27.0,5.4,256,0.417,0
6,17,0.462,91,8.3,7284,29,26.5,5.2,301,0.417,0
0,3,0.439,88,13.7,7285,98,26.2,10.8,21,0.414,0
0,9,0.439,87,13.3,7286,100,25.8,11.0,48,0.414,0
0,10,0.439,86,11.9,7287,3,25.5,10.3,44,0.414,0
1,1,0.439,90,9.4,7288,1,25.2,8.5,66,0.414,0
2,0,0.438,93,7.9,7289,70,25.0,8.8,62,0.414,0
2,0,0.438,95,8.3,7290,81,24.8,8.7,42,0.414,0
1,5,0.438,96,8.3,7291,95,24.5,7.6,360,0.414,0
0,10,0.438,96,9.4,7292,100,24.2,8.6,350,0.414,0
1,1,0.438,96,8.6,7293,95,24.1,8.0,344,0.414,0
1,1,0.438,97,6.5,7294,92,23.8,6.2,8,0.414,0
1,0,0.438,97,5.4,7295,92,23.8,5.1,343,0.414,0
3,0,0.437,95,11.5,7296,92,24.5,8.6,330,0.414,0
0,0,0.433,81,9.7,7297,98,27.4,2.8,325,0.415,0
0,0,0.432,74,13.7,7298,89,29.0,5.6,303,0.414,0
1,0,0.429,68,18.7,7299,93,30.1,8.2,303,0.414,0
6,7,0.427,65,20.5,7300,91,30.9,9.1,311,0.414,0
5,4,0.424,64,20.9,7301,86,31.6,8.8,313,0.414,0
9,4,0.421,63,21.2,7302,96,31.9,9.0,308,0.414,0
4,9,0.419,64,21.2,7303,95,32.0,8.7,307,0.413,0
8,7,0.416,64,20.2,7304,96,31.9,6.2,311,0.413,0
7,8,0.415,64,15.1,7305,79,31.7,4.3,312,0.413,0
12,11,0.414,65,10.8,7306,80,31.1,3.6,288,0.413,0
16,42,0.414,77,12.6,7307,34,29.1,11.1,227,0.413,0
15,81,0.424,81,16.6,7308,12,27.5,18.0,249,0.413,1
13,55,0.423,84,16.2,7309,23,27.2,8.0,115,0.413,1
0,58,0.424,87,9.0,7310,14,26.8,5.5,281,0.413,0
0,97,0.424,90,11.5,7311,93,25.9,6.6,344,0.413,0
6,26,0.424,90,7.9,7312,99,26.0,2.9,270,0.413,0
0,16,0.424,91,2.5,7313,91,26.0,3.1,267,0.413,0
1,8,0.424,95,2.5,7314,87,25.5,2.9,281,0.413,0
2,2,0.424,96,4.7,7315,8,25.0,6.5,294,0.413,0
0,2,0.424,94,5.8,7316,67,25.1,8.8,298,0.413,0
0,4,0.424,92,6.5,7317,92,25.0,9.7,304,0.413,0
0,0,0.424,92,7.9,7318,75,24.7,10.2,302,0.413,0
0,0,0.424,92,7.2,7319,74,24.5,9.6,307,0.413,0
0,1,0.424,87,9.7,7320,89,25.7,11.4,303,0.413,0
0,3,0.432,78,13.7,7321,94,27.9,10.6,296,0.41,0
0,4,0.43,73,17.3,7322,71,29.4,9.6,300,0.41,0
0,0,0.428,68,19.4,7323,86,30.8,10.2,306,0.41,0
0,2,0.425,63,19.4,7324,81,31.8,8.2,311,0.41,0
5,3,0.422,62,18.4,7325,4,32.2,7.4,321,0.41,0
2,6,0.419,63,19.4,7326,33,32.2,8.8,329,0.409,0
1,4,0.417,63,20.2,7327,82,32.4,10.0,334,0.409,0
1,9,0.415,64,19.8,7328,72,32.2,4.9,10,0.409,0
5,9,0.414,66,15.5,7329,96,31.6,6.4,52,0.409,0
87,9,0.499,83,20.2,7330,100,26.9,11.5,98,0.409,1
5,8,0.493,86,16.9,7331,98,26.5,10.2,291,0.409,0
5,16,0.488,88,14.4,7332,92,25.9,5.1,280,0.409,0
3,15,0.479,90,5.0,7333,93,27.0,4.8,233,0.407,0
6,20,0.488,90,9.0,7334,64,26.7,5.2,4,0.407,1
0,28,0.507,92,15.1,7335,22,25.9,5.6,75,0.407,1
2,10,0.499,92,5.8,7336,98,26.0,7.4,22,0.407,0
3,5,0.494,94,6.5,7337,67,25.5,8.7,50,0.407,0
3,4,0.49,96,6.5,7338,95,25.1,7.6,34,0.407,0
7,7,0.487,96,6.5,7339,100,25.0,7.0,42,0.407,0
7,12,0.484,98,6.8,7340,100,24.9,8.4,47,0.407,0
6,10,0.482,99,6.8,7341,71,24.9,8.1,35,0.407,0
5,3,0.48,98,6.5,7342,85,24.9,4.8,13,0.407,0
13,33,0.478,99,9.0,7343,96,24.9,11.0,341,0.407,0
5,23,0.48,93,25.6,7344,99,25.0,17.1,353,0.407,1
0,1,0.468,89,17.3,7345,93,26.9,10.6,336,0.407,0
0,0,0.466,80,16.9,7346,100,28.6,8.1,17,0.407,0
15,5,0.464,70,22.3,7347,99,30.2,13.6,51,0.406,0
0,0,0.461,52,28.8,7348,100,31.6,20.1,60,0.406,0
0,0,0.456,45,37.4,7349,78,31.6,27.5,64,0.406,0
0,0,0.452,47,40.0,7350,72,31.7,29.6,66,0.406,0
0,0,0.448,51,40.0,7351,96,31.7,24.4,59,0.406,0
3,0,0.445,54,33.8,7352,99,31.8,19.4,54,0.405,0
4,0,0.442,54,27.4,7353,99,31.4,17.6,63,0.405,0
1,3,0.441,59,22.3,7354,100,30.0,23.4,88,0.405,0
0,5,0.44,60,23.0,7355,92,28.4,25.4,88,0.405,0
0,0,0.44,64,20.9,7356,59,27.7,24.0,87,0.405,0
0,0,0.44,62,16.6,7357,100,27.5,23.4,65,0.406,0
0,0,0.439,63,18.4,7358,98,27.0,24.6,57,0.406,0
0,0,0.439,66,18.4,7359,90,26.2,22.7,59,0.406,0
0,0,0.439,69,15.8,7360,81,25.7,21.0,51,0.406,0
0,0,0.438,71,15.5,7361,98,25.2,20.5,45,0.406,0
0,0,0.438,74,14.8,7362,100,24.9,20.5,45,0.406,0
0,0,0.438,74,15.5,7363,100,24.9,21.9,56,0.406,0
0,1,0.437,75,15.5,7364,99,24.8,21.4,63,0.406,0
1,2,0.437,76,15.8,7365,100,24.7,22.0,67,0.406,0
3,16,0.437,76,16.6,7366,98,24.5,21.6,69,0.406,0
6,16,0.437,75,15.5,7367,96,24.5,20.0,72,0.406,0
6,23,0.436,75,15.5,7368,99,24.9,19.6,73,0.406,0
6,52,0.437,71,14.4,7369,100,26.3,10.4,53,0.408,0
4,1,0.435,66,17.6,7370,100,27.6,10.1,43,0.408,0
2,1,0.433,62,20.2,7371,80,28.8,10.9,39,0.407,0
5,5,0.43,59,21.6,7372,16,29.8,11.5,40,0.407,0
1,0,0.427,57,22.7,7373,9,30.5,12.6,42,0.407,0
1,0,0.424,55,23.4,7374,0,31.1,13.4,46,0.407,0
11,0,0.42,54,25.2,7375,44,31.5,15.7,48,0.407,0
15,9,0.418,52,25.6,7376,27,31.5,14.9,48,0.406,0
52,51,0.416,53,22.7,7377,48,31.2,14.2,41,0.406,0
8,6,0.415,61,18.7,7378,85,30.0,14.8,33,0.406,0
4,3,0.415,68,13.0,7379,59,28.2,14.1,43,0.406,0
15,4,0.415,74,9.0,7380,68,27.5,13.8,59,0.406,0
1,8,0.413,72,8.3,7381,55,27.3,11.8,24,0.406,0
0,2,0.413,76,7.9,7382,69,26.6,12.1,17,0.406,0
0,0,0.413,80,10.4,7383,56,26.1,14.0,20,0.406,0
4,2,0.413,87,9.4,7384,2,25.2,10.3,52,0.406,0
13,5,0.413,88,7.9,7385,10,25.0,12.2,73,0.406,0
5,6,0.413,80,9.0,7386,99,25.6,17.4,68,0.406,0
9,20,0.413,76,13.0,7387,69,25.5,19.6,61,0.406,0
6,12,0.413,78,13.0,7388,60,25.0,18.2,56,0.406,0
5,10,0.413,78,11.9,7389,22,24.9,18.0,56,0.406,0
5,15,0.413,78,12.6,7390,86,24.8,19.1,57,0.406,0
3,22,0.413,77,15.1,7391,96,24.6,21.4,66,0.406,0
0,2,0.413,77,18.4,7392,99,25.2,21.6,66,0.406,0
2,0,0.414,76,17.3,7393,100,26.8,11.5,20,0.407,0
0,0,0.412,69,20.9,7394,100,28.1,12.7,35,0.407,0
0,0,0.41,63,23.4,7395,28,29.4,13.9,43,0.407,0
0,0,0.408,61,24.5,7396,15,30.3,14.0,45,0.407,0
11,11,0.405,57,27.0,7397,1,31.0,16.4,58,0.407,0
13,11,0.403,55,28.1,7398,3,31.5,18.0,66,0.406,0
8,7,0.401,56,29.2,7399,28,31.5,18.4,61,0.406,0
13,12,0.399,57,28.1,7400,100,31.4,16.1,61,0.406,0
37,50,0.403,62,24.1,7401,95,30.2,13.4,63,0.406,1
28,23,0.403,67,18.7,7402,82,29.8,12.1,62,0.406,0
1,18,0.404,75,14.0,7403,90,28.0,12.3,52,0.406,0
5,15,0.404,86,9.4,7404,100,26.9,7.7,39,0.406,0
5,6,0.387,81,9.7,7405,100,27.0,13.0,357,0.405,0
7,11,0.387,80,16.6,7406,100,26.8,20.4,18,0.405,0
18,33,0.387,78,18.0,7407,100,26.5,20.0,36,0.405,0
0,22,0.387,83,27.0,7408,99,25.2,25.4,49,0.405,0
0,46,0.388,86,27.4,7409,99,24.5,19.4,43,0.405,0
10,16,0.388,89,16.2,7410,100,24.4,18.3,6,0.405,0
6,11,0.389,89,17.6,7411,77,24.5,20.4,4,0.405,0
2,15,0.389,90,17.6,7412,94,24.2,18.4,12,0.405,0
11,11,0.389,91,15.5,7413,99,24.1,16.8,21,0.405,0
10,10,0.389,91,12.6,7414,100,24.0,15.5,27,0.405,0
11,22,0.389,91,10.8,7415,100,23.9,12.2,28,0.405,0
17,1,0.389,88,11.2,7416,100,24.7,10.3,25,0.405,0
12,10,0.384,78,15.5,7417,97,26.4,9.9,52,0.405,0
6,24,0.383,70,27.7,7418,100,27.9,20.4,55,0.404,0
21,19,0.382,68,32.4,7419,100,28.7,23.5,55,0.404,0
17,16,0.38,65,35.6,7420,100,29.5,22.8,61,0.404,0
51,31,0.378,62,36.7,7421,100,30.0,25.5,64,0.404,0
73,4,0.377,65,36.4,7422,100,29.6,24.7,67,0.404,0
99,9,0.376,66,36.4,7423,100,29.7,20.1,70,0.404,0
37,62,0.378,77,35.6,7424,100,27.2,25.8,65,0.404,1
3,34,0.379,79,33.8,7425,99,27.0,8.5,66,0.404,1
4,7,0.379,80,14.4,7426,100,27.2,10.1,47,0.404,0
12,17,0.379,86,14.0,7427,100,26.5,11.1,39,0.404,0
10,11,0.379,87,10.4,7428,100,26.2,12.6,47,0.404,0
7,17,0.384,87,13.7,7429,1,25.1,14.4,1,0.404,0
2,100,0.384,88,15.8,7430,12,25.0,17.2,353,0.404,0
3,100,0.384,87,16.2,7431,0,25.2,18.8,345,0.404,0
10,100,0.384,86,17.3,7432,40,25.4,19.7,345,0.404,0
4,100,0.384,85,20.2,7433,39,25.1,20.4,348,0.404,0
5,100,0.384,86,19.4,7434,100,25.0,19.5,355,0.404,0
6,100,0.384,86,18.0,7435,93,24.8,19.4,347,0.404,0
14,86,0.385,86,18.4,7436,99,24.6,19.6,350,0.404,1
4,95,0.386,87,18.4,7437,82,24.5,18.7,2,0.404,0
67,21,0.386,87,16.6,7438,97,24.4,17.0,6,0.404,0
28,33,0.386,86,14.4,7439,56,24.2,16.7,17,0.404,0
18,16,0.386,86,13.3,7440,94,24.6,13.2,31,0.404,0
2,27,0.388,82,13.3,7441,100,26.0,7.1,52,0.404,0
2,33,0.388,76,15.8,7442,100,27.2,9.4,73,0.404,0
8,0,0.387,72,20.5,7443,100,28.0,13.9,59,0.404,0
6,3,0.386,67,30.2,7444,100,29.1,19.7,63,0.404,0
26,13,0.384,65,33.8,7445,100,29.4,24.2,72,0.404,0
25,10,0.383,65,33.8,7446,100,29.6,20.2,72,0.404,0
54,28,0.383,65,32.0,7447,81,29.6,20.4,70,0.403,1
5,12,0.383,69,31.0,7448,5,29.0,13.9,59,0.403,0
12,14,0.382,69,25.9,7449,32,29.1,14.7,65,0.403,0
8,23,0.382,71,24.8,7450,92,28.7,12.8,55,0.403,0
4,19,0.382,77,17.6,7451,100,27.5,13.4,33,0.403,0
6,86,0.382,84,10.4,7452,60,26.7,11.6,18,0.403,0
5,37,0.375,80,12.2,7453,83,26.6,15.2,11,0.403,0
3,32,0.375,83,12.2,7454,10,26.2,15.7,343,0.403,0
18,95,0.379,86,14.0,7455,15,25.8,12.5,337,0.403,1
11,82,0.379,87,16.6,7456,2,25.5,15.7,330,0.403,0
8,97,0.379,88,14.8,7457,21,25.1,16.7,338,0.403,0
1,100,0.379,88,13.7,7458,45,25.0,14.9,352,0.403,0
15,88,0.379,88,11.9,7459,97,25.0,10.5,357,0.403,0
19,93,0.381,91,11.5,7460,100,24.6,8.7,320,0.403,1
25,100,0.381,91,10.1,7461,100,24.5,8.0,320,0.403,0
27,100,0.381,92,10.4,7462,86,24.4,6.3,345,0.403,0
12,97,0.381,92,9.0,7463,79,24.4,11.0,52,0.403,0
10,100,0.381,81,13.3,7464,99,25.2,17.3,75,0.403,0
5,85,0.443,81,11.9,7465,78,26.2,8.0,74,0.402,0
4,80,0.442,74,18.0,7466,66,27.2,10.7,68,0.402,0
2,17,0.439,69,24.8,7467,4,28.4,16.1,65,0.402,0
0,29,0.436,64,28.4,7468,9,29.8,17.8,68,0.402,0
5,1,0.432,61,36.7,7469,0,30.6,17.3,65,0.402,0
68,12,0.429,60,37.1,7470,0,31.2,20.6,76,0.402,0
100,14,0.426,60,34.9,7471,0,30.8,20.0,81,0.401,0
76,29,0.424,61,32.0,7472,0,30.6,17.7,81,0.401,0
4,4,0.426,63,32.0,7473,0,30.5,15.6,82,0.401,1
8,15,0.426,68,27.4,7474,0,29.9,12.4,64,0.401,0
21,71,0.43,82,18.4,7475,29,27.2,8.2,57,0.401,1
26,99,0.432,87,12.6,7476,53,26.0,7.9,210,0.401,1
0,100,0.417,76,11.2,7477,14,27.6,11.7,17,0.4,0
8,36,0.417,78,10.8,7478,1,27.3,12.8,26,0.4,0
8,27,0.416,80,11.2,7479,0,26.8,14.8,26,0.4,0
8,10,0.416,79,12.6,7480,27,26.5,16.3,33,0.4,0
3,4,0.416,82,13.0,7481,33,26.1,18.2,28,0.4,0
14,21,0.415,86,15.1,7482,61,25.6,17.7,9,0.4,0
10,11,0.415,90,13.3,7483,55,25.2,16.6,13,0.4,0
12,10,0.415,91,11.9,7484,75,25.0,13.2,31,0.4,0
13,13,0.415,94,9.4,7485,92,24.5,10.9,51,0.4,0
11,8,0.415,93,7.2,7486,90,24.2,13.0,65,0.4,0
10,14,0.414,91,7.6,7487,85,23.9,12.3,68,0.4,0
7,2,0.414,85,10.8,7488,91,24.8,13.2,68,0.4,0
7,3,0.41,72,17.3,7489,98,26.6,12.5,58,0.398,0
9,0,0.409,67,22.7,7490,98,27.9,14.2,58,0.398,0
11,2,0.407,63,23.8,7491,99,29.0,14.1,52,0.398,0
10,1,0.404,61,25.6,7492,99,29.9,15.3,56,0.397,0
17,16,0.401,57,31.0,7493,96,30.8,20.0,74,0.397,0
16,20,0.4,54,31.3,7494,79,31.4,19.9,80,0.397,1
18,26,0.399,54,30.2,7495,16,31.6,18.0,86,0.397,1
16,24,0.399,56,27.7,7496,3,31.1,16.1,86,0.397,1
11,21,0.398,58,24.8,7497,0,30.5,18.4,69,0.397,0
4,12,0.397,65,24.5,7498,0,29.5,12.1,47,0.396,0
14,15,0.396,74,11.5,7499,0,27.8,10.8,18,0.396,0
14,36,0.397,85,8.6,7500,1,26.9,9.4,31,0.396,0
12,15,0.387,79,11.2,7501,45,27.1,13.1,13,0.395,0
12,24,0.387,81,11.9,7502,76,26.7,10.6,15,0.395,0
17,25,0.387,84,7.6,7503,99,26.2,7.6,359,0.395,0
5,17,0.387,86,7.9,7504,100,26.0,8.9,353,0.395,0
12,20,0.387,88,8.3,7505,98,25.5,11.8,353,0.395,0
19,17,0.387,89,8.3,7506,70,25.1,12.3,357,0.395,0
20,17,0.387,90,9.0,7507,99,25.0,11.7,356,0.395,0
10,3,0.387,91,10.4,7508,99,24.7,13.0,355,0.395,0
0,0,0.386,92,10.8,7509,99,24.4,13.0,24,0.395,0
0,0,0.386,90,10.4,7510,98,24.4,17.3,67,0.395,0
0,0,0.386,86,10.8,7511,100,24.2,15.4,71,0.395,0
2,0,0.386,84,9.0,7512,100,24.9,10.5,59,0.395,0
3,0,0.387,75,14.8,7513,100,26.2,9.4,349,0.394,0
0,0,0.386,69,16.6,7514,99,27.5,7.6,348,0.394,0
0,0,0.384,66,17.6,7515,97,28.7,7.6,353,0.394,0
0,0,0.382,63,17.6,7516,10,29.8,7.0,3,0.394,0
2,0,0.379,59,19.4,7517,3,30.8,8.8,19,0.394,0
19,9,0.376,56,21.2,7518,0,31.5,11.1,40,0.393,0
3,13,0.374,55,22.0,7519,0,31.5,12.4,40,0.393,0
0,11,0.372,55,22.7,7520,0,31.5,13.6,29,0.393,0
1,12,0.37,55,22.7,7521,0,31.0,14.4,16,0.393,0
0,14,0.37,60,21.6,7522,4,30.1,17.8,357,0.393,0
0,7,0.369,65,19.8,7523,0,28.6,17.4,353,0.393,0
9,12,0.369,73,14.4,7524,0,27.5,11.8,20,0.393,0
11,0,0.37,69,13.3,7525,70,27.5,18.6,8,0.393,0
0,0,0.37,69,16.9,7526,69,27.1,21.9,354,0.393,0
0,0,0.37,69,19.8,7527,50,26.5,23.4,358,0.393,0
0,1,0.37,71,19.8,7528,47,26.0,22.2,8,0.393,0
0,0,0.37,74,18.0,7529,31,25.5,18.6,17,0.393,0
0,0,0.37,77,14.0,7530,84,24.9,14.3,17,0.393,0
0,0,0.37,80,10.8,7531,88,24.4,13.9,357,0.392,0
0,0,0.369,83,10.8,7532,11,23.9,14.7,349,0.392,0
0,0,0.369,85,10.1,7533,12,23.5,14.6,355,0.392,0
0,0,0.369,86,9.0,7534,1,23.2,14.4,360,0.392,0
0,2,0.369,87,8.3,7535,54,23.0,14.1,4,0.392,0
0,0,0.369,83,11.5,7536,84,24.0,14.6,9,0.392,0
0,0,0.373,70,14.0,7537,95,26.1,10.5,7,0.393,0
0,0,0.372,63,19.8,7538,6,27.8,11.9,357,0.393,0
0,0,0.37,59,22.0,7539,15,29.1,12.0,351,0.393,0
0,0,0.368,56,22.0,7540,7,30.2,10.4,360,0.393,0
0,0,0.365,53,20.9,7541,51,31.0,8.6,15,0.393,0
0,0,0.362,51,19.1,7542,18,31.7,7.5,44,0.392,0
0,0,0.36,49,17.6,7543,0,32.0,7.2,51,0.392,0
2,0,0.358,48,18.0,7544,58,32.0,9.7,35,0.392,0
1,0,0.356,49,21.6,7545,100,31.6,14.9,30,0.392,0
0,2,0.356,53,22.3,7546,16,30.5,18.4,25,0.392,0
0,0,0.355,58,19.4,7547,0,29.1,17.7,25,0.392,0
1,0,0.355,64,14.0,7548,0,28.1,13.6,46,0.392,0
1,1,0.355,62,10.4,7549,22,28.0,14.4,29,0.391,0
2,1,0.355,65,12.2,7550,0,27.5,15.0,3,0.391,0
0,0,0.355,68,15.1,7551,1,26.8,17.8,347,0.391,0
0,0,0.355,75,14.0,7552,3,25.6,12.8,3,0.391,0
0,1,0.355,82,8.3,7553,5,24.9,5.9,35,0.391,0
0,1,0.355,84,6.1,7554,10,24.2,4.5,56,0.391,0
0,0,0.355,87,5.0,7555,39,23.6,4.1,67,0.391,0
0,0,0.355,88,4.7,7556,93,23.4,5.0,77,0.391,0
0,0,0.355,87,5.4,7557,94,23.1,5.9,45,0.391,0
0,0,0.355,86,6.8,7558,8,22.9,7.1,27,0.391,0
0,0,0.355,84,7.2,7559,25,22.6,7.3,20,0.391,0
0,0,0.355,80,10.4,7560,9,23.5,7.1,27,0.391,0
0,0,0.357,73,13.0,7561,3,26.0,7.0,12,0.391,0
0,0,0.356,62,13.3,7562,15,28.4,5.5,23,0.391,0
0,0,0.354,58,16.2,7563,66,29.9,7.1,45,0.391,0
0,0,0.352,54,19.8,7564,49,31.1,9.7,43,0.39,0
0,0,0.35,52,20.5,7565,28,31.8,10.0,30,0.39,0
0,0,0.347,50,22.0,7566,41,32.3,11.4,21,0.39,0
5,2,0.345,48,22.3,7567,90,32.5,12.0,18,0.39,0
25,0,0.343,48,22.0,7568,2,32.7,12.7,23,0.389,0
8,0,0.342,48,23.4,7569,2,32.1,16.3,23,0.389,0
3,0,0.341,52,23.4,7570,14,30.9,18.6,18,0.389,0
1,0,0.341,56,18.7,7571,17,29.3,16.1,11,0.389,0
1,1,0.341,61,11.2,7572,98,28.4,13.5,358,0.389,0
15,26,0.34,64,9.4,7573,88,27.9,14.4,20,0.388,0
14,2,0.34,62,15.5,7574,86,28.2,20.5,2,0.388,0
0,0,0.339,65,17.6,7575,75,27.5,22.0,352,0.388,0
0,0,0.339,68,17.3,7576,84,26.9,20.2,344,0.388,0
0,0,0.339,71,15.1,7577,81,26.2,18.8,346,0.388,0
0,0,0.339,75,14.8,7578,83,25.5,15.8,349,0.388,0
0,0,0.339,78,13.0,7579,44,24.9,15.2,354,0.388,0
0,0,0.339,80,13.7,7580,86,24.5,17.2,355,0.388,0
0,0,0.339,81,13.7,7581,89,24.2,17.3,357,0.388,0
0,0,0.339,82,13.0,7582,94,24.0,17.7,2,0.388,0
0,0,0.339,82,13.0,7583,97,23.9,17.4,6,0.388,0
0,0,0.339,81,15.5,7584,99,24.4,17.5,10,0.388,0
0,0,0.338,75,19.4,7585,79,26.6,18.7,7,0.388,0
0,0,0.338,65,22.3,7586,95,28.9,13.8,7,0.387,0
0,0,0.336,59,23.4,7587,86,30.3,12.9,16,0.387,0
0,0,0.334,54,23.4,7588,93,31.4,12.0,18,0.387,0
20,0,0.332,52,22.7,7589,97,32.2,11.6,13,0.387,0
14,0,0.331,51,22.7,7590,92,32.6,11.6,26,0.386,0
25,0,0.329,49,23.8,7591,14,32.8,13.6,43,0.386,0
26,6,0.327,49,23.8,7592,14,32.5,13.2,34,0.386,0
2,16,0.326,48,21.6,7593,9,32.4,11.1,16,0.386,0
6,4,0.326,54,16.6,7594,8,31.6,10.8,5,0.386,0
11,12,0.325,61,10.8,7595,25,29.6,12.9,18,0.386,0
23,26,0.325,67,9.4,7596,1,28.6,12.5,20,0.386,0
9,5,0.235,75,7.2,7597,92,29.6,10.5,276,0.339,0
0,3,0.238,75,8.3,7598,26,28.6,10.4,306,0.339,0
0,1,0.241,75,8.3,7599,84,28.1,8.4,345,0.339,0
0,1,0.244,74,8.3,7600,93,27.7,8.5,342,0.339,0
1,1,0.246,73,13.7,7601,100,27.4,15.6,326,0.339,0
4,0,0.248,75,14.4,7602,99,26.8,16.2,339,0.339,0
0,0,0.25,77,11.9,7603,100,26.4,15.5,357,0.339,0
0,0,0.252,77,11.9,7604,100,26.3,16.6,360,0.339,0
0,0,0.254,77,11.9,7605,40,26.1,15.9,354,0.339,0
0,0,0.256,79,11.9,7606,0,25.7,15.7,347,0.339,0
0,0,0.258,81,13.0,7607,5,25.4,16.2,348,0.339,0
1,0,0.26,81,13.3,7608,0,25.7,15.6,353,0.339,0
0,0,0.27,76,13.7,7609,1,27.9,10.6,1,0.339,0
0,0,0.27,69,17.3,7610,0,29.8,8.8,19,0.339,0
0,0,0.269,60,18.7,7611,0,31.4,8.6,30,0.339,0
19,0,0.266,53,18.7,7612,0,32.7,7.7,49,0.339,0
6,8,0.262,50,19.8,7613,0,33.5,8.1,58,0.34,0
0,21,0.258,47,20.2,7614,0,34.0,7.0,77,0.34,0
2,16,0.255,47,18.0,7615,0,34.0,5.1,129,0.34,0
0,7,0.252,48,15.1,7616,0,33.8,5.7,171,0.34,0
0,12,0.25,50,14.4,7617,1,33.6,6.7,188,0.34,0
0,27,0.25,60,16.9,7618,1,32.0,12.0,196,0.34,0
2,18,0.251,69,15.8,7619,0,30.2,14.3,216,0.34,0
2,21,0.252,72,11.5,7620,1,29.7,11.0,251,0.34,0
2,7,0.271,74,8.6,7621,26,29.5,10.9,286,0.34,0
2,0,0.274,76,7.9,7622,78,29.1,10.9,303,0.34,0
10,14,0.276,74,11.9,7623,96,28.9,15.3,312,0.34,0
5,30,0.278,74,11.9,7624,100,28.5,15.0,355,0.34,0
0,31,0.28,76,14.0,7625,98,28.1,15.4,33,0.34,0
3,27,0.282,78,10.4,7626,83,28.0,10.0,75,0.34,0
9,23,0.285,78,11.5,7627,9,27.4,12.4,114,0.34,0
0,17,0.287,77,8.3,7628,80,27.4,2.9,60,0.34,0
0,10,0.289,79,1.1,7629,48,27.1,2.9,356,0.34,0
2,3,0.291,80,2.2,7630,19,26.8,6.7,346,0.34,0
2,1,0.293,82,3.2,7631,26,26.5,8.1,343,0.34,0
2,0,0.295,82,6.5,7632,21,26.9,9.0,360,0.34,0
0,5,0.299,77,15.1,7633,2,28.5,9.9,10,0.34,0
3,6,0.298,71,16.6,7634,22,30.0,8.0,6,0.34,0
2,16,0.296,65,18.7,7635,26,31.5,7.8,48,0.34,0
7,10,0.293,61,23.4,7636,21,32.5,9.9,57,0.34,0
12,16,0.289,57,26.3,7637,16,33.2,9.1,68,0.34,0
28,23,0.285,57,24.1,7638,13,33.4,4.7,81,0.34,0
76,74,0.295,57,23.0,7639,32,32.9,10.4,108,0.34,1
8,66,0.323,72,30.6,7640,28,29.9,11.4,129,0.341,1
8,27,0.323,65,17.3,7641,50,31.3,4.3,33,0.341,0
0,16,0.322,67,11.2,7642,94,31.0,6.9,37,0.341,0
30,35,0.325,69,9.4,7643,98,30.3,10.3,94,0.341,1
0,15,0.326,76,15.8,7644,99,28.8,13.5,99,0.341,0
7,49,0.336,83,7.6,7645,100,28.1,7.4,91,0.341,1
4,19,0.337,85,6.1,7646,99,28.1,5.6,97,0.341,0
25,42,0.352,88,5.0,7647,99,27.5,5.1,113,0.341,1
0,12,0.421,93,5.0,7648,98,26.5,3.5,129,0.341,1
16,16,0.422,95,10.1,7649,100,26.2,8.9,13,0.341,0
27,22,0.423,96,10.4,7650,100,26.0,8.0,293,0.341,0
10,14,0.424,97,9.4,7651,99,25.8,8.9,294,0.341,0
14,29,0.424,96,10.4,7652,99,25.5,9.6,290,0.341,0
24,22,0.424,96,11.2,7653,100,25.2,8.9,310,0.341,0
14,23,0.425,96,8.3,7654,100,25.0,8.0,320,0.341,0
100,21,0.447,99,10.8,7655,100,24.5,7.4,326,0.341,1
15,12,0.457,97,12.6,7656,99,24.5,7.0,337,0.341,1
10,12,0.345,93,10.8,7657,100,26.0,2.7,298,0.341,1
37,9,0.345,86,10.4,7658,100,27.2,1.3,56,0.341,0
100,0,0.343,79,14.0,7659,100,29.1,1.5,104,0.341,0
92,4,0.341,77,13.3,7660,100,29.8,1.8,84,0.341,0
21,3,0.336,73,14.8,7661,100,30.9,2.4,103,0.341,0
12,13,0.331,67,16.9,7662,100,31.8,4.9,141,0.341,0
0,8,0.326,66,19.8,7663,100,31.8,7.8,154,0.341,0
0,17,0.334,71,21.6,7664,100,30.9,8.5,152,0.341,1
1,8,0.332,69,18.0,7665,100,30.8,7.6,142,0.341,0
0,4,0.331,74,15.8,7666,100,29.8,8.3,160,0.341,0
0,2,0.331,83,12.2,7667,100,28.6,9.0,170,0.341,0
0,1,0.331,86,7.9,7668,100,28.2,7.6,183,0.341,0
1,2,0.375,84,2.5,7669,100,28.4,4.4,171,0.341,0
18,3,0.375,85,5.4,7670,100,28.0,5.8,254,0.341,0
5,3,0.376,87,6.8,7671,97,27.7,7.7,279,0.341,0
0,0,0.376,90,6.8,7672,98,27.1,7.8,299,0.341,0
5,0,0.376,93,7.9,7673,96,26.8,8.9,306,0.341,0
3,1,0.376,95,8.3,7674,67,26.2,7.2,305,0.341,0
5,1,0.376,95,4.7,7675,95,26.2,3.3,319,0.341,0
5,3,0.377,95,1.4,7676,90,26.0,2.2,336,0.341,0
3,0,0.377,97,1.8,7677,14,25.9,2.5,4,0.341,0
1,0,0.377,97,2.9,7678,42,25.8,3.7,14,0.341,0
1,0,0.378,97,2.9,7679,46,25.7,4.2,50,0.341,0
1,0,0.378,96,4.7,7680,48,26.4,4.6,81,0.341,0
2,0,0.376,86,9.4,7681,1,28.5,3.5,129,0.341,0
8,1,0.374,78,13.3,7682,42,29.7,4.2,149,0.341,0
5,4,0.37,73,14.0,7683,77,30.9,3.0,147,0.341,0
3,7,0.365,69,14.0,7684,2,31.8,2.4,153,0.341,0
4,6,0.358,65,15.8,7685,0,32.5,3.5,168,0.341,0
4,6,0.352,63,18.7,7686,79,32.9,5.5,171,0.341,0
30,71,0.351,61,21.2,7687,84,32.8,9.0,182,0.341,1
8,55,0.348,65,22.7,7688,92,31.3,6.3,183,0.341,1
0,22,0.344,65,14.0,7689,11,31.5,5.5,163,0.341,0
4,10,0.342,68,11.9,7690,0,31.0,4.6,201,0.341,0
7,7,0.342,76,8.6,7691,0,29.6,8.7,184,0.341,0
3,4,0.341,80,10.4,7692,0,28.9,11.6,199,0.341,0
0,1,0.351,83,6.5,7693,40,29.0,9.5,219,0.341,0
0,1,0.351,85,6.8,7694,7,28.5,9.9,222,0.341,0
0,3,0.351,85,7.2,7695,0,28.1,10.9,226,0.342,0
0,1,0.351,86,7.2,7696,0,27.8,11.3,234,0.342,0
4,1,0.351,87,6.8,7697,0,27.5,6.9,245,0.342,0
13,40,0.352,88,9.7,7698,1,27.2,9.4,18,0.342,0
1,39,0.353,89,23.8,7699,57,26.4,14.5,59,0.342,0
0,13,0.353,89,16.6,7700,27,25.8,9.3,66,0.342,0
0,16,0.353,91,10.1,7701,11,25.5,6.1,50,0.342,0
8,33,0.354,91,3.2,7702,1,25.5,4.7,50,0.342,0
0,56,0.354,91,8.3,7703,60,25.5,9.7,27,0.342,0
4,84,0.37,93,21.6,7704,92,24.9,18.2,55,0.342,1
8,26,0.353,85,10.1,7705,96,28.0,5.4,34,0.342,0
1,5,0.35,76,16.2,7706,81,30.0,7.7,28,0.342,0
1,7,0.346,68,18.4,7707,0,31.5,6.9,31,0.342,0
8,12,0.341,63,19.8,7708,62,32.5,6.4,45,0.342,0
58,34,0.335,60,19.8,7709,22,33.0,4.5,74,0.342,0
33,43,0.374,66,29.2,7710,64,30.7,17.8,98,0.342,1
1,8,0.408,74,30.6,7711,14,29.0,5.2,344,0.342,1
1,1,0.403,69,16.2,7712,16,30.6,3.1,13,0.342,0
6,6,0.399,68,14.8,7713,16,31.2,5.4,42,0.342,0
19,23,0.397,70,15.8,7714,8,30.5,9.7,87,0.342,0
1,9,0.434,82,15.5,7715,46,27.9,8.1,111,0.342,1
1,5,0.433,89,4.0,7716,64,27.2,5.2,110,0.342,0
11,14,0.423,89,9.0,7717,100,26.1,4.5,29,0.342,1
30,26,0.435,91,15.1,7718,93,25.9,13.9,37,0.342,1
4,32,0.489,92,18.0,7719,99,25.1,8.0,44,0.342,1
2,18,0.486,92,12.2,7720,98,25.2,10.3,55,0.342,0
2,45,0.484,93,9.0,7721,97,25.1,9.8,31,0.342,0
8,76,0.483,94,9.4,7722,98,24.9,8.8,31,0.342,1
2,48,0.481,94,13.3,7723,94,25.0,13.2,5,0.342,0
26,9,0.479,96,12.6,7724,76,24.9,12.5,345,0.342,0
28,16,0.477,97,15.8,7725,79,24.8,14.7,337,0.342,0
22,4,0.475,97,16.9,7726,0,24.6,15.6,333,0.342,0
55,4,0.473,98,16.9,7727,11,24.4,16.0,335,0.342,0
100,0,0.472,96,21.2,7728,92,24.7,15.3,341,0.342,0
5,1,0.43,91,19.8,7729,92,27.0,10.8,11,0.342,0
0,0,0.427,78,21.6,7730,5,28.3,12.3,40,0.342,0
0,0,0.421,61,26.6,7731,12,29.5,15.3,56,0.342,0
0,0,0.414,54,27.0,7732,0,30.5,15.1,54,0.342,0
0,0,0.406,51,27.0,7733,0,31.2,14.2,51,0.342,0
0,0,0.397,50,25.9,7734,0,31.7,13.8,50,0.342,0
0,0,0.389,50,25.6,7735,0,32.0,14.4,57,0.342,0
4,4,0.382,50,25.9,7736,0,31.9,15.5,61,0.342,0
2,3,0.377,53,25.2,7737,0,31.5,13.6,59,0.342,0
1,3,0.374,58,19.1,7738,0,30.5,13.8,77,0.342,0
0,3,0.372,65,13.7,7739,0,28.6,16.2,94,0.342,0
0,3,0.372,71,11.9,7740,0,27.8,15.1,82,0.342,0
1,8,0.382,72,4.7,7741,0,28.0,6.8,79,0.342,0
0,9,0.383,78,5.8,7742,0,27.1,4.9,4,0.342,0
10,2,0.383,82,7.2,7743,0,26.6,9.0,359,0.342,0
0,4,0.383,82,7.2,7744,0,26.5,9.9,2,0.342,0
11,2,0.383,83,8.3,7745,0,26.1,10.5,13,0.342,0
3,1,0.383,82,12.2,7746,0,25.9,14.8,357,0.342,0
0,0,0.383,82,13.7,7747,0,25.3,15.3,9,0.342,0
0,0,0.383,83,10.8,7748,0,25.0,14.2,29,0.342,0
0,0,0.383,84,10.4,7749,0,24.8,13.5,33,0.342,0
0,0,0.383,86,10.4,7750,0,24.5,13.9,30,0.342,0
0,0,0.383,87,10.8,7751,0,24.1,13.8,27,0.342,0
0,0,0.383,86,9.4,7752,0,24.5,11.8,26,0.342,0
0,0,0.385,81,10.8,7753,42,26.5,7.6,19,0.342,0
0,0,0.383,73,14.8,7754,78,28.2,6.5,32,0.342,0
0,0,0.378,66,19.1,7755,71,29.5,9.0,37,0.342,0
4,6,0.372,61,22.0,7756,0,30.6,10.7,44,0.342,0
4,6,0.366,56,22.0,7757,0,31.5,9.8,52,0.342,0
1,11,0.359,52,20.5,7758,0,32.1,9.5,65,0.342,0
3,9,0.352,50,19.8,7759,2,32.4,9.3,65,0.342,0
6,13,0.347,49,18.7,7760,0,32.4,9.4,67,0.342,0
6,10,0.343,51,17.3,7761,0,32.0,10.0,75,0.342,0
1,2,0.341,59,15.1,7762,1,30.9,12.6,89,0.342,0
1,4,0.34,65,14.4,7763,0,29.2,17.3,102,0.342,0
2,4,0.34,69,14.0,7764,0,28.5,14.8,95,0.342,0
3,8,0.348,75,5.8,7765,75,28.7,6.7,110,0.342,0
1,12,0.349,75,8.6,7766,90,28.2,12.1,38,0.343,0
1,5,0.349,78,10.8,7767,81,27.3,12.9,21,0.343,0
2,1,0.35,77,8.6,7768,93,27.0,12.4,19,0.343,0
13,9,0.35,78,9.0,7769,53,26.6,13.6,22,0.343,0
11,8,0.351,79,12.6,7770,84,26.3,15.7,360,0.343,0
16,12,0.351,84,16.6,7771,98,25.5,16.2,356,0.343,0
0,0,0.352,86,13.3,7772,100,25.0,12.3,21,0.343,0
3,0,0.352,89,8.6,7773,100,24.5,9.1,21,0.343,0
4,0,0.353,90,6.1,7774,97,24.2,8.5,28,0.343,0
4,0,0.354,91,6.8,7775,99,24.0,9.4,31,0.343,0
1,0,0.355,89,6.8,7776,99,24.6,9.7,34,0.343,0
1,1,0.357,81,12.6,7777,100,26.6,7.7,12,0.343,0
2,0,0.355,73,15.1,7778,100,28.2,6.9,28,0.343,0
0,0,0.352,67,20.5,7779,100,29.6,7.8,32,0.343,0
5,8,0.347,59,21.6,7780,100,30.9,10.7,48,0.343,0
8,13,0.341,55,22.7,7781,98,31.6,11.8,63,0.343,0
7,7,0.335,53,23.0,7782,100,32.0,12.2,73,0.343,0
5,7,0.329,52,24.1,7783,99,32.0,13.4,79,0.343,0
1,5,0.323,51,25.2,7784,87,32.2,14.2,75,0.343,0
0,4,0.319,53,24.1,7785,70,31.8,13.7,69,0.343,0
0,5,0.317,58,20.5,7786,22,30.9,13.3,71,0.343,0
0,3,0.317,65,14.4,7787,0,29.2,15.0,72,0.343,0
0,5,0.317,69,10.8,7788,3,28.8,13.7,74,0.343,0
2,20,0.334,73,9.7,7789,0,28.2,13.7,35,0.343,0
1,21,0.335,72,11.2,7790,0,28.1,15.8,24,0.343,0
11,8,0.336,75,11.5,7791,0,27.6,13.2,14,0.343,0
13,28,0.338,77,9.0,7792,78,26.9,11.0,23,0.343,0
3,0,0.339,78,8.6,7793,96,26.5,11.2,15,0.343,0
1,1,0.34,81,9.0,7794,80,25.8,10.5,17,0.343,0
0,2,0.341,80,8.6,7795,86,25.8,13.9,50,0.344,0
0,4,0.343,77,13.0,7796,67,26.0,17.0,58,0.344,0
0,6,0.343,76,14.0,7797,4,25.6,16.8,52,0.344,0
0,6,0.344,80,13.7,7798,0,25.0,13.8,42,0.344,0
0,1,0.346,85,9.4,7799,0,24.3,9.9,25,0.344,0
0,0,0.347,86,6.8,7800,0,24.8,7.2,1,0.344,0
0,1,0.352,79,10.1,7801,25,26.5,5.3,325,0.344,0
0,0,0.351,71,12.2,7802,82,28.0,4.3,318,0.344,0
0,0,0.348,67,13.7,7803,24,29.4,4.7,328,0.344,0
2,2,0.343,60,17.3,7804,8,30.6,6.9,6,0.344,0
7,2,0.338,55,19.4,7805,3,31.6,9.0,38,0.344,0
5,4,0.332,52,20.2,7806,9,32.5,9.6,49,0.344,0
3,3,0.327,50,22.3,7807,68,33.0,10.6,55,0.344,0
7,7,0.322,49,22.3,7808,100,32.9,11.9,68,0.344,0
8,9,0.319,51,20.9,7809,89,32.3,13.3,80,0.344,0
12,13,0.317,56,20.2,7810,10,31.1,15.5,88,0.344,0
7,7,0.317,66,17.3,7811,0,29.4,14.2,91,0.344,0
0,8,0.318,67,10.1,7812,0,28.8,15.6,79,0.344,0
1,31,0.349,67,11.2,7813,0,28.5,16.2,59,0.346,0
2,52,0.351,69,12.2,7814,0,28.1,15.1,52,0.346,0
0,16,0.353,71,10.4,7815,7,27.8,15.3,42,0.346,0
7,21,0.355,73,10.4,7816,13,27.3,15.3,48,0.346,0
0,4,0.357,75,10.1,7817,5,26.9,13.9,47,0.346,0
0,2,0.359,79,9.4,7818,2,26.3,12.3,51,0.347,0
0,1,0.361,82,8.3,7819,0,25.8,12.3,69,0.347,0
0,2,0.363,81,7.2,7820,73,25.5,13.3,77,0.347,0
2,4,0.365,80,7.2,7821,95,25.1,12.1,63,0.347,0
2,2,0.367,82,7.2,7822,100,24.8,10.6,43,0.347,0
4,2,0.368,83,6.8,7823,98,24.6,9.7,56,0.347,0
3,0,0.37,79,3.2,7824,94,25.4,9.5,71,0.347,0
0,0,0.379,79,7.6,7825,6,26.4,3.5,66,0.321,0
0,0,0.378,72,10.4,7826,63,27.8,3.2,90,0.321,0
0,0,0.376,67,11.5,7827,72,29.1,2.9,83,0.321,0
0,2,0.372,60,15.1,7828,82,30.4,5.8,68,0.321,0
0,1,0.367,53,22.0,7829,98,31.5,11.3,63,0.321,0
2,6,0.361,51,26.6,7830,77,32.2,14.8,63,0.322,0
2,15,0.356,50,28.4,7831,78,32.3,16.0,66,0.322,0
7,17,0.351,51,28.4,7832,87,32.1,16.1,66,0.322,0
8,17,0.349,53,25.9,7833,78,31.6,15.9,65,0.322,0
1,5,0.348,58,22.3,7834,40,30.8,15.1,57,0.322,0
0,7,0.349,67,16.2,7835,71,29.2,13.4,59,0.322,0
0,5,0.35,68,8.6,7836,90,29.0,10.0,57,0.322,0
3,15,0.375,71,9.4,7837,100,28.3,14.0,24,0.325,0
2,5,0.377,74,9.7,7838,99,28.0,14.1,34,0.325,0
3,8,0.379,74,9.4,7839,9,27.9,12.8,42,0.325,0
11,15,0.381,75,9.4,7840,24,27.5,13.7,52,0.325,0
1,14,0.383,77,10.1,7841,95,27.0,14.6,68,0.326,0
0,1,0.384,78,10.8,7842,91,26.6,15.9,67,0.326,0
0,0,0.386,76,14.8,7843,80,26.4,18.8,64,0.326,0
0,2,0.387,75,16.9,7844,100,26.1,19.6,64,0.326,0
0,6,0.388,77,16.6,7845,97,25.7,17.5,65,0.326,0
0,5,0.389,80,13.3,7846,100,25.1,14.3,55,0.326,0
0,0,0.391,83,9.4,7847,85,24.7,11.8,51,0.326,0
0,0,0.392,82,7.2,7848,8,25.2,9.2,45,0.326,0
0,1,0.4,79,7.9,7849,96,26.4,3.8,360,0.316,0
0,6,0.399,74,10.4,7850,100,27.6,2.8,27,0.316,0
0,5,0.397,69,11.9,7851,67,29.0,3.1,7,0.316,0
0,2,0.392,63,15.5,7852,91,30.2,5.9,38,0.316,0
2,3,0.387,57,20.5,7853,95,31.5,10.3,54,0.316,0
8,8,0.381,52,25.6,7854,100,32.2,14.9,62,0.317,0
8,11,0.376,50,29.5,7855,86,32.3,18.2,64,0.317,0
3,9,0.371,53,29.5,7856,52,32.0,17.3,62,0.317,0
9,18,0.368,56,26.6,7857,1,31.4,16.3,59,0.317,0
1,8,0.367,59,23.0,7858,2,30.9,13.9,52,0.317,0
0,9,0.368,68,14.4,7859,0,29.2,13.9,44,0.317,0
0,4,0.368,70,9.7,7860,0,28.9,12.5,39,0.317,0
0,13,0.397,74,10.4,7861,88,28.0,13.7,40,0.32,0
9,14,0.398,76,9.0,7862,99,27.6,13.4,28,0.32,0
0,7,0.399,77,9.0,7863,58,27.5,14.3,28,0.32,0
4,2,0.4,77,10.4,7864,94,27.2,15.0,51,0.32,0
1,2,0.401,79,10.4,7865,90,26.7,15.1,62,0.321,0
0,1,0.402,76,14.4,7866,37,26.6,18.6,65,0.321,0
0,0,0.403,77,14.8,7867,95,26.1,18.1,63,0.321,0
0,0,0.403,79,14.0,7868,93,25.5,16.3,56,0.321,0
0,2,0.404,83,11.2,7869,81,25.0,13.4,57,0.321,0
0,7,0.405,84,7.9,7870,100,24.7,12.5,54,0.321,0
0,5,0.406,85,7.6,7871,98,24.5,11.9,63,0.321,0
1,5,0.407,81,5.8,7872,98,25.2,10.6,62,0.321,0
1,8,0.42,78,7.2,7873,100,26.6,3.2,38,0.303,0
0,2,0.418,72,11.9,7874,100,28.1,4.5,23,0.303,0
0,3,0.414,65,17.3,7875,9,29.5,8.1,32,0.303,0
0,6,0.408,60,22.3,7876,44,30.6,11.5,49,0.303,0
2,0,0.402,58,23.8,7877,53,31.5,12.6,56,0.303,0
9,21,0.395,55,28.1,7878,100,32.2,16.2,75,0.303,0
15,15,0.391,56,29.5,7879,100,31.9,16.7,71,0.303,1
13,12,0.387,57,28.1,7880,100,31.7,14.7,65,0.303,0
6,5,0.384,58,23.0,7881,100,31.7,14.2,63,0.303,0
5,12,0.382,61,20.9,7882,100,30.8,14.3,50,0.303,0
1,13,0.382,65,15.1,7883,100,29.5,16.8,44,0.303,0
1,8,0.382,69,13.3,7884,96,28.9,15.1,51,0.304,0
6,18,0.405,71,11.9,7885,100,28.5,15.8,41,0.304,0
0,0,0.405,74,12.6,7886,100,28.0,15.8,32,0.304,0
1,4,0.405,77,11.9,7887,100,27.5,14.6,26,0.304,0
0,0,0.405,77,10.4,7888,78,27.3,15.3,30,0.304,0
1,2,0.406,79,10.4,7889,100,26.9,13.6,36,0.304,0
0,0,0.406,81,9.0,7890,96,26.5,13.2,35,0.304,0
1,1,0.406,84,9.0,7891,100,26.0,12.1,30,0.305,0
0,2,0.407,86,7.6,7892,100,25.5,11.1,31,0.305,0
0,0,0.407,87,7.6,7893,100,25.2,11.6,28,0.305,0
0,1,0.408,88,6.8,7894,100,25.0,10.8,30,0.305,0
0,2,0.408,89,6.5,7895,89,24.6,9.7,15,0.305,0
0,2,0.409,87,6.1,7896,62,25.4,7.4,13,0.305,0
4,0,0.422,81,7.9,7897,85,27.2,4.4,63,0.305,0
1,0,0.419,75,11.2,7898,83,28.6,3.9,77,0.305,0
0,0,0.415,69,12.2,7899,81,30.0,3.8,71,0.305,0
4,2,0.41,61,19.4,7900,100,31.3,9.8,66,0.305,0
7,9,0.403,56,26.6,7901,69,32.1,15.5,67,0.305,0
17,13,0.396,54,31.7,7902,45,32.4,18.9,71,0.305,0
20,43,0.391,57,31.7,7903,67,31.9,18.7,73,0.305,0
3,4,0.386,59,29.9,7904,62,32.0,15.0,70,0.305,0
6,9,0.382,59,27.7,7905,62,32.0,15.3,66,0.305,0
1,9,0.38,64,22.3,7906,97,30.9,14.7,66,0.305,0
3,4,0.379,70,15.8,7907,100,29.5,14.6,63,0.305,0
7,6,0.379,72,10.4,7908,100,29.1,13.5,57,0.306,0
8,13,0.393,73,11.9,7909,91,28.8,15.4,54,0.304,0
10,9,0.393,77,11.9,7910,76,28.1,14.2,57,0.304,0
9,15,0.393,76,9.7,7911,94,27.8,15.8,58,0.304,0
4,2,0.393,75,13.0,7912,17,27.7,17.7,45,0.304,0
1,2,0.393,78,13.3,7913,51,27.2,16.5,51,0.304,0
4,1,0.394,78,11.5,7914,15,27.0,16.4,59,0.304,0
7,1,0.394,82,11.5,7915,0,26.4,14.3,41,0.304,0
2,5,0.394,85,9.0,7916,13,25.9,11.0,40,0.305,0
0,4,0.395,86,7.6,7917,100,25.7,12.4,49,0.305,0
0,1,0.395,87,8.6,7918,100,25.5,13.2,43,0.305,0
0,0,0.395,89,9.4,7919,100,25.0,12.9,23,0.305,0
0,0,0.396,88,9.4,7920,100,25.2,12.8,11,0.305,0
0,0,0.398,83,13.0,7921,70,27.5,9.1,27,0.302,0
0,0,0.396,75,16.9,7922,85,29.0,9.1,41,0.302,0
0,0,0.392,67,23.0,7923,92,30.2,12.8,52,0.302,0
0,0,0.385,59,29.9,7924,86,31.5,18.0,68,0.302,0
2,4,0.378,55,31.3,7925,0,32.2,18.6,73,0.302,0
11,21,0.371,54,31.7,7926,0,32.4,19.2,68,0.302,0
5,15,0.364,55,31.7,7927,43,32.3,17.8,67,0.303,0
8,21,0.358,55,29.2,7928,40,32.2,16.3,67,0.303,0
6,8,0.355,58,25.6,7929,82,32.0,14.8,60,0.303,0
2,11,0.352,62,20.9,7930,99,31.0,14.3,63,0.303,0
0,8,0.352,70,14.4,7931,91,29.6,12.9,62,0.303,0
0,4,0.352,69,10.8,7932,96,29.3,15.5,39,0.303,0
2,5,0.365,72,11.2,7933,89,28.8,14.6,30,0.3,0
3,2,0.365,73,10.8,7934,76,28.3,14.8,16,0.3,0
13,11,0.366,77,10.1,7935,100,27.8,12.8,4,0.3,0
15,9,0.366,77,8.3,7936,95,27.9,8.8,15,0.3,0
5,8,0.367,77,3.2,7937,100,27.5,8.0,50,0.3,0
1,1,0.367,81,6.5,7938,99,26.8,10.7,76,0.3,0
6,0,0.367,83,8.6,7939,98,26.5,12.7,67,0.3,0
11,0,0.368,84,9.4,7940,100,26.2,14.8,64,0.3,0
1,0,0.368,81,13.3,7941,100,26.3,17.5,68,0.3,0
0,0,0.368,80,14.0,7942,100,26.0,17.2,66,0.3,0
0,0,0.368,82,14.0,7943,100,25.5,15.8,55,0.3,0
0,0,0.368,84,12.6,7944,100,25.5,14.2,40,0.3,0
1,0,0.371,80,11.5,7945,97,27.2,7.0,35,0.303,0
2,0,0.369,74,16.6,7946,100,28.6,8.6,39,0.303,0
9,3,0.365,67,22.7,7947,100,29.9,12.9,53,0.303,0
11,7,0.359,61,29.2,7948,100,30.9,17.4,68,0.303,0
9,9,0.352,58,31.7,7949,100,31.8,18.5,69,0.303,0
11,19,0.346,57,31.7,7950,98,31.5,17.5,73,0.303,0
9,25,0.341,57,29.5,7951,47,31.5,17.2,75,0.303,0
7,13,0.336,57,28.4,7952,0,31.5,17.1,71,0.303,0
11,8,0.333,58,27.0,7953,0,31.2,17.4,64,0.303,0
15,12,0.33,61,24.5,7954,0,30.5,15.9,65,0.303,0
2,11,0.33,67,17.3,7955,0,29.1,14.9,63,0.303,0
8,31,0.33,70,10.8,7956,0,28.6,13.2,73,0.303,0
0,8,0.328,72,11.5,7957,0,28.4,14.1,59,0.3,0
11,67,0.328,70,20.5,7958,100,28.2,24.3,84,0.3,0
0,27,0.329,73,35.3,7959,99,26.6,23.9,52,0.3,0
3,24,0.328,73,20.9,7960,100,26.8,22.3,58,0.3,0
1,9,0.328,71,21.6,7961,94,27.0,23.4,59,0.3,0
0,6,0.328,69,24.5,7962,87,26.9,24.9,67,0.3,0
0,3,0.327,69,25.9,7963,93,26.5,25.4,67,0.301,0
0,1,0.327,71,25.9,7964,99,25.8,23.0,66,0.301,0
0,0,0.327,73,22.0,7965,98,25.2,20.4,65,0.301,0
0,0,0.327,75,18.0,7966,96,24.8,19.6,62,0.301,0
0,0,0.327,77,16.9,7967,96,24.3,18.1,60,0.301,0
0,0,0.327,78,15.5,7968,98,24.2,17.6,65,0.301,0
0,0,0.322,78,14.8,7969,98,25.9,9.8,54,0.301,0
0,0,0.32,72,18.0,7970,99,27.1,9.8,54,0.301,0
0,0,0.317,63,23.8,7971,34,28.5,13.3,50,0.301,0
0,0,0.311,56,28.4,7972,18,29.8,16.5,57,0.301,0
0,0,0.305,53,32.0,7973,25,30.6,19.1,59,0.301,0
0,0,0.298,53,32.8,7974,0,31.0,19.1,61,0.301,0
0,0,0.292,53,32.4,7975,0,31.2,19.0,64,0.301,0
0,0,0.287,53,32.0,7976,0,31.0,17.8,66,0.301,0
1,0,0.283,54,29.2,7977,3,30.6,18.0,64,0.301,0
1,10,0.28,56,26.3,7978,9,29.6,19.6,70,0.301,0
0,13,0.279,59,23.4,7979,20,28.1,21.7,67,0.301,0
0,10,0.278,60,21.6,7980,2,27.6,22.3,56,0.301,0
3,37,0.279,61,25.6,7981,0,27.9,25.3,56,0.301,0
2,32,0.278,61,28.4,7982,0,27.5,25.9,56,0.301,0
1,7,0.277,63,26.6,7983,0,27.0,22.9,56,0.301,0
1,1,0.277,64,22.3,7984,77,26.5,22.4,59,0.301,0
0,0,0.277,67,21.6,7985,97,25.8,19.6,58,0.301,0
0,6,0.276,69,17.3,7986,94,25.2,18.3,65,0.301,0
0,14,0.276,69,15.1,7987,100,24.6,17.9,71,0.301,0
0,13,0.276,70,15.5,7988,99,24.0,18.1,70,0.301,0
0,0,0.276,71,17.6,7989,100,23.5,19.0,73,0.301,0
0,0,0.276,71,19.8,7990,100,22.9,20.7,74,0.301,0
0,0,0.276,70,23.0,7991,100,22.5,22.7,72,0.301,0
0,0,0.276,69,23.4,7992,100,22.2,21.3,65,0.301,0
12,0,0.275,69,11.5,7993,100,24.0,7.0,67,0.301,0
1,0,0.273,65,17.3,7994,97,25.0,9.0,46,0.301,0
2,0,0.27,61,19.4,7995,17,26.2,9.0,44,0.301,0
1,0,0.266,57,19.8,7996,0,27.6,8.7,42,0.301,0
0,0,0.26,52,24.1,7997,0,28.9,12.4,47,0.301,0
1,0,0.255,50,26.6,7998,32,29.8,14.1,42,0.301,0
3,0,0.249,49,27.0,7999,39,30.1,12.4,43,0.301,0
3,0,0.245,47,23.8,8000,98,30.2,11.9,56,0.301,0
0,0,0.241,48,23.4,8001,18,29.8,14.3,65,0.301,0
0,0,0.239,54,23.4,8002,5,28.6,15.2,74,0.301,0
0,0,0.239,63,18.7,8003,0,27.0,14.6,89,0.301,0
0,0,0.238,66,13.0,8004,0,26.3,15.0,85,0.301,0
0,4,0.238,67,9.7,8005,0,25.8,14.3,21,0.301,0
2,0,0.238,64,20.2,8006,0,25.6,20.4,9,0.301,0
0,0,0.238,64,20.5,8007,2,24.9,18.3,31,0.301,0
0,0,0.238,69,15.8,8008,1,24.0,15.8,32,0.301,0
0,0,0.238,72,11.2,8009,1,23.4,14.2,32,0.301,0
0,0,0.239,74,9.0,8010,1,22.9,12.4,26,0.301,0
0,0,0.239,76,8.6,8011,50,22.5,12.6,19,0.301,0
0,0,0.24,76,8.3,8012,47,22.2,10.5,35,0.301,0
0,0,0.24,75,4.7,8013,44,22.1,5.6,48,0.301,0
0,0,0.241,77,1.4,8014,98,21.8,1.7,32,0.301,0
0,0,0.242,80,2.5,8015,80,21.2,1.6,297,0.301,0
0,0,0.242,83,2.5,8016,40,21.5,0.5,225,0.301,0
0,0,0.244,74,7.9,8017,93,23.0,2.0,333,0.301,0
0,0,0.242,68,9.4,8018,97,24.6,1.3,326,0.301,0
0,0,0.24,64,11.9,8019,90,26.0,2.4,347,0.301,0
0,0,0.236,57,13.7,8020,87,27.6,3.6,20,0.301,0
0,0,0.231,47,18.4,8021,98,29.2,8.0,46,0.301,0
0,0,0.226,43,22.7,8022,93,30.1,10.8,48,0.301,0
0,0,0.221,42,23.0,8023,97,30.5,10.7,33,0.301,0
0,0,0.217,42,22.0,8024,97,30.6,9.5,15,0.301,0
0,0,0.214,44,19.1,8025,70,30.2,9.9,12,0.301,0
0,0,0.212,51,17.6,8026,0,29.1,11.5,358,0.301,0
0,0,0.211,62,13.0,8027,0,27.0,12.5,7,0.301,0
0,0,0.211,65,9.4,8028,0,26.3,12.2,31,0.301,0
0,0,0.212,65,9.7,8029,0,26.0,13.4,6,0.302,0
0,0,0.212,66,16.2,8030,0,25.4,17.6,352,0.302,0
0,0,0.212,67,16.6,8031,0,24.8,17.0,5,0.302,0
0,0,0.212,69,13.3,8032,0,24.2,15.2,6,0.302,0
0,0,0.212,70,12.6,8033,0,23.8,15.6,353,0.302,0
0,0,0.212,71,13.7,8034,0,23.1,16.6,350,0.302,0
0,0,0.212,73,13.7,8035,0,22.6,15.8,352,0.302,0
0,0,0.212,75,12.2,8036,0,22.4,15.2,353,0.302,0
0,0,0.213,76,12.6,8037,0,22.0,15.0,354,0.302,0
0,0,0.213,78,12.2,8038,0,21.6,13.7,357,0.302,0
0,0,0.213,78,11.2,8039,0,21.4,13.7,2,0.302,0
0,0,0.214,77,11.2,8040,0,21.6,13.4,7,0.302,0
0,0,0.213,71,16.6,8041,0,23.4,13.9,358,0.302,0
0,0,0.212,64,19.4,8042,0,25.5,10.3,349,0.302,0
0,0,0.21,57,20.2,8043,0,27.6,9.3,347,0.302,0
0,0,0.206,50,20.2,8044,44,29.4,8.4,350,0.302,0
0,0,0.202,46,20.5,8045,49,30.6,8.3,347,0.302,0
0,0,0.198,43,20.2,8046,69,31.5,8.1,354,0.302,0
0,0,0.194,41,19.8,8047,82,32.0,7.2,6,0.302,0
1,0,0.19,41,17.6,8048,82,32.0,1.5,60,0.302,0
0,0,0.188,48,16.9,8049,79,30.8,7.3,164,0.302,0
1,0,0.186,59,19.1,8050,96,29.1,9.9,178,0.302,0
3,0,0.186,72,16.6,8051,100,27.5,7.4,177,0.302,0
0,0,0.187,75,6.5,8052,100,27.3,3.6,120,0.302,0
0,0,0.187,75,4.7,8053,100,27.4,2.3,86,0.302,0
0,0,0.187,78,5.8,8054,97,26.4,5.4,352,0.302,0
0,0,0.188,73,10.4,8055,100,26.0,11.1,348,0.302,0
0,0,0.188,67,13.3,8056,76,26.0,16.4,356,0.302,0
0,0,0.188,67,14.4,8057,87,25.4,15.5,355,0.302,0
0,0,0.188,73,12.2,8058,99,24.4,11.3,359,0.302,0
0,0,0.188,78,8.6,8059,100,23.8,9.6,6,0.302,0
0,0,0.189,79,8.3,8060,100,23.3,9.2,359,0.302,0
0,0,0.189,83,8.3,8061,99,22.6,7.9,356,0.302,0
0,0,0.19,84,6.8,8062,80,22.2,5.8,4,0.302,0
0,0,0.19,84,9.0,8063,75,22.0,8.3,349,0.302,0
0,0,0.191,83,8.6,8064,90,22.2,9.7,359,0.302,0
0,0,0.191,76,11.9,8065,90,24.3,8.3,354,0.302,0
0,0,0.19,64,14.4,8066,82,26.6,6.1,332,0.302,0
0,0,0.188,56,16.6,8067,98,28.8,5.9,320,0.302,0
0,0,0.186,49,16.9,8068,37,30.4,5.2,314,0.302,0
0,0,0.182,46,18.4,8069,91,31.5,5.7,302,0.302,0
0,0,0.179,43,18.7,8070,68,32.5,5.5,302,0.302,0
0,0,0.176,40,18.4,8071,59,33.2,4.2,288,0.302,0
0,0,0.173,38,16.6,8072,94,33.3,2.3,231,0.302,0
0,0,0.171,40,15.8,8073,0,32.7,6.1,199,0.302,0
0,0,0.17,49,16.2,8074,39,31.1,8.3,221,0.302,0
0,0,0.17,65,15.5,8075,0,29.0,8.6,233,0.302,0
0,0,0.17,75,9.0,8076,33,28.0,3.5,235,0.302,0
0,0,0.17,77,6.1,8077,94,27.8,5.2,295,0.302,0
0,0,0.171,74,7.6,8078,100,27.6,6.9,330,0.302,0
0,0,0.171,67,12.2,8079,100,27.5,11.7,347,0.302,0
0,0,0.171,62,13.3,8080,100,27.5,15.9,354,0.302,0
0,0,0.171,63,14.0,8081,100,27.0,17.2,353,0.302,0
0,0,0.171,65,15.1,8082,100,26.5,18.4,352,0.302,0
0,0,0.171,67,16.2,8083,99,26.0,18.6,357,0.302,0
0,0,0.171,70,16.6,8084,97,25.4,18.2,2,0.302,0
0,0,0.171,72,15.8,8085,99,25.0,17.7,6,0.302,0
0,0,0.172,74,15.5,8086,87,24.6,17.8,8,0.302,0
0,0,0.172,76,15.5,8087,100,24.5,17.5,12,0.302,0
0,0,0.172,76,14.4,8088,98,24.6,16.2,17,0.302,0
0,0,0.173,70,16.2,8089,25,26.3,13.6,15,0.302,0
0,0,0.172,61,17.6,8090,27,28.5,8.7,7,0.302,0
0,0,0.171,50,18.0,8091,54,30.8,6.3,24,0.302,0
0,0,0.169,43,16.9,8092,75,32.3,3.8,49,0.302,0
0,0,0.167,38,15.5,8093,34,33.5,3.1,62,0.302,0
0,0,0.165,35,15.1,8094,17,34.5,2.9,86,0.302,0
0,0,0.163,32,17.3,8095,11,35.0,4.6,108,0.302,0
0,0,0.162,35,23.0,8096,8,34.5,9.7,138,0.302,0
0,0,0.161,43,27.4,8097,0,33.0,13.8,154,0.302,0
0,0,0.161,49,27.0,8098,0,31.4,11.2,162,0.302,0
0,0,0.161,58,18.4,8099,0,29.9,9.5,123,0.302,0
0,1,0.161,63,7.6,8100,22,29.5,9.5,92,0.302,0
0,1,0.161,72,4.3,8101,0,29.4,6.6,81,0.302,0
0,0,0.161,71,4.0,8102,0,28.9,7.4,51,0.302,0
0,0,0.162,66,6.1,8103,15,28.5,9.3,34,0.302,0
0,0,0.162,65,7.2,8104,34,28.0,11.4,37,0.302,0
0,0,0.162,66,7.2,8105,100,27.2,8.4,11,0.302,0
0,0,0.162,71,6.5,8106,51,26.5,7.8,5,0.302,0
0,0,0.163,74,6.1,8107,37,26.0,8.5,6,0.302,0
0,0,0.163,74,8.6,8108,97,25.9,9.5,350,0.302,0
0,0,0.163,75,11.5,8109,8,25.5,12.4,347,0.302,0
0,0,0.163,77,11.2,8110,3,25.1,12.3,357,0.302,0
0,0,0.164,77,10.1,8111,0,25.0,12.7,352,0.302,0
0,0,0.164,77,12.2,8112,0,25.0,12.7,354,0.302,0
0,0,0.164,73,11.9,8113,72,26.9,7.0,360,0.302,0
0,0,0.164,61,12.2,8114,11,29.3,3.7,51,0.302,0
0,0,0.163,50,22.0,8115,0,31.1,10.0,67,0.302,0
0,0,0.162,42,23.4,8116,1,32.8,9.8,55,0.302,0
0,0,0.161,36,26.6,8117,18,34.2,12.0,53,0.302,0
0,0,0.16,34,29.5,8118,0,34.7,13.8,50,0.302,0
1,0,0.159,34,29.5,8119,0,35.0,12.3,53,0.302,0
3,2,0.158,33,27.0,8120,0,35.0,12.5,72,0.302,0
5,5,0.158,37,28.8,8121,0,34.1,15.1,82,0.302,0
5,4,0.158,44,29.5,8122,0,32.6,16.8,81,0.302,0
0,1,0.158,49,27.7,8123,0,31.4,16.6,85,0.302,0
0,4,0.158,50,20.9,8124,0,30.9,16.9,93,0.302,0
0,0,0.158,48,18.4,8125,88,31.0,12.6,63,0.302,0
0,0,0.158,48,13.3,8126,86,30.6,11.7,43,0.302,0
0,0,0.158,50,11.5,8127,90,30.0,12.7,25,0.302,0
1,0,0.159,54,11.5,8128,99,29.1,13.0,42,0.302,0
0,1,0.159,57,10.4,8129,71,28.4,12.4,34,0.302,0
0,0,0.159,62,9.0,8130,89,27.7,11.2,24,0.302,0
0,4,0.159,67,8.3,8131,100,27.0,10.2,36,0.302,0
0,0,0.159,71,7.2,8132,100,26.4,9.5,61,0.302,0
0,0,0.16,74,6.5,8133,99,26.0,8.9,76,0.302,0
0,0,0.16,74,6.1,8134,100,25.7,10.6,71,0.302,0
0,0,0.16,72,6.1,8135,100,25.5,11.1,65,0.302,0
0,0,0.16,67,6.5,8136,100,25.9,10.9,73,0.302,0
0,0,0.16,61,12.2,8137,100,27.7,11.0,62,0.302,0
0,0,0.16,57,15.8,8138,100,29.1,7.8,56,0.302,0
0,0,0.16,50,19.8,8139,100,31.0,8.1,43,0.302,0
0,0,0.159,43,21.2,8140,100,32.7,7.3,31,0.302,0
0,0,0.158,39,20.9,8141,100,33.9,7.1,21,0.302,0
0,0,0.158,36,21.6,8142,100,34.7,7.6,31,0.302,0
3,0,0.157,34,21.6,8143,100,35.0,7.0,44,0.302,0
3,0,0.157,33,20.5,8144,99,34.9,4.5,90,0.302,0
1,0,0.157,35,17.3,8145,76,34.2,6.1,130,0.302,0
0,0,0.157,40,18.4,8146,11,32.8,8.4,143,0.302,0
0,0,0.157,52,17.6,8147,4,31.0,9.5,155,0.302,0
0,0,0.157,60,15.5,8148,13,30.0,9.2,174,0.302,0
1,6,0.157,62,7.2,8149,61,30.1,3.2,146,0.302,0
0,2,0.157,66,4.0,8150,94,29.5,2.7,4,0.302,0
0,0,0.158,62,6.5,8151,97,29.2,8.1,37,0.302,0
0,0,0.158,58,9.0,8152,100,29.0,11.9,61,0.302,0
0,0,0.158,54,10.4,8153,100,28.8,12.4,71,0.302,0
1,0,0.158,53,10.8,8154,95,28.2,12.0,72,0.302,0
0,5,0.158,54,12.6,8155,100,27.8,13.8,73,0.302,0
0,12,0.158,57,15.1,8156,94,27.0,16.1,80,0.302,0
0,11,0.158,60,15.1,8157,19,26.5,16.2,76,0.302,0
0,0,0.159,62,14.4,8158,27,26.1,15.7,72,0.302,0
0,0,0.159,64,14.0,8159,42,25.7,15.8,67,0.302,0
0,0,0.159,65,14.8,8160,22,25.8,15.8,69,0.302,0
0,0,0.159,60,14.4,8161,88,27.5,14.3,76,0.302,0
0,0,0.159,52,19.8,8162,70,29.6,10.0,82,0.302,0
0,1,0.159,45,22.3,8163,53,31.5,9.8,67,0.302,0
0,2,0.158,38,25.6,8164,100,33.1,11.3,39,0.302,0
0,0,0.158,34,26.3,8165,100,34.2,11.3,29,0.302,0
0,0,0.157,32,26.3,8166,100,34.9,10.4,30,0.302,0
0,4,0.157,31,25.2,8167,100,35.2,8.9,40,0.302,0
0,5,0.156,30,23.0,8168,85,35.2,9.4,59,0.302,0
0,0,0.156,30,23.8,8169,99,34.6,11.0,67,0.302,0
0,0,0.156,33,23.4,8170,96,33.4,8.1,73,0.302,0
0,1,0.156,37,16.2,8171,34,31.9,5.2,102,0.302,0
0,0,0.156,42,8.3,8172,0,31.0,5.4,110,0.302,0
0,3,0.157,52,9.7,8173,16,30.6,6.7,81,0.302,0
0,1,0.157,56,4.0,8174,8,30.2,5.9,72,0.302,0
0,1,0.157,57,3.2,8175,19,29.6,4.4,30,0.302,0
0,1,0.157,56,7.9,8176,10,29.0,5.8,338,0.302,0
0,1,0.157,62,11.2,8177,0,28.3,7.6,324,0.302,0
0,1,0.157,72,10.8,8178,0,27.5,4.2,329,0.302,0
0,0,0.158,70,5.4,8179,0,27.1,4.8,143,0.302,0
0,0,0.158,73,5.4,8180,73,26.9,5.6,112,0.302,0
0,0,0.158,73,2.5,8181,84,26.5,6.5,84,0.302,0
0,0,0.158,72,6.5,8182,93,26.1,10.3,71,0.302,0
0,0,0.158,70,8.3,8183,97,26.0,11.6,57,0.302,0
0,0,0.158,67,12.2,8184,99,26.4,13.6,55,0.302,0
0,0,0.159,60,16.6,8185,98,28.0,13.4,44,0.302,0
0,0,0.158,51,20.5,8186,69,30.3,10.5,51,0.302,0
0,0,0.158,44,26.6,8187,96,32.2,13.5,61,0.302,0
6,0,0.158,42,33.5,8188,63,33.4,17.6,74,0.302,0
7,0,0.157,41,36.0,8189,12,34.0,17.9,80,0.302,0
4,13,0.157,41,34.9,8190,93,34.4,15.8,89,0.302,0
3,24,0.158,40,32.8,8191,100,34.3,12.4,87,0.302,0
8,43,0.162,40,27.4,8192,99,34.2,9.9,89,0.302,1
21,57,0.168,44,27.0,8193,99,33.2,14.2,92,0.302,1
1,41,0.169,55,27.7,8194,100,31.4,11.0,86,0.302,0
7,67,0.168,58,18.4,8195,100,30.7,8.9,122,0.302,0
0,75,0.168,69,28.4,8196,98,28.3,21.0,154,0.302,0
0,5,0.163,58,9.7,8197,100,31.0,8.5,55,0.302,0
0,15,0.163,61,9.7,8198,29,30.5,9.6,67,0.302,0
1,27,0.163,64,11.2,8199,95,30.0,10.9,77,0.302,0
10,5,0.163,65,11.9,8200,1,29.6,12.2,73,0.302,0
0,2,0.163,66,11.2,8201,0,29.2,11.9,65,0.302,0
0,5,0.163,68,9.7,8202,35,28.8,11.8,63,0.302,0
1,5,0.163,69,9.4,8203,87,28.4,11.7,65,0.302,0
7,27,0.163,70,9.7,8204,94,28.1,12.1,88,0.302,0
4,30,0.163,76,9.0,8205,100,27.5,8.1,69,0.302,0
30,51,0.163,76,6.1,8206,100,27.4,6.9,37,0.302,0
3,15,0.163,75,10.1,8207,39,27.1,10.6,66,0.302,0
12,18,0.163,77,10.1,8208,90,27.0,8.2,67,0.302,0
12,19,0.163,68,11.5,8209,12,28.5,6.6,57,0.3,0
3,26,0.163,59,19.4,8210,0,30.2,10.1,79,0.3,0
2,23,0.162,49,31.3,8211,5,31.6,17.6,79,0.3,0
2,16,0.161,45,33.8,8212,89,32.6,17.1,75,0.3,0
15,10,0.16,44,32.4,8213,97,33.5,13.8,61,0.3,0
18,11,0.159,43,29.9,8214,100,34.0,11.7,54,0.3,0
15,48,0.159,43,27.4,8215,87,33.8,12.3,50,0.3,0
23,32,0.16,46,28.1,8216,67,33.2,10.8,53,0.3,0
21,24,0.161,46,24.1,8217,6,33.0,11.8,63,0.3,0
15,14,0.162,49,24.8,8218,2,31.9,13.3,62,0.3,0
13,19,0.161,51,22.7,8219,41,31.0,10.2,77,0.3,0
5,13,0.161,53,14.4,8220,99,30.4,13.2,84,0.3,0
1,11,0.17,68,8.6,8221,100,29.2,10.0,60,0.298,0
0,3,0.17,60,14.8,8222,100,29.3,16.0,61,0.298,0
0,3,0.169,58,23.8,8223,99,29.0,22.5,64,0.298,0
0,2,0.169,58,24.5,8224,100,28.5,20.8,63,0.298,0
0,2,0.168,60,23.8,8225,99,28.0,22.0,66,0.298,0
0,2,0.168,62,25.6,8226,99,27.5,23.4,67,0.298,0
0,1,0.168,63,25.6,8227,95,26.9,22.0,70,0.298,0
0,1,0.167,65,22.7,8228,26,26.3,20.9,75,0.298,0
0,0,0.167,67,20.9,8229,100,25.8,19.3,76,0.298,0
0,0,0.167,69,19.1,8230,100,25.4,16.7,65,0.298,0
0,0,0.167,71,15.5,8231,98,25.0,13.1,53,0.298,0
0,0,0.167,72,10.1,8232,100,24.9,9.7,51,0.298,0
0,0,0.177,68,12.2,8233,96,26.1,5.9,11,0.293,0
0,0,0.176,64,14.4,8234,85,27.6,5.0,330,0.293,0
0,0,0.174,59,16.6,8235,77,29.1,5.3,322,0.293,0
0,0,0.172,53,18.0,8236,57,30.5,5.4,345,0.293,0
49,0,0.169,46,20.9,8237,17,32.2,7.6,19,0.293,0
52,36,0.167,42,20.9,8238,0,33.0,7.3,7,0.293,0
11,54,0.165,40,21.2,8239,36,33.6,8.4,350,0.293,0
5,97,0.163,40,21.6,8240,74,33.3,3.9,304,0.293,0
9,97,0.162,43,16.9,8241,0,32.5,6.1,208,0.293,0
77,27,0.161,52,17.6,8242,5,31.1,7.3,171,0.293,0
43,17,0.161,61,17.3,8243,3,29.8,11.3,158,0.293,0
11,2,0.161,64,16.9,8244,74,29.2,11.4,151,0.293,0
13,4,0.163,67,14.0,8245,84,28.9,6.8,117,0.293,0
0,4,0.162,64,7.9,8246,95,28.8,8.0,9,0.293,0
0,2,0.162,62,14.4,8247,49,28.2,14.2,352,0.293,0
0,1,0.162,63,14.8,8248,5,27.5,13.0,5,0.293,0
0,0,0.162,71,12.2,8249,1,26.8,8.0,27,0.293,0
0,0,0.162,75,5.8,8250,97,26.5,5.0,46,0.293,0
0,0,0.162,77,2.9,8251,95,26.1,4.2,59,0.293,0
0,0,0.162,79,2.2,8252,97,25.6,4.7,86,0.293,0
0,0,0.162,82,2.2,8253,100,25.1,5.9,90,0.293,0
0,0,0.162,84,3.2,8254,98,24.6,5.7,62,0.293,0
0,0,0.162,85,3.6,8255,100,24.4,4.4,52,0.293,0
0,0,0.162,83,2.9,8256,64,24.5,4.4,60,0.293,0
0,0,0.173,75,10.8,8257,1,25.6,3.8,335,0.29,0
0,0,0.172,62,12.2,8258,6,27.6,2.9,7,0.29,0
0,0,0.171,55,16.6,8259,24,29.4,5.3,332,0.29,0
0,0,0.169,47,19.1,8260,0,31.1,6.4,333,0.29,0
0,0,0.166,43,19.4,8261,0,32.5,6.2,334,0.29,0
0,0,0.164,39,19.4,8262,97,33.5,6.0,331,0.29,0
0,0,0.162,38,20.9,8263,99,34.0,7.2,333,0.29,0
0,0,0.161,35,21.2,8264,100,34.2,8.0,340,0.29,0
0,0,0.16,33,20.9,8265,100,34.0,7.9,11,0.29,0
0,0,0.159,37,18.7,8266,99,32.8,7.7,57,0.29,0
0,0,0.159,48,15.1,8267,100,30.9,5.2,92,0.29,0
0,0,0.159,58,7.2,8268,100,30.1,3.6,20,0.29,0
0,0,0.156,50,9.7,8269,100,30.2,5.6,2,0.293,0
0,0,0.156,51,9.0,8270,100,29.7,8.7,352,0.293,0
0,0,0.156,52,10.8,8271,100,29.4,12.4,3,0.293,0
0,0,0.156,54,15.1,8272,100,28.9,14.8,354,0.293,0
0,0,0.156,58,17.3,8273,100,27.9,15.8,353,0.293,0
0,0,0.156,62,17.3,8274,100,27.2,14.6,357,0.293,0
0,0,0.156,65,16.2,8275,100,26.6,14.2,3,0.293,0
0,0,0.156,68,14.8,8276,100,26.2,12.6,2,0.293,0
0,0,0.156,69,13.0,8277,100,26.0,13.1,2,0.293,0
0,0,0.156,69,15.5,8278,100,25.8,15.5,1,0.293,0
0,0,0.157,70,15.8,8279,100,25.5,15.4,354,0.293,0
0,0,0.157,72,17.3,8280,100,25.2,17.3,358,0.293,0
0,0,0.157,68,19.1,8281,100,26.2,17.8,8,0.293,0
0,0,0.157,61,20.9,8282,100,27.9,12.0,8,0.293,0
0,0,0.156,51,22.0,8283,100,30.5,10.0,6,0.293,0
0,0,0.156,43,24.8,8284,75,32.3,11.6,5,0.293,0
1,0,0.156,37,32.0,8285,44,34.1,16.5,20,0.293,0
2,0,0.156,35,40.3,8286,10,34.8,21.9,23,0.293,0
1,3,0.156,35,41.4,8287,11,34.9,22.5,24,0.293,0
2,7,0.156,35,40.7,8288,19,34.7,18.3,34,0.293,0
7,5,0.155,38,34.2,8289,100,34.0,12.0,39,0.293,0
6,4,0.155,41,25.2,8290,100,33.0,10.9,34,0.293,0
7,9,0.155,44,19.8,8291,99,31.9,9.1,22,0.293,0
11,0,0.155,46,9.0,8292,86,31.4,9.0,13,0.293,0
19,5,0.155,47,9.0,8293,100,31.4,8.9,352,0.293,0
14,6,0.156,49,11.5,8294,100,31.0,11.3,14,0.293,0
0,8,0.156,53,16.6,8295,100,30.5,14.1,38,0.293,0
0,2,0.156,55,15.1,8296,100,30.1,11.8,27,0.293,0
0,4,0.156,57,16.2,8297,100,29.6,15.7,5,0.293,0
0,0,0.156,59,17.3,8298,100,29.0,17.0,9,0.293,0
2,3,0.156,59,16.9,8299,100,28.8,15.3,28,0.293,0
0,0,0.156,60,16.6,8300,100,28.4,15.8,32,0.293,0
0,10,0.156,62,16.2,8301,100,27.9,15.2,46,0.293,0
0,17,0.156,64,17.3,8302,100,27.5,16.4,54,0.293,0
0,18,0.156,65,20.2,8303,100,27.2,18.1,63,0.293,0
0,22,0.156,63,22.3,8304,99,27.1,18.7,68,0.293,0
0,17,0.161,64,16.2,8305,99,28.4,8.7,38,0.291,0
0,53,0.161,57,19.1,8306,100,29.9,9.0,52,0.291,0
0,27,0.16,53,21.6,8307,98,30.5,10.3,61,0.291,0
0,100,0.159,49,25.2,8308,71,31.8,11.6,66,0.291,0
2,17,0.159,47,26.6,8309,98,32.5,12.6,70,0.291,0
6,40,0.158,44,33.5,8310,10,33.8,16.7,83,0.291,0
10,100,0.158,47,33.5,8311,49,33.2,17.3,89,0.291,0
9,100,0.157,52,32.8,8312,95,32.2,14.6,99,0.291,0
14,100,0.157,56,27.4,8313,9,31.1,11.7,113,0.291,0
16,100,0.157,58,21.6,8314,100,30.9,9.6,128,0.291,0
6,96,0.157,64,17.6,8315,100,29.7,6.1,130,0.291,0
0,96,0.157,64,9.7,8316,100,29.6,4.6,79,0.291,0
0,100,0.154,56,20.9,8317,100,30.5,11.1,61,0.291,0
0,100,0.154,56,17.3,8318,100,30.5,12.1,42,0.291,0
1,85,0.154,56,18.7,8319,100,30.5,13.0,29,0.291,0
2,27,0.154,58,17.3,8320,100,30.2,11.9,11,0.291,0
3,29,0.155,60,14.8,8321,100,29.9,11.2,18,0.291,0
0,31,0.155,62,12.2,8322,100,29.5,11.6,21,0.291,0
1,26,0.155,63,15.8,8323,100,29.2,14.2,38,0.291,0
1,30,0.155,64,19.1,8324,100,28.8,15.8,56,0.291,0
3,77,0.155,66,19.1,8325,100,28.1,13.4,62,0.291,0
4,35,0.155,67,18.7,8326,100,27.8,16.1,59,0.291,0
5,72,0.156,71,24.8,8327,100,26.6,17.3,73,0.291,0
10,28,0.157,70,20.5,8328,96,26.6,12.4,57,0.291,0
34,100,0.202,78,20.5,8329,99,26.4,15.1,59,0.292,0
2,100,0.202,78,27.4,8330,100,26.1,19.2,58,0.292,0
0,100,0.205,78,26.6,8331,47,26.5,14.5,62,0.292,1
0,100,0.203,73,22.0,8332,100,27.5,9.5,25,0.292,0
2,67,0.201,68,22.3,8333,90,28.6,12.0,21,0.292,0
46,100,0.198,60,36.4,8334,0,30.4,15.4,44,0.292,0
6,59,0.196,64,29.2,8335,18,29.5,12.0,40,0.292,0
27,27,0.193,64,28.8,8336,0,30.0,8.6,30,0.292,0
35,37,0.192,65,25.9,8337,6,29.4,9.9,33,0.292,0
17,100,0.191,75,25.9,8338,100,27.2,12.4,351,0.292,0
13,94,0.192,84,22.7,8339,100,26.2,8.2,350,0.292,0
0,68,0.192,86,11.5,8340,100,26.6,10.1,43,0.292,0
0,100,0.218,79,15.8,8341,100,26.9,17.3,23,0.277,0
7,90,0.217,77,20.2,8342,100,26.9,17.5,50,0.277,0
0,100,0.216,78,20.2,8343,100,26.5,14.8,26,0.277,0
0,31,0.216,81,16.6,8344,100,26.2,13.5,23,0.277,0
1,54,0.215,85,12.2,8345,100,25.9,8.9,29,0.277,0
5,53,0.215,88,6.8,8346,100,25.7,7.2,35,0.277,0
5,76,0.215,88,4.7,8347,90,25.6,10.2,58,0.277,0
3,95,0.215,80,12.6,8348,46,25.5,15.1,63,0.277,0
7,47,0.214,75,15.5,8349,100,25.2,15.5,70,0.277,0
8,100,0.214,78,14.4,8350,100,24.6,10.9,56,0.277,0
9,33,0.213,77,7.6,8351,100,24.7,9.2,40,0.277,0
5,30,0.213,79,7.9,8352,100,24.6,8.1,28,0.277,0
0,21,0.22,80,13.3,8353,95,26.0,7.5,349,0.281,0
0,19,0.218,68,20.2,8354,95,27.5,10.9,9,0.281,0
0,18,0.215,62,21.6,8355,90,28.5,11.3,31,0.281,0
42,21,0.211,58,33.1,8356,87,30.2,19.3,75,0.281,0
6,32,0.207,55,34.2,8357,78,30.5,19.3,76,0.281,0
6,100,0.202,54,35.3,8358,15,30.7,20.0,74,0.281,0
3,100,0.199,58,35.6,8359,11,29.1,16.6,58,0.281,0
7,81,0.197,59,26.6,8360,77,28.9,16.2,54,0.281,0
1,40,0.195,56,27.4,8361,95,29.5,15.5,51,0.281,0
7,43,0.193,56,29.2,8362,75,29.1,22.0,66,0.281,0
2,84,0.191,59,34.2,8363,73,27.5,26.6,72,0.281,0
0,79,0.19,62,33.1,8364,100,26.5,22.4,72,0.281,0
3,71,0.203,67,19.1,8365,89,26.7,16.2,69,0.281,0
0,14,0.202,69,17.6,8366,6,26.4,18.6,47,0.281,0
1,10,0.202,70,17.6,8367,24,26.1,19.3,39,0.281,0
4,27,0.201,71,18.4,8368,18,26.0,18.4,35,0.281,0
7,92,0.2,74,16.6,8369,94,25.7,17.1,35,0.281,0
8,100,0.2,73,15.5,8370,100,25.4,15.3,44,0.281,0
4,67,0.199,71,13.3,8371,85,25.0,15.2,59,0.281,0
1,41,0.199,72,13.3,8372,92,24.2,13.1,57,0.281,0
1,100,0.199,76,9.7,8373,37,23.5,11.5,39,0.281,0
2,100,0.198,75,8.6,8374,88,23.5,9.6,34,0.281,0
1,100,0.198,74,10.1,8375,99,23.1,10.5,17,0.281,0
1,100,0.198,73,10.1,8376,85,22.9,8.8,20,0.281,0
4,31,0.2,65,13.7,8377,0,24.0,7.6,18,0.293,0
0,22,0.199,60,17.6,8378,0,25.2,8.6,39,0.293,0
0,58,0.196,56,21.2,8379,0,26.5,10.2,60,0.293,0
0,80,0.193,52,23.0,8380,0,27.4,10.7,63,0.293,0
0,22,0.19,50,22.3,8381,0,28.2,8.9,45,0.293,0
0,51,0.186,47,21.6,8382,0,29.4,7.8,23,0.293,0
0,90,0.183,47,22.0,8383,0,29.6,9.5,22,0.293,0
0,100,0.18,46,22.3,8384,0,29.8,10.6,21,0.293,0
0,99,0.178,47,22.7,8385,0,29.2,12.6,3,0.293,0
0,95,0.177,50,25.2,8386,67,27.9,17.9,3,0.293,0
0,88,0.176,53,26.3,8387,49,26.9,19.8,14,0.293,0
2,93,0.175,54,23.4,8388,74,26.5,19.3,24,0.293,0
4,100,0.173,56,20.2,8389,60,27.0,17.2,30,0.294,0
2,91,0.172,59,22.0,8390,50,26.7,19.9,49,0.294,0
8,31,0.172,57,26.6,8391,0,26.3,21.9,48,0.294,0
15,27,0.171,58,25.2,8392,0,25.7,16.6,49,0.294,0
3,24,0.171,62,16.6,8393,6,25.0,13.4,37,0.294,0
2,34,0.171,64,11.2,8394,5,24.5,11.9,15,0.294,0
1,60,0.17,65,9.7,8395,84,24.0,11.3,22,0.294,0
2,62,0.17,70,8.3,8396,99,23.5,7.4,23,0.294,0
0,8,0.17,70,5.0,8397,2,23.4,6.5,48,0.294,0
0,46,0.17,73,4.7,8398,0,23.0,6.0,57,0.294,0
0,47,0.17,73,3.6,8399,27,22.6,4.7,72,0.294,0
0,100,0.17,68,4.0,8400,98,22.6,4.8,75,0.294,0
0,99,0.172,59,13.0,8401,0,23.5,7.6,352,0.288,0
0,9,0.171,54,15.5,8402,1,25.0,5.8,5,0.288,0
0,17,0.17,48,18.0,8403,0,27.0,6.4,22,0.288,0
0,11,0.168,44,21.2,8404,79,28.6,8.4,43,0.288,0
0,11,0.166,41,25.2,8405,46,30.0,11.0,50,0.288,0
0,4,0.164,40,25.9,8406,40,30.9,10.9,50,0.288,0
0,3,0.163,39,25.2,8407,76,31.5,9.2,59,0.288,0
4,4,0.162,38,23.8,8408,66,31.7,10.4,58,0.288,0
2,7,0.161,40,23.8,8409,0,31.4,11.0,56,0.288,0
0,9,0.16,43,22.7,8410,25,30.4,11.7,72,0.288,0
0,1,0.16,52,20.5,8411,69,28.8,13.2,83,0.288,0
0,2,0.16,57,17.3,8412,5,27.6,14.6,88,0.288,0
0,3,0.16,59,9.0,8413,95,27.8,9.4,78,0.284,0
0,2,0.16,61,9.7,8414,59,27.2,11.3,56,0.284,0
0,3,0.16,59,14.4,8415,0,26.7,14.1,51,0.284,0
0,0,0.16,60,14.8,8416,3,26.1,12.7,45,0.284,0
0,0,0.16,63,12.2,8417,44,25.5,11.7,43,0.284,0
0,0,0.16,65,11.5,8418,58,24.9,12.1,43,0.284,0
0,0,0.16,67,11.9,8419,0,24.2,12.5,45,0.284,0
0,0,0.16,69,11.9,8420,57,23.6,11.6,49,0.284,0
0,0,0.16,71,9.7,8421,46,23.0,9.5,54,0.284,0
0,0,0.16,72,7.2,8422,49,22.6,8.0,62,0.284,0
0,0,0.16,71,7.6,8423,61,22.4,8.7,73,0.284,0
0,0,0.16,66,10.8,8424,4,22.4,10.4,79,0.284,0
0,0,0.169,65,10.8,8425,100,23.9,4.4,58,0.279,0
0,0,0.168,60,13.0,8426,72,25.3,3.4,84,0.279,0
0,0,0.167,54,13.7,8427,57,26.9,1.7,72,0.279,0
0,2,0.165,47,13.3,8428,7,28.6,1.3,360,0.279,0
0,1,0.164,42,16.6,8429,0,30.1,3.8,65,0.279,0
0,0,0.162,38,19.1,8430,0,31.1,5.2,74,0.279,0
0,1,0.161,36,19.1,8431,0,31.6,5.1,67,0.279,0
0,1,0.16,36,18.4,8432,0,31.8,4.8,53,0.279,0
1,0,0.159,37,16.9,8433,0,31.5,4.1,49,0.279,0
2,0,0.159,40,14.8,8434,0,30.6,4.2,70,0.279,0
0,0,0.158,45,11.9,8435,0,29.2,5.0,75,0.279,0
0,0,0.158,49,7.2,8436,0,28.5,7.5,48,0.279,0
0,0,0.157,52,9.0,8437,0,28.5,6.6,49,0.28,0
0,4,0.157,54,6.1,8438,0,27.9,6.2,15,0.28,0
0,0,0.157,55,6.1,8439,0,27.4,6.9,15,0.28,0
0,0,0.157,56,7.9,8440,0,26.8,8.5,48,0.28,0
0,0,0.157,61,7.6,8441,0,26.1,7.9,63,0.28,0
0,0,0.157,58,10.1,8442,0,26.1,12.2,65,0.28,0
0,0,0.157,59,11.2,8443,0,25.6,11.9,67,0.28,0
0,2,0.157,62,10.1,8444,0,24.9,10.8,46,0.28,0
0,0,0.158,67,11.2,8445,0,24.1,11.5,14,0.28,0
0,0,0.158,71,12.2,8446,0,23.5,12.5,354,0.28,0
0,0,0.158,71,15.1,8447,0,23.1,14.8,354,0.28,0
0,0,0.158,69,17.3,8448,57,23.0,16.7,360,0.28,0
0,1,0.161,61,19.4,8449,97,24.7,12.8,15,0.282,0
0,0,0.161,55,20.5,8450,88,26.6,10.1,27,0.282,0
0,0,0.16,49,20.9,8451,66,28.5,7.5,55,0.282,0
0,0,0.16,44,19.8,8452,69,30.2,5.9,78,0.282,0
0,0,0.159,39,22.7,8453,50,31.6,8.6,82,0.282,0
3,0,0.158,37,27.0,8454,87,32.5,11.2,84,0.282,0
5,31,0.157,36,32.8,8455,6,32.8,15.9,74,0.282,0
5,15,0.157,38,37.4,8456,11,32.3,19.8,76,0.282,0
2,5,0.157,39,39.2,8457,0,31.3,22.5,78,0.282,0
0,1,0.157,44,38.9,8458,5,29.9,22.0,77,0.282,0
0,0,0.157,50,34.9,8459,1,28.5,22.1,80,0.282,0
0,0,0.157,52,28.1,8460,17,28.1,20.4,68,0.282,0
0,15,0.159,51,25.9,8461,0,28.2,20.1,83,0.282,0
0,5,0.159,52,22.7,8462,27,28.0,14.8,67,0.282,0
0,3,0.159,52,19.4,8463,17,27.6,19.1,54,0.282,0
0,2,0.159,52,23.8,8464,6,27.3,21.4,51,0.282,0
0,0,0.158,53,24.5,8465,0,26.9,21.5,54,0.282,0
0,0,0.158,55,24.8,8466,0,26.2,22.1,58,0.282,0
0,3,0.158,57,24.8,8467,0,25.7,21.0,57,0.282,0
0,0,0.158,59,22.3,8468,17,25.1,19.1,61,0.282,0
0,0,0.158,61,19.8,8469,78,24.5,17.4,58,0.282,0
0,0,0.159,65,17.6,8470,92,23.9,12.8,48,0.282,0
0,0,0.159,69,10.8,8471,14,23.2,10.2,41,0.282,0
0,0,0.159,72,7.9,8472,34,23.0,7.5,40,0.282,0
0,0,0.169,67,13.0,8473,96,24.1,6.6,47,0.276,0
0,0,0.168,61,15.1,8474,82,25.5,5.6,69,0.276,0
0,0,0.167,55,16.9,8475,43,27.2,5.1,73,0.276,0
0,0,0.165,49,17.3,8476,90,28.9,4.5,88,0.276,0
0,0,0.164,45,19.1,8477,83,30.1,5.3,98,0.276,0
0,0,0.162,40,21.6,8478,78,31.1,7.3,97,0.276,0
4,18,0.161,37,24.5,8479,57,31.7,9.5,92,0.276,0
1,56,0.16,36,28.4,8480,2,31.9,13.2,84,0.276,0
5,6,0.159,39,32.0,8481,0,31.0,17.0,83,0.276,0
5,7,0.159,43,32.4,8482,14,29.6,18.8,78,0.276,0
2,0,0.158,48,30.6,8483,12,28.3,17.8,72,0.276,0
0,0,0.158,50,23.8,8484,0,27.5,19.4,68,0.276,0
0,1,0.157,47,22.0,8485,0,27.8,19.2,65,0.276,0
5,0,0.157,49,29.2,8486,2,27.1,25.2,76,0.276,0
4,0,0.157,49,31.3,8487,0,26.6,24.4,61,0.276,0
0,0,0.157,48,28.4,8488,0,26.4,21.9,57,0.276,0
0,0,0.157,48,24.5,8489,0,26.0,21.1,58,0.276,0
0,0,0.157,50,23.0,8490,0,25.4,18.3,56,0.276,0
0,0,0.157,53,18.4,8491,0,24.6,15.1,49,0.276,0
0,0,0.157,58,13.3,8492,47,23.8,12.9,30,0.276,0
0,0,0.157,63,10.8,8493,45,22.9,10.3,12,0.276,0
0,0,0.157,70,7.6,8494,40,22.1,8.2,38,0.276,0
0,0,0.157,71,5.4,8495,76,21.9,5.1,51,0.276,0
0,0,0.158,74,2.5,8496,62,21.8,3.3,68,0.276,0
0,0,0.158,61,11.5,8497,99,22.9,4.9,354,0.276,0
0,0,0.158,54,12.2,8498,100,24.6,2.6,56,0.276,0
0,0,0.157,50,16.6,8499,96,26.4,4.4,109,0.276,0
0,0,0.157,45,18.7,8500,100,27.9,4.8,121,0.276,0
0,0,0.157,42,18.7,8501,100,29.0,4.3,123,0.276,0
0,0,0.156,38,19.1,8502,99,30.0,4.3,114,0.276,0
1,0,0.156,35,19.4,8503,99,30.8,5.0,109,0.276,0
2,0,0.156,33,20.2,8504,100,31.0,6.5,96,0.276,0
3,0,0.156,34,22.7,8505,76,30.5,9.5,89,0.276,0
3,0,0.156,36,23.4,8506,0,29.5,11.6,85,0.276,0
0,0,0.156,40,22.7,8507,0,28.1,11.7,79,0.276,0
0,0,0.156,44,17.3,8508,34,27.4,9.7,78,0.276,0
0,0,0.156,48,12.6,8509,1,26.9,10.4,75,0.276,0
1,0,0.156,49,9.7,8510,51,26.7,11.6,64,0.276,0
0,0,0.156,55,9.0,8511,93,26.3,7.7,54,0.276,0
0,0,0.156,55,6.1,8512,82,25.6,5.4,4,0.276,0
0,0,0.156,59,11.2,8513,97,24.9,9.8,334,0.276,0
0,0,0.156,63,13.0,8514,92,24.1,11.7,335,0.276,0
0,0,0.156,64,11.9,8515,82,23.6,10.6,341,0.276,0
0,0,0.156,66,10.8,8516,83,23.1,11.0,342,0.276,0
0,0,0.157,68,10.4,8517,40,22.6,11.3,335,0.276,0
0,0,0.157,71,9.0,8518,84,22.0,9.1,9,0.276,0
0,0,0.157,72,7.2,8519,77,21.8,8.4,19,0.276,0
0,0,0.157,73,9.0,8520,59,21.6,9.6,16,0.276,0
0,0,0.157,70,13.3,8521,93,22.5,7.3,23,0.276,0
0,0,0.157,61,13.3,8522,97,24.9,3.9,34,0.276,0
0,0,0.157,50,16.9,8523,98,27.4,5.1,51,0.276,0
0,0,0.157,42,23.0,8524,98,29.0,9.3,58,0.276,0
1,0,0.156,38,26.3,8525,100,30.2,10.9,68,0.276,0
4,0,0.156,36,27.0,8526,100,31.0,10.8,66,0.276,0
1,40,0.156,32,26.6,8527,91,31.8,10.5,61,0.276,0
0,63,0.156,30,26.3,8528,99,31.9,10.2,54,0.276,0
0,76,0.156,31,24.5,8529,100,31.0,9.8,72,0.276,0
0,100,0.156,35,20.5,8530,87,29.9,9.9,74,0.276,0
11,0,0.156,41,19.4,8531,0,28.5,12.0,72,0.276,0
2,12,0.156,45,19.1,8532,3,27.8,12.9,78,0.276,0
13,16,0.156,44,10.8,8533,2,27.8,7.1,80,0.276,0
25,20,0.156,46,6.8,8534,8,27.4,9.0,44,0.276,0
11,1,0.156,47,13.7,8535,44,26.9,13.3,48,0.276,0
0,1,0.156,51,17.6,8536,57,26.1,16.2,45,0.276,0
0,0,0.156,52,19.1,8537,70,25.5,18.8,51,0.276,0
0,0,0.156,53,21.2,8538,99,25.0,19.9,55,0.276,0
0,0,0.156,55,20.9,8539,100,24.4,18.2,54,0.276,0
0,0,0.156,58,18.0,8540,100,23.8,16.9,45,0.276,0
0,0,0.156,61,16.2,8541,99,23.2,15.8,53,0.276,0
0,0,0.156,62,20.9,8542,57,22.6,20.1,61,0.276,0
0,0,0.156,62,21.2,8543,4,22.1,20.3,64,0.276,0
0,0,0.156,62,22.0,8544,42,21.8,19.7,66,0.276,0
0,0,0.157,62,14.8,8545,99,22.8,9.2,62,0.276,0
0,0,0.156,55,20.9,8546,97,24.4,10.0,70,0.276,0
0,0,0.156,49,21.6,8547,65,26.0,7.7,53,0.276,0
0,0,0.156,42,20.2,8548,69,27.9,4.9,24,0.276,0
0,0,0.156,35,18.4,8549,87,29.5,2.5,8,0.276,0
2,0,0.156,31,17.3,8550,81,30.5,3.8,49,0.276,0
1,4,0.156,30,20.2,8551,12,30.8,6.3,53,0.276,0
4,8,0.156,32,24.8,8552,12,30.4,10.5,59,0.276,0
1,69,0.155,36,29.5,8553,10,29.4,15.0,71,0.276,0
12,30,0.155,41,34.2,8554,0,28.0,20.7,72,0.276,0
0,1,0.156,43,34.2,8555,0,27.0,21.2,70,0.276,0
5,8,0.156,46,30.6,8556,0,26.2,19.8,73,0.276,0
24,13,0.156,46,27.4,8557,93,26.0,19.1,79,0.276,0
26,14,0.156,47,25.2,8558,28,25.6,20.7,71,0.276,0
0,0,0.156,49,27.0,8559,80,25.2,21.0,47,0.276,0
0,0,0.156,50,25.9,8560,89,24.6,19.3,46,0.276,0
0,0,0.156,51,21.6,8561,25,24.2,18.2,47,0.276,0
0,0,0.156,52,19.4,8562,12,23.8,16.7,37,0.276,0
0,0,0.156,53,16.6,8563,48,23.4,16.2,30,0.276,0
0,0,0.156,56,15.5,8564,69,22.8,14.2,33,0.276,0
0,0,0.156,59,13.0,8565,76,22.0,12.8,35,0.276,0
0,0,0.156,62,11.9,8566,100,21.4,12.1,41,0.276,0
0,0,0.156,65,10.8,8567,100,20.7,11.1,44,0.276,0
0,0,0.156,67,9.4,8568,100,20.4,8.7,47,0.276,0
0,0,0.156,62,14.8,8569,97,21.7,6.9,14,0.276,0
0,0,0.156,54,16.2,8570,17,23.5,5.9,11,0.276,0
0,0,0.156,47,16.9,8571,47,25.5,4.4,12,0.276,0
0,0,0.156,40,17.6,8572,89,27.3,4.4,35,0.276,0
0,0,0.156,34,20.2,8573,52,28.8,6.2,49,0.276,0
0,0,0.156,30,25.2,8574,16,30.0,10.0,64,0.276,0
0,0,0.156,31,29.2,8575,9,30.3,12.7,82,0.276,0
0,0,0.155,33,29.2,8576,29,30.0,11.6,96,0.276,0
0,0,0.155,35,27.4,8577,92,29.4,10.0,97,0.276,0
0,0,0.155,37,23.0,8578,79,28.6,10.3,84,0.276,0
0,0,0.155,42,21.6,8579,73,27.5,13.7,81,0.276,0
0,0,0.156,46,20.5,8580,84,27.0,11.7,70,0.276,0
3,0,0.156,46,19.8,8581,24,27.1,12.7,47,0.276,0
4,3,0.156,47,14.4,8582,0,27.0,10.6,34,0.276,0
0,0,0.156,49,12.6,8583,0,26.4,12.5,7,0.276,0
0,0,0.156,52,13.7,8584,0,25.6,12.5,11,0.276,0
0,0,0.156,54,11.9,8585,5,25.1,10.6,24,0.276,0
0,0,0.156,56,9.7,8586,64,24.5,10.1,19,0.276,0
0,1,0.156,59,12.2,8587,41,23.9,11.4,3,0.276,0
3,6,0.156,62,16.9,8588,45,23.0,15.9,357,0.276,0
0,0,0.156,63,20.2,8589,39,22.6,19.1,359,0.276,0
0,0,0.156,63,20.2,8590,65,22.4,18.7,1,0.276,0
0,0,0.156,64,19.4,8591,0,22.0,17.0,6,0.276,0
0,0,0.156,65,16.9,8592,0,21.9,14.7,11,0.276,0
0,0,0.156,61,21.6,8593,0,23.4,13.7,2,0.276,0
0,0,0.156,55,21.2,8594,0,25.4,9.3,16,0.276,0
0,0,0.156,48,20.5,8595,0,27.5,7.7,33,0.276,0
0,0,0.156,42,20.2,8596,0,29.5,5.0,44,0.276,0
0,0,0.156,37,18.4,8597,0,31.0,3.7,61,0.276,0
0,0,0.156,35,17.6,8598,0,32.0,3.1,87,0.276,0
39,56,0.155,35,21.6,8599,0,32.8,7.5,147,0.276,0
5,94,0.155,37,32.4,8600,2,32.7,15.1,154,0.276,0
23,37,0.155,45,37.8,8601,0,30.8,19.5,166,0.276,0
45,5,0.155,46,36.4,8602,0,29.6,12.8,170,0.276,0
25,0,0.155,49,23.8,8603,0,28.6,8.8,136,0.276,0
22,0,0.155,51,15.1,8604,0,28.5,11.3,97,0.276,0
6,1,0.155,52,11.9,8605,0,28.5,9.2,102,0.276,0
10,5,0.155,55,15.1,8606,0,28.1,13.9,80,0.276,0
21,0,0.156,52,21.2,8607,0,27.5,18.5,66,0.276,0
7,5,0.156,51,24.8,8608,0,27.1,21.2,66,0.276,0
0,15,0.156,53,25.2,8609,0,26.6,21.8,70,0.276,0
0,4,0.156,53,24.8,8610,7,26.1,19.7,63,0.276,0
0,5,0.156,55,21.2,8611,67,25.5,14.5,44,0.276,0
0,0,0.156,60,14.8,8612,100,24.6,11.3,17,0.276,0
0,0,0.156,65,10.8,8613,100,23.9,10.0,352,0.276,0
0,0,0.156,67,13.0,8614,98,23.4,12.0,338,0.276,0
0,0,0.156,65,15.1,8615,100,22.9,13.1,342,0.276,0
0,0,0.156,64,14.8,8616,99,22.7,10.8,360,0.276,0
0,0,0.156,61,13.3,8617,100,24.0,5.2,354,0.276,0
0,0,0.156,55,13.0,8618,100,25.8,3.1,77,0.276,0
0,0,0.156,51,16.6,8619,94,27.5,4.2,95,0.276,0
0,0,0.156,45,16.6,8620,100,29.5,3.3,49,0.276,0
0,0,0.156,38,18.4,8621,100,31.2,4.6,36,0.276,0
0,0,0.155,35,20.2,8622,100,32.4,5.8,30,0.276,0
0,0,0.155,33,20.5,8623,73,32.8,3.2,47,0.276,0
0,0,0.155,35,17.3,8624,17,32.5,3.9,146,0.276,0
0,0,0.155,39,18.0,8625,34,31.7,5.1,176,0.276,0
0,0,0.155,44,18.0,8626,29,30.5,3.7,191,0.276,0
2,0,0.155,49,12.6,8627,4,29.2,1.3,82,0.276,0
0,0,0.155,49,7.2,8628,3,28.8,7.4,29,0.276,0
0,0,0.155,46,12.6,8629,3,28.8,9.8,7,0.276,0
0,0,0.155,48,15.1,8630,100,28.1,13.0,14,0.276,0
0,0,0.155,49,20.5,8631,100,27.5,17.0,23,0.276,0
0,0,0.155,51,20.5,8632,98,26.9,14.2,33,0.276,0
0,0,0.155,53,15.5,8633,100,26.4,9.6,23,0.276,0
0,0,0.156,55,12.6,8634,95,25.9,11.6,4,0.276,0
0,0,0.156,56,16.2,8635,73,25.2,15.1,1,0.276,0
0,0,0.156,55,18.4,8636,99,24.6,17.1,358,0.276,0
0,0,0.156,56,18.4,8637,44,24.2,16.9,1,0.276,0
0,7,0.156,56,18.7,8638,9,23.9,18.1,5,0.276,0
0,10,0.156,55,19.1,8639,68,23.8,17.5,5,0.276,0
0,18,0.156,55,18.0,8640,97,23.8,14.4,3,0.276,0
0,38,0.156,54,22.0,8641,89,25.2,15.8,360,0.276,0
0,12,0.156,49,22.7,8642,60,27.0,11.4,6,0.276,0
0,38,0.156,44,22.0,8643,37,29.2,8.8,20,0.276,0
3,48,0.156,40,21.6,8644,0,30.6,6.4,32,0.276,0
2,53,0.155,38,19.8,8645,0,32.0,6.4,54,0.276,0
9,98,0.155,37,21.6,8646,0,32.7,7.2,90,0.276,0
13,100,0.155,39,23.0,8647,0,32.0,9.9,102,0.276,0
11,100,0.155,43,23.4,8648,0,31.3,9.9,93,0.276,0
7,78,0.155,42,22.0,8649,0,31.8,11.1,67,0.276,0
7,46,0.155,43,22.3,8650,0,31.7,12.0,54,0.276,0
17,35,0.155,46,20.5,8651,0,31.0,13.1,81,0.276,0
9,41,0.155,52,17.6,8652,0,30.0,11.4,78,0.276,0
0,48,0.155,49,7.9,8653,4,29.5,6.3,358,0.276,0
0,44,0.155,52,9.0,8654,5,29.0,10.8,18,0.276,0
0,22,0.156,54,13.0,8655,69,28.9,12.2,25,0.276,0
0,14,0.156,57,14.4,8656,36,28.5,14.2,41,0.276,0
5,17,0.156,58,14.4,8657,76,28.4,13.1,42,0.276,0
5,11,0.156,59,13.7,8658,32,28.0,14.1,21,0.276,0
5,13,0.156,63,15.1,8659,32,27.2,14.4,2,0.276,0
5,18,0.156,63,16.2,8660,25,26.7,15.7,5,0.276,0
2,20,0.156,64,16.2,8661,1,26.4,13.4,11,0.276,0
2,100,0.156,64,13.0,8662,92,26.1,11.4,12,0.276,0
0,100,0.156,64,10.8,8663,28,26.2,8.1,21,0.276,0
0,3,0.156,65,6.8,8664,6,26.0,7.7,62,0.276,0
0,0,0.156,61,13.3,8665,0,27.4,7.7,49,0.276,0
0,2,0.156,55,15.8,8666,2,29.1,5.8,99,0.276,0
1,3,0.156,50,16.9,8667,1,30.9,4.3,92,0.276,0
3,16,0.156,44,19.4,8668,11,32.7,6.1,87,0.276,0
0,24,0.155,40,27.0,8669,28,34.0,12.1,91,0.276,0
0,15,0.156,40,32.0,8670,0,34.2,15.5,93,0.276,0
0,8,0.155,40,33.8,8671,100,34.3,15.9,94,0.276,0
4,21,0.155,41,32.4,8672,59,34.1,15.5,94,0.276,0
15,36,0.155,43,33.1,8673,10,33.5,16.6,90,0.276,0
5,14,0.156,48,32.4,8674,89,32.2,14.4,77,0.276,0
7,27,0.156,53,25.6,8675,99,31.0,14.2,61,0.276,0
8,71,0.156,54,20.2,8676,100,30.9,11.1,53,0.276,0
7,26,0.164,57,11.9,8677,100,30.4,11.0,26,0.276,0
7,12,0.164,59,11.5,8678,100,30.1,11.6,16,0.276,0
1,22,0.163,62,14.0,8679,43,29.5,14.2,9,0.276,0
10,15,0.163,64,14.0,8680,4,29.0,14.4,34,0.276,0
21,18,0.163,63,14.0,8681,100,28.7,15.2,54,0.276,0
71,12,0.163,62,16.2,8682,99,28.4,16.9,56,0.276,0
4,0,0.162,62,16.2,8683,100,28.2,15.9,51,0.276,0
3,2,0.162,65,15.8,8684,100,27.4,16.8,57,0.276,0
5,9,0.162,66,17.6,8685,100,26.8,17.2,61,0.276,0
4,6,0.162,63,20.9,8686,100,26.5,20.2,71,0.276,0
4,17,0.161,62,25.2,8687,100,26.0,22.8,76,0.276,0
3,22,0.161,61,27.4,8688,100,25.5,24.6,79,0.276,0
2,0,0.177,62,18.0,8689,100,26.5,13.3,80,0.276,0
0,2,0.175,57,24.5,8690,100,27.6,15.4,76,0.276,0
0,10,0.174,52,36.0,8691,99,29.0,22.1,66,0.276,0
1,8,0.171,49,39.2,8692,95,30.0,22.9,67,0.276,0
1,6,0.169,47,40.3,8693,65,31.3,23.1,67,0.276,0
1,10,0.167,46,40.3,8694,25,31.9,22.6,67,0.276,0
3,5,0.165,45,40.3,8695,0,32.3,21.9,68,0.276,0
3,16,0.163,44,40.7,8696,0,32.4,21.3,66,0.276,0
1,24,0.162,44,37.4,8697,0,32.0,21.6,69,0.276,0
0,5,0.162,45,36.0,8698,0,31.0,22.7,74,0.276,0
0,5,0.161,48,34.9,8699,0,29.8,21.5,76,0.276,0
1,7,0.161,50,26.3,8700,71,29.0,21.6,74,0.276,0
9,26,0.172,56,18.4,8701,7,28.5,15.1,65,0.276,0
0,13,0.171,57,16.9,8702,0,28.0,16.6,49,0.276,0
0,44,0.17,62,16.9,8703,3,27.5,16.9,45,0.276,0
0,44,0.17,61,22.3,8704,2,27.2,20.8,64,0.276,0
0,86,0.169,55,25.9,8705,9,26.7,23.1,72,0.276,0
0,1,0.169,53,27.0,8706,5,26.1,23.8,71,0.276,0
0,2,0.168,55,27.0,8707,4,25.4,22.8,73,0.276,0
0,25,0.168,58,24.5,8708,2,24.5,20.6,74,0.276,0
0,12,0.167,60,20.2,8709,1,24.0,17.7,63,0.276,0
0,7,0.167,63,15.8,8710,4,23.3,14.5,62,0.276,0
0,14,0.167,65,10.8,8711,0,22.9,13.4,72,0.276,0
0,11,0.166,64,12.2,8712,0,22.8,14.7,70,0.276,0
1,5,0.175,62,13.3,8713,0,24.2,8.1,72,0.276,0
0,0,0.174,55,17.3,8714,0,25.8,8.0,74,0.276,0
0,0,0.172,50,19.4,8715,0,27.5,7.8,64,0.276,0
0,8,0.17,46,24.5,8716,0,29.0,10.8,66,0.276,0
1,29,0.168,43,28.1,8717,0,30.0,12.9,69,0.276,0
1,0,0.166,42,29.5,8718,0,30.9,13.9,65,0.276,0
10,0,0.164,41,29.9,8719,0,31.5,14.2,64,0.277,0
63,35,0.162,40,31.3,8720,0,32.0,15.2,66,0.277,0
100,63,0.161,42,30.6,8721,0,31.5,10.9,56,0.277,0
94,35,0.16,44,22.3,8722,0,30.7,6.9,47,0.277,0
10,0,0.16,47,13.7,8723,0,29.8,5.6,75,0.277,0
7,0,0.16,54,9.4,8724,0,28.6,8.0,104,0.277,0
0,0,0.17,56,10.4,8725,0,28.0,11.1,83,0.277,0
3,0,0.17,58,10.8,8726,0,27.4,13.2,73,0.277,0
0,0,0.169,60,10.1,8727,0,26.6,13.1,69,0.277,0
0,0,0.169,61,10.1,8728,0,26.0,13.0,57,0.277,0
0,0,0.168,61,11.5,8729,0,25.5,14.7,68,0.277,0
0,0,0.168,60,14.8,8730,0,25.0,17.2,72,0.277,0
0,0,0.168,60,16.2,8731,0,24.6,19.1,79,0.277,0
0,0,0.167,60,18.0,8732,0,24.3,20.7,80,0.277,0
0,0,0.167,61,18.0,8733,0,24.0,19.7,82,0.277,0
0,0,0.167,62,16.9,8734,0,23.5,17.6,75,0.277,0
0,0,0.166,65,14.0,8735,0,23.0,15.3,62,0.277,0
0,0,0.166,66,11.9,8736,0,22.8,13.7,44,0.277,0
0,0,0.191,72,10.4,8737,0,23.8,8.7,24,0.277,0
0,0,0.19,61,15.5,8738,0,25.8,6.9,17,0.277,0
0,0,0.187,54,17.6,8739,0,27.4,6.9,9,0.277,0
0,0,0.184,50,18.4,8740,0,28.9,6.3,13,0.277,0
0,0,0.181,45,18.0,8741,29,30.1,5.2,16,0.277,0
0,0,0.177,42,17.6,8742,9,31.0,4.6,26,0.277,0
2,0,0.174,40,16.9,8743,6,31.6,3.1,31,0.277,0
11,0,0.171,39,14.8,8744,0,32.0,3.1,90,0.277,0
7,28,0.169,40,19.4,8745,0,31.5,8.3,138,0.277,0
12,22,0.167,48,22.3,8746,0,29.9,12.4,163,0.277,0
14,0,0.166,56,21.6,8747,0,28.1,11.8,172,0.277,0
3,0,0.166,63,13.3,8748,9,27.2,5.3,172,0.277,0
0,0,0.162,62,11.2,8749,4,27.5,3.7,203,0.277,0
0,0,0.162,66,4.7,8750,0,27.0,2.3,45,0.277,0
0,0,0.162,62,7.6,8751,72,26.5,8.1,356,0.277,0
0,0,0.162,60,13.7,8752,94,26.2,14.2,342,0.277,0
0,0,0.161,63,13.3,8753,97,25.2,9.5,360,0.277,0
0,0,0.161,69,7.9,8754,98,24.6,6.8,79,0.277,0
0,0,0.161,71,3.2,8755,100,24.0,8.5,94,0.277,0
0,0,0.161,74,6.1,8756,99,23.0,9.3,68,0.277,0
0,0,0.161,76,6.1,8757,96,22.6,9.9,58,0.277,0
0,0,0.161,76,5.0,8758,73,22.4,7.8,46,0.277,0
0,0,0.161,81,5.8,8759,17,21.5,6.4,11,0.277,0
0,0,0.161,83,6.1,8760,17,21.2,7.3,36,0.277,0
0,0,0.171,73,7.6,8761,7,22.7,4.5,50,0.277,0
0,0,0.171,60,14.4,8762,9,25.0,6.5,98,0.277,0
0,0,0.169,51,20.2,8763,6,27.0,8.6,70,0.277,0
0,0,0.167,44,20.5,8764,9,28.8,7.3,65,0.277,0
0,0,0.165,39,20.5,8765,4,30.1,5.3,33,0.277,0
0,0,0.163,35,18.7,8766,8,31.1,4.2,7,0.277,0
0,0,0.162,33,17.3,8767,53,31.8,3.8,352,0.277,0
0,0,0.16,32,16.2,8768,0,32.2,4.2,350,0.277,0
3,1,0.159,31,16.2,8769,3,32.0,4.0,21,0.277,0
0,0,0.159,30,18.4,8770,36,31.0,8.8,85,0.277,0
0,0,0.158,42,19.4,8771,80,28.9,11.1,119,0.277,0
0,0,0.158,53,13.3,8772,100,27.8,6.2,120,0.277,0
0,0,0.156,55,12.6,8773,100,27.8,5.8,141,0.277,0
0,0,0.156,52,5.8,8774,99,27.4,4.2,317,0.277,0
0,0,0.156,51,10.1,8775,98,26.9,9.9,339,0.277,0
0,0,0.156,53,9.4,8776,100,26.1,8.5,18,0.277,0
0,0,0.156,54,6.8,8777,100,25.6,8.5,36,0.277,0
0,0,0.156,55,7.9,8778,100,25.2,12.1,42,0.277,0
0,0,0.156,57,8.6,8779,100,24.8,12.0,30,0.277,0
0,0,0.156,60,10.1,8780,100,24.3,12.6,14,0.277,0
2,0,0.156,62,12.6,8781,100,23.8,13.5,5,0.277,0
4,0,0.156,65,14.4,8782,5,23.2,14.0,9,0.277,0
0,0,0.156,68,13.7,8783,12,22.6,10.3,36,0.277,0
0,0,0.156,71,8.3,8784,56,22.4,9.4,90,0.277,0
0,0,0.156,64,11.2,8785,37,24.1,6.9,70,0.277,0
0,0,0.156,57,15.1,8786,34,26.0,5.4,90,0.277,0
0,0,0.156,49,15.5,8787,4,28.2,3.8,73,0.277,0
0,0,0.155,40,18.0,8788,0,30.4,4.8,29,0.277,0
0,0,0.155,35,19.4,8789,0,31.8,5.3,28,0.277,0
0,0,0.155,33,19.4,8790,0,32.8,3.9,43,0.277,0
6,0,0.155,32,18.0,8791,0,33.0,2.9,176,0.277,0
5,43,0.155,35,24.1,8792,0,32.4,8.8,199,0.277,0
3,10,0.155,41,27.7,8793,0,31.5,12.0,196,0.277,0
11,1,0.155,44,28.4,8794,1,30.4,14.8,178,0.277,0
13,0,0.155,48,27.4,8795,11,29.1,14.1,158,0.277,0
5,0,0.155,49,19.1,8796,38,28.6,10.4,136,0.277,0
2,1,0.155,47,16.2,8797,4,28.8,7.1,109,0.277,0
0,0,0.155,52,9.4,8798,0,28.0,4.8,68,0.277,0
0,0,0.155,50,6.1,8799,20,27.4,6.9,351,0.277,0
0,0,0.155,50,11.2,8800,3,26.8,9.9,344,0.277,0
0,0,0.155,54,11.2,8801,1,25.9,9.3,8,0.277,0
0,0,0.155,59,7.9,8802,43,25.1,7.2,28,0.277,0
0,0,0.155,61,4.7,8803,82,24.8,4.1,52,0.277,0
0,0,0.155,64,4.3,8804,56,24.0,3.6,30,0.277,0
0,0,0.155,68,5.0,8805,62,23.3,4.7,28,0.277,0
0,0,0.155,71,3.2,8806,63,22.7,4.7,32,0.277,0
0,0,0.155,71,7.2,8807,63,22.2,6.7,352,0.277,0
0,0,0.155,72,8.3,8808,30,21.9,7.6,357,0.277,0
0,0,0.155,66,11.5,8809,24,23.4,7.4,360,0.277,0
0,0,0.155,53,15.1,8810,16,25.9,5.2,348,0.277,0
0,0,0.155,43,15.8,8811,0,28.6,3.6,357,0.277,0
0,0,0.155,37,17.3,8812,7,30.5,4.3,62,0.277,0
0,0,0.155,34,18.7,8813,0,31.8,4.4,63,0.277,0
0,0,0.155,31,20.2,8814,0,32.8,5.4,75,0.277,0
0,0,0.155,29,21.2,8815,0,33.4,6.6,73,0.277,0
0,1,0.155,29,21.2,8816,20,33.3,5.8,104,0.277,0
0,6,0.155,30,20.9,8817,54,32.5,7.3,126,0.277,0
0,1,0.155,35,23.0,8818,25,31.1,11.3,127,0.277,0
0,0,0.155,42,23.0,8819,29,29.5,9.9,127,0.277,0
0,0,0.155,47,14.8,8820,29,28.9,6.1,90,0.277,0
4,0,0.155,54,10.8,8821,72,29.0,5.8,74,0.277,0
0,0,0.155,46,13.0,8822,60,29.0,11.6,4,0.277,0
0,0,0.155,45,18.4,8823,72,28.4,14.8,347,0.277,0
0,0,0.155,47,15.1,8824,72,27.6,11.2,12,0.277,0
0,0,0.155,51,10.4,8825,96,26.6,9.7,48,0.277,0
0,0,0.155,53,6.8,8826,19,26.1,9.7,50,0.277,0
0,0,0.155,55,9.4,8827,13,25.7,11.3,22,0.277,0
0,0,0.155,57,11.9,8828,27,25.1,12.8,2,0.277,0
0,0,0.155,60,11.9,8829,81,24.4,12.1,1,0.277,0
0,0,0.155,61,14.4,8830,50,23.8,13.5,355,0.277,0
0,0,0.155,62,16.6,8831,90,23.0,15.1,359,0.277,0
0,0,0.155,62,17.6,8832,95,22.8,15.6,19,0.277,0
0,0,0.155,56,17.3,8833,4,24.5,11.5,22,0.277,0
0,0,0.155,48,16.2,8834,0,26.7,6.6,43,0.277,0
0,0,0.155,43,22.0,8835,0,28.6,9.7,45,0.277,0
0,0,0.155,39,26.3,8836,0,30.5,11.6,41,0.277,0
2,0,0.155,35,29.2,8837,0,32.2,13.2,43,0.277,0
2,25,0.155,30,31.3,8838,0,33.5,14.2,51,0.277,0
0,58,0.155,29,31.3,8839,0,33.6,11.9,63,0.277,0
0,96,0.155,33,26.6,8840,0,32.5,9.1,111,0.277,0
9,91,0.155,41,22.0,8841,0,31.4,9.8,120,0.277,0
16,51,0.155,41,21.2,8842,0,30.9,8.5,111,0.277,0
14,33,0.155,42,17.3,8843,0,30.2,7.3,107,0.277,0
6,9,0.155,47,13.0,8844,0,29.4,9.8,107,0.277,0
4,10,0.155,47,7.9,8845,0,29.5,5.8,92,0.277,0
16,10,0.155,48,10.1,8846,0,29.0,10.1,94,0.277,0
15,1,0.155,49,15.1,8847,0,28.3,13.9,65,0.277,0
6,0,0.155,50,16.6,8848,48,27.6,14.9,55,0.277,0
0,0,0.155,53,15.8,8849,62,26.9,14.9,47,0.277,0
0,0,0.155,57,15.5,8850,100,26.1,14.0,30,0.277,0
2,0,0.155,60,14.0,8851,91,25.5,12.6,17,0.277,0
0,0,0.155,63,11.9,8852,87,24.9,11.8,11,0.277,0
1,0,0.155,64,10.8,8853,98,24.3,10.2,24,0.277,0
0,0,0.155,67,8.3,8854,94,23.6,9.1,52,0.277,0
0,0,0.155,69,6.8,8855,98,23.1,9.4,60,0.277,0
0,0,0.155,68,7.2,8856,99,23.0,9.5,61,0.277,0
0,0,0.155,59,10.8,8857,37,24.6,5.2,49,0.277,0
0,0,0.155,52,15.8,8858,83,26.3,5.8,68,0.277,0
0,0,0.155,45,19.1,8859,97,28.2,6.7,59,0.277,0
0,0,0.155,39,20.9,8860,98,30.0,6.9,47,0.277,0
0,0,0.155,34,20.9,8861,96,31.6,6.4,50,0.277,0
1,0,0.155,31,22.3,8862,93,32.8,7.3,60,0.277,0
1,0,0.155,29,23.0,8863,100,33.3,7.6,82,0.277,0
4,3,0.155,30,24.5,8864,93,33.3,8.9,124,0.277,0
18,89,0.155,31,28.1,8865,30,33.0,12.2,154,0.277,0
0,2,0.155,42,28.4,8866,4,30.9,13.0,184,0.277,0
12,0,0.155,49,25.9,8867,8,29.0,12.1,198,0.277,0
6,0,0.155,50,18.7,8868,1,28.5,9.8,175,0.277,0
20,0,0.155,47,13.3,8869,0,28.8,7.5,156,0.277,0
9,0,0.155,48,12.6,8870,0,28.5,11.8,96,0.277,0
3,0,0.155,45,19.8,8871,0,28.0,15.0,66,0.277,0
0,0,0.155,45,19.4,8872,0,27.0,16.3,61,0.277,0
0,0,0.155,44,19.8,8873,0,26.3,18.7,59,0.277,0
0,0,0.155,45,19.8,8874,44,25.8,18.7,58,0.277,0
0,0,0.155,47,19.4,8875,82,25.2,16.7,55,0.277,0
0,0,0.155,49,16.9,8876,81,24.7,15.0,44,0.277,0
2,1,0.155,52,14.8,8877,67,24.2,13.9,33,0.277,0
1,0,0.155,57,13.7,8878,86,23.5,12.8,11,0.277,0
7,1,0.155,60,13.3,8879,87,22.8,11.6,12,0.277,0
1,0,0.155,60,11.5,8880,97,22.5,8.1,18,0.277,0
9,8,0.155,57,10.1,8881,14,23.7,5.0,44,0.277,0
0,0,0.155,49,17.6,8882,85,25.6,7.6,63,0.277,0
0,0,0.155,43,20.2,8883,81,27.4,7.8,56,0.277,0
0,0,0.155,38,22.0,8884,99,29.1,8.0,48,0.277,0
0,0,0.155,33,24.1,8885,100,30.7,9.2,43,0.277,0
0,0,0.155,30,26.3,8886,99,31.8,10.6,42,0.277,0
1,0,0.155,28,27.0,8887,100,32.3,10.4,48,0.277,0
0,3,0.155,29,26.3,8888,100,32.3,8.0,62,0.277,0
2,3,0.155,31,22.3,8889,99,31.5,5.2,96,0.277,0
2,0,0.155,32,17.6,8890,98,30.6,5.1,96,0.277,0
0,0,0.155,34,14.8,8891,99,29.5,5.8,64,0.277,0
0,0,0.155,35,11.5,8892,98,28.7,9.9,25,0.277,0
0,0,0.155,37,12.2,8893,96,28.5,10.5,17,0.277,0
0,0,0.155,39,20.5,8894,65,27.7,16.4,23,0.277,0
0,0,0.155,43,23.0,8895,38,26.6,16.8,45,0.277,0
0,0,0.155,46,19.8,8896,49,25.9,14.1,48,0.277,0
0,0,0.155,49,15.5,8897,81,25.2,13.8,43,0.277,0
0,0,0.155,51,14.0,8898,90,24.6,12.0,43,0.277,0
0,0,0.155,55,9.4,8899,86,23.8,8.8,44,0.277,0
0,0,0.155,56,5.8,8900,97,23.1,6.9,30,0.277,0
0,0,0.155,57,12.6,8901,100,22.6,11.8,343,0.277,0
0,0,0.155,58,13.0,8902,99,21.8,11.1,344,0.277,0
0,0,0.155,59,11.5,8903,61,21.2,9.4,343,0.277,0
0,0,0.155,60,9.4,8904,2,20.9,6.1,346,0.277,0
0,0,0.155,56,14.4,8905,0,21.9,8.2,345,0.277,0
0,0,0.155,48,14.4,8906,60,24.2,3.1,324,0.277,0
0,0,0.155,40,13.3,8907,77,26.6,0.5,270,0.277,0
0,0,0.155,35,14.8,8908,84,28.5,1.7,193,0.277,0
0,0,0.155,32,17.6,8909,91,29.9,3.1,183,0.277,0
0,0,0.155,31,20.5,8910,95,30.8,5.0,167,0.277,0
0,0,0.155,31,21.6,8911,100,31.2,6.0,175,0.277,0
0,0,0.155,32,22.0,8912,97,31.5,7.0,180,0.277,0
0,0,0.155,34,23.0,8913,95,31.0,8.8,179,0.277,0
0,0,0.155,38,22.7,8914,100,29.8,10.6,165,0.277,0
0,0,0.155,43,22.7,8915,97,28.2,11.8,157,0.277,0
0,0,0.155,46,18.0,8916,96,27.4,8.7,162,0.277,0
0,0,0.155,49,13.7,8917,93,27.2,6.7,199,0.277,0
0,0,0.155,54,6.1,8918,48,26.6,3.7,227,0.277,0
0,0,0.155,60,2.9,8919,5,26.5,1.2,321,0.277,0
0,0,0.155,53,3.6,8920,4,26.1,4.6,42,0.277,0
0,0,0.155,51,5.8,8921,10,25.2,8.9,69,0.277,0
0,0,0.155,50,7.6,8922,27,24.6,9.6,81,0.277,0
0,0,0.155,53,7.6,8923,1,23.9,6.3,77,0.277,0
0,0,0.155,52,9.0,8924,0,23.5,7.7,118,0.277,0
0,0,0.155,56,10.8,8925,0,22.7,9.0,96,0.277,0
0,0,0.155,60,8.6,8926,0,22.0,9.5,75,0.277,0
0,0,0.155,62,6.8,8927,0,21.5,7.4,49,0.277,0
0,0,0.155,64,7.6,8928,0,21.2,7.4,13,0.277,0
0,0,0.155,60,10.8,8929,83,22.8,7.9,27,0.277,0
0,0,0.155,47,13.0,8930,96,25.4,3.5,15,0.277,0
0,0,0.155,36,16.9,8931,87,28.0,5.4,48,0.277,0
0,0,0.155,31,23.0,8932,84,30.0,9.1,63,0.277,0
0,0,0.155,28,25.2,8933,96,31.4,9.6,64,0.277,0
0,0,0.155,27,25.6,8934,93,32.2,9.1,68,0.277,0
0,0,0.155,26,25.2,8935,100,32.8,7.6,75,0.277,0
0,0,0.155,26,22.7,8936,100,33.0,4.9,100,0.277,0
0,0,0.155,28,18.7,8937,13,32.5,5.5,167,0.277,0
0,0,0.155,33,19.4,8938,5,31.3,8.4,187,0.277,0
0,0,0.155,40,19.4,8939,4,29.6,10.8,198,0.277,0
0,0,0.155,45,17.6,8940,1,28.6,8.0,218,0.277,0
0,0,0.155,46,11.2,8941,0,28.4,3.9,236,0.277,0
0,0,0.155,47,5.8,8942,0,28.0,3.9,292,0.277,0
0,2,0.155,48,10.1,8943,1,27.5,7.2,328,0.277,0
0,8,0.155,50,14.0,8944,10,26.8,12.7,337,0.277,0
0,13,0.155,52,14.4,8945,0,26.1,12.6,334,0.277,0
0,1,0.155,54,10.4,8946,0,25.5,10.1,329,0.277,0
0,0,0.155,58,6.8,8947,8,24.6,6.1,45,0.277,0
0,0,0.155,58,6.5,8948,0,24.5,6.8,48,0.277,0
0,0,0.155,61,5.0,8949,0,24.1,5.2,41,0.277,0
0,0,0.155,63,3.6,8950,0,23.6,7.4,68,0.277,0
0,0,0.155,64,5.8,8951,30,23.1,9.9,71,0.277,0
0,0,0.155,63,7.2,8952,11,23.0,11.4,72,0.277,0
0,0,0.155,60,10.8,8953,0,24.2,10.3,63,0.277,0
0,0,0.155,48,16.6,8954,17,26.8,7.3,67,0.277,0
0,0,0.155,39,23.4,8955,31,29.4,10.9,84,0.277,0
0,0,0.155,35,28.4,8956,93,30.9,12.8,101,0.277,0
0,0,0.155,33,28.4,8957,43,32.0,10.1,109,0.277,0
0,0,0.155,31,25.6,8958,20,33.0,8.4,110,0.277,0
0,0,0.155,30,23.8,8959,22,33.5,7.5,114,0.277,0
1,1,0.155,30,22.3,8960,7,33.7,7.2,117,0.277,0
0,16,0.155,31,22.0,8961,0,33.5,8.7,140,0.277,0
0,0,0.155,34,22.0,8962,0,32.5,8.1,168,0.277,0
2,0,0.155,40,17.6,8963,0,30.5,6.7,226,0.277,0
0,0,0.155,42,13.0,8964,0,29.7,7.5,255,0.277,0
0,0,0.155,41,9.0,8965,0,29.5,7.4,302,0.277,0
0,3,0.155,42,7.6,8966,0,29.4,7.7,332,0.277,0
0,5,0.155,44,8.3,8967,0,28.8,9.1,10,0.277,0
0,13,0.155,46,7.2,8968,0,28.5,7.8,38,0.277,0
0,5,0.155,46,6.8,8969,0,27.8,9.9,99,0.277,0
0,0,0.155,50,13.0,8970,0,27.1,12.4,89,0.277,0
0,0,0.155,54,9.4,8971,0,26.1,11.0,90,0.277,0
0,0,0.155,57,8.6,8972,0,25.5,11.5,82,0.277,0
0,0,0.155,57,10.4,8973,0,25.4,13.6,78,0.277,0
0,0,0.155,56,13.3,8974,1,25.1,14.5,75,0.277,0
0,0,0.155,56,13.7,8975,5,24.8,13.6,73,0.277,0
0,0,0.155,57,11.5,8976,0,24.5,12.2,68,0.277,0
0,0,0.155,57,12.2,8977,0,25.5,10.1,68,0.277,0
0,1,0.155,48,16.9,8978,0,27.8,8.0,59,0.277,0
0,0,0.155,40,25.9,8979,0,29.8,12.7,69,0.277,0
0,0,0.155,35,29.9,8980,0,31.5,14.3,69,0.277,0
0,0,0.155,33,31.7,8981,6,32.8,15.1,68,0.277,0
0,5,0.155,31,33.5,8982,90,33.5,15.8,73,0.277,0
3,45,0.155,30,35.3,8983,93,34.0,17.0,73,0.277,0
0,69,0.155,32,35.3,8984,67,33.5,17.5,65,0.277,0
1,92,0.155,33,34.6,8985,13,33.0,19.0,52,0.277,0
2,88,0.155,35,34.6,8986,1,32.0,19.1,54,0.277,0
8,70,0.155,38,31.0,8987,0,31.2,17.9,60,0.277,0
0,29,0.155,39,26.6,8988,0,30.8,15.1,64,0.277,0
0,40,0.155,41,16.9,8989,1,30.2,6.9,67,0.277,0
0,23,0.155,43,9.4,8990,0,29.7,9.8,54,0.277,0
0,0,0.155,44,17.6,8991,0,29.2,17.1,70,0.277,0
0,1,0.155,47,19.1,8992,0,28.1,15.7,51,0.277,0
0,7,0.155,51,16.2,8993,1,27.2,15.3,53,0.277,0
0,13,0.155,53,14.0,8994,27,26.7,14.0,62,0.277,0
0,16,0.155,54,12.2,8995,23,26.3,13.3,63,0.277,0
0,15,0.155,55,13.0,8996,76,25.9,15.2,61,0.277,0
0,8,0.155,56,15.5,8997,68,25.5,16.7,52,0.277,0
0,13,0.155,58,19.1,8998,54,25.0,18.9,55,0.277,0
0,0,0.155,59,19.4,8999,40,24.5,16.0,56,0.277,0
0,0,0.155,61,16.6,9000,77,24.0,16.3,62,0.277,0
0,0,0.155,59,14.8,9001,90,24.9,8.4,70,0.277,0
0,0,0.155,53,19.4,9002,17,26.4,9.0,59,0.277,0
0,0,0.155,47,23.8,9003,0,28.3,10.6,62,0.277,0
0,0,0.155,43,29.2,9004,13,29.6,13.8,79,0.277,0
0,0,0.155,42,39.2,9005,6,29.9,20.6,74,0.277,0
0,0,0.155,41,43.2,9006,51,30.2,23.5,67,0.277,0
0,0,0.155,39,43.2,9007,64,30.8,22.0,69,0.277,0
0,9,0.155,38,40.7,9008,29,31.0,22.6,68,0.277,0
1,4,0.155,38,41.0,9009,40,30.7,23.4,66,0.277,0
0,1,0.155,38,40.0,9010,54,30.3,21.8,63,0.277,0
0,5,0.155,39,34.9,9011,43,29.5,23.7,61,0.277,0
0,3,0.155,44,33.1,9012,0,28.6,19.1,62,0.277,0
1,11,0.155,50,23.4,9013,15,28.0,16.5,55,0.277,0
2,1,0.155,51,22.3,9014,90,27.8,18.5,54,0.277,0
0,0,0.155,50,22.3,9015,3,27.5,17.9,49,0.277,0
0,0,0.155,53,21.2,9016,67,27.1,18.1,31,0.277,0
0,0,0.155,56,22.0,9017,70,26.4,18.6,35,0.277,0
0,0,0.155,56,23.4,9018,99,25.5,18.8,46,0.277,0
0,0,0.155,58,22.7,9019,100,24.6,16.2,48,0.277,0
0,0,0.155,61,18.4,9020,99,23.9,13.9,50,0.277,0
0,0,0.155,62,15.5,9021,100,23.3,13.2,53,0.277,0
0,0,0.155,63,14.8,9022,100,22.7,13.2,66,0.277,0
0,0,0.155,62,20.9,9023,95,22.2,17.4,79,0.277,0
0,0,0.155,59,26.6,9024,99,21.8,20.7,76,0.277,0
6,0,0.155,58,28.8,9025,7,22.5,20.7,72,0.277,0
1,0,0.155,54,34.9,9026,2,23.7,22.2,68,0.277,0
0,0,0.155,48,40.7,9027,3,25.5,24.9,63,0.277,0
1,0,0.155,43,43.9,9028,21,27.1,25.8,57,0.277,0
2,0,0.155,39,44.6,9029,37,28.4,25.0,54,0.277,0
0,0,0.155,38,44.3,9030,56,29.1,24.0,55,0.277,0
0,0,0.155,36,43.2,9031,100,29.8,22.9,52,0.277,0
0,0,0.155,34,41.8,9032,98,30.0,22.3,54,0.277,0
0,0,0.155,33,40.0,9033,99,29.8,21.6,59,0.277,0
0,0,0.155,34,37.4,9034,99,29.1,20.9,65,0.277,0
0,0,0.155,37,33.8,9035,100,28.0,21.3,71,0.277,0
0,0,0.155,40,33.1,9036,100,27.0,25.9,78,0.277,0
10,0,0.155,44,35.6,9037,100,26.5,27.8,70,0.277,0
1,0,0.155,45,36.0,9038,100,25.8,28.1,67,0.277,0
1,0,0.155,46,38.2,9039,81,25.0,29.7,69,0.277,0
0,0,0.155,48,38.2,9040,23,24.1,28.7,69,0.277,0
0,0,0.155,50,37.1,9041,22,23.1,26.9,64,0.277,0
0,0,0.155,51,34.2,9042,27,22.4,23.2,59,0.277,0
0,0,0.155,53,28.1,9043,71,21.8,18.6,53,0.277,0
0,0,0.155,55,22.3,9044,99,21.3,13.4,35,0.277,0
0,0,0.155,58,15.8,9045,98,20.7,9.9,21,0.277,0
0,0,0.155,61,11.2,9046,100,20.1,9.4,38,0.277,0
0,0,0.155,63,10.4,9047,100,19.7,9.0,52,0.277,0
3,0,0.155,64,11.2,9048,100,19.2,9.8,64,0.277,0
1,0,0.155,59,20.9,9049,67,20.0,11.8,54,0.277,0
1,0,0.155,53,23.0,9050,19,21.4,11.0,40,0.277,0
1,0,0.155,46,24.5,9051,0,23.0,10.4,30,0.277,0
0,0,0.155,42,24.8,9052,0,24.7,9.5,14,0.277,0
0,0,0.155,37,25.2,9053,2,26.3,9.5,2,0.277,0
0,0,0.155,34,25.9,9054,31,27.5,9.5,11,0.277,0
0,0,0.155,32,25.2,9055,11,28.5,8.1,24,0.277,0
0,0,0.155,31,23.0,9056,60,29.0,6.8,32,0.277,0
0,0,0.155,31,20.5,9057,100,28.9,7.5,40,0.277,0
0,0,0.155,34,20.9,9058,100,28.0,10.2,51,0.277,0
0,0,0.155,40,23.0,9059,8,26.7,14.5,53,0.277,0
0,0,0.155,43,22.7,9060,1,25.7,14.8,42,0.277,0
0,0,0.155,44,22.7,9061,0,24.9,17.4,26,0.277,0
0,0,0.155,42,23.8,9062,0,24.0,18.3,19,0.277,0
0,0,0.155,44,23.4,9063,0,23.4,15.4,35,0.277,0
0,0,0.155,46,18.7,9064,0,22.8,11.8,31,0.277,0
0,0,0.155,48,13.3,9065,0,22.1,10.1,20,0.277,0
0,0,0.155,50,9.7,9066,3,21.4,7.9,4,0.277,0
0,0,0.155,51,9.7,9067,37,20.9,9.1,343,0.277,0
0,0,0.155,53,11.2,9068,72,20.1,9.2,340,0.277,0
0,0,0.155,54,10.4,9069,82,19.6,6.3,340,0.277,0
0,0,0.155,57,7.6,9070,79,19.0,3.5,332,0.277,0
0,0,0.155,64,4.7,9071,27,18.9,1.1,72,0.277,0
0,0,0.155,63,2.9,9072,43,18.5,4.7,90,0.277,0
0,0,0.155,56,10.8,9073,3,19.8,3.8,8,0.277,0
0,0,0.155,50,13.3,9074,0,21.5,3.1,13,0.277,0
0,0,0.155,44,14.4,9075,30,23.5,2.3,29,0.277,0
0,0,0.155,38,16.9,9076,12,25.4,3.3,36,0.277,0
0,0,0.155,33,20.5,9077,1,27.0,6.0,46,0.277,0
0,0,0.155,28,23.8,9078,8,28.2,8.3,57,0.277,0
0,0,0.155,26,24.5,9079,5,29.0,8.6,67,0.277,0
0,0,0.155,25,24.5,9080,12,29.3,7.8,77,0.277,0
0,0,0.155,25,22.7,9081,31,29.0,8.3,92,0.277,0
0,0,0.155,27,22.0,9082,40,28.2,7.9,87,0.277,0
0,0,0.155,29,18.7,9083,30,27.0,8.8,95,0.277,0
0,0,0.155,34,15.1,9084,75,26.0,9.6,99,0.277,0
0,0,0.155,39,13.0,9085,90,25.5,6.4,119,0.277,0
0,0,0.155,41,6.8,9086,95,24.8,3.3,36,0.277,0
0,0,0.155,40,8.6,9087,98,24.4,8.5,347,0.277,0
0,0,0.155,42,11.2,9088,98,23.6,10.7,343,0.277,0
0,0,0.155,46,11.2,9089,98,22.6,9.2,4,0.277,0
0,0,0.155,51,7.6,9090,99,21.9,7.6,47,0.277,0
0,0,0.155,54,5.8,9091,100,21.5,6.4,58,0.277,0
0,0,0.155,55,4.3,9092,100,21.3,5.9,55,0.277,0
0,0,0.155,58,4.7,9093,100,20.6,4.7,23,0.277,0
0,0,0.155,59,7.9,9094,100,20.1,8.4,349,0.277,0
0,0,0.155,62,13.0,9095,100,19.4,11.8,343,0.277,0
0,0,0.155,65,14.0,9096,100,18.6,13.1,344,0.277,0
0,0,0.155,61,15.1,9097,100,19.8,11.7,349,0.277,0
0,0,0.155,52,15.8,9098,100,22.1,7.0,356,0.277,0
0,0,0.155,40,20.9,9099,96,25.4,8.6,359,0.277,0
0,0,0.155,32,24.5,9100,46,27.7,10.0,18,0.277,0
0,0,0.155,28,26.3,9101,51,29.2,10.8,38,0.277,0
0,0,0.155,26,27.4,9102,100,30.5,11.2,40,0.277,0
0,0,0.155,25,27.7,9103,97,31.2,11.6,49,0.277,0
0,0,0.155,24,27.7,9104,98,31.4,11.6,64,0.277,0
0,0,0.155,25,27.0,9105,100,31.0,10.8,79,0.277,0
0,0,0.155,26,24.5,9106,100,30.3,9.5,76,0.277,0
0,0,0.155,29,20.2,9107,98,29.0,10.6,69,0.277,0
0,0,0.155,33,13.0,9108,100,27.9,11.6,58,0.277,0
0,0,0.155,37,9.0,9109,57,27.2,11.1,20,0.277,0
0,0,0.155,40,18.7,9110,61,26.5,17.5,360,0.277,0
0,0,0.155,43,20.5,9111,72,25.6,20.0,358,0.277,0
0,0,0.155,45,21.2,9112,28,24.9,21.1,1,0.277,0
0,0,0.155,48,21.6,9113,0,24.1,20.6,356,0.277,0
0,0,0.155,50,22.3,9114,0,23.2,21.4,353,0.277,0
0,0,0.155,53,22.3,9115,0,22.2,21.0,353,0.277,0
0,0,0.155,55,22.0,9116,0,21.6,20.8,354,0.277,0
0,0,0.155,56,21.6,9117,0,21.1,19.9,354,0.277,0
0,0,0.155,57,20.2,9118,0,20.8,20.3,352,0.277,0
0,0,0.155,56,23.8,9119,0,20.6,23.5,352,0.277,0
0,0,0.155,55,24.8,9120,0,20.6,24.3,354,0.277,0
0,0,0.155,53,24.8,9121,0,21.9,23.1,351,0.277,0
0,0,0.155,47,29.5,9122,0,24.0,18.0,348,0.277,0
0,0,0.155,40,29.9,9123,0,27.0,15.9,355,0.277,0
0,0,0.155,35,30.6,9124,0,29.5,15.2,6,0.277,0
0,0,0.155,32,30.6,9125,0,31.5,13.5,13,0.277,0
0,0,0.155,31,29.5,9126,0,32.6,12.6,27,0.277,0
3,0,0.155,31,28.8,9127,0,33.5,12.2,41,0.277,0
4,47,0.155,30,32.0,9128,0,34.5,16.8,69,0.277,0
1,68,0.155,36,39.2,9129,0,32.8,22.0,79,0.277,0
0,15,0.155,40,38.5,9130,0,31.7,21.6,72,0.277,0
0,20,0.155,44,34.9,9131,0,30.7,20.8,78,0.277,0
1,19,0.155,47,29.9,9132,0,30.0,18.6,76,0.277,0
0,13,0.155,47,19.1,9133,0,29.9,15.8,73,0.277,0
1,91,0.155,49,19.1,9134,0,29.5,15.8,69,0.277,0
4,13,0.155,51,21.2,9135,0,29.0,16.2,59,0.277,0
14,10,0.155,54,19.1,9136,0,28.3,12.1,35,0.277,0
23,31,0.155,56,11.2,9137,40,27.8,9.9,29,0.277,0
15,29,0.155,57,7.9,9138,21,27.5,9.4,52,0.277,0
8,23,0.155,58,13.0,9139,47,27.0,14.9,68,0.277,0
7,95,0.155,56,27.0,9140,4,26.4,23.3,72,0.277,0
6,64,0.155,54,31.0,9141,2,25.6,24.7,69,0.277,0
1,18,0.155,54,30.2,9142,50,24.9,22.4,67,0.277,0
2,10,0.155,56,26.6,9143,72,24.2,21.5,66,0.277,0
5,14,0.155,57,24.1,9144,27,23.8,18.5,63,0.277,0
8,31,0.155,53,17.6,9145,94,25.8,10.8,64,0.277,0
7,53,0.155,50,19.1,9146,99,26.9,8.7,56,0.277,0
5,26,0.155,46,22.0,9147,100,28.5,9.6,41,0.277,0
5,25,0.155,42,27.0,9148,43,29.9,12.4,48,0.277,0
3,54,0.155,39,28.8,9149,4,31.1,13.1,53,0.277,0
1,49,0.155,39,29.5,9150,0,31.4,14.1,52,0.277,0
3,23,0.155,38,29.9,9151,0,32.2,13.1,54,0.277,0
1,58,0.155,38,33.1,9152,0,32.5,16.7,64,0.277,0
0,87,0.155,39,33.8,9153,0,32.0,18.2,69,0.277,0
0,90,0.155,43,33.8,9154,0,30.9,18.0,64,0.277,0
0,20,0.155,46,30.6,9155,0,30.1,16.7,53,0.277,0
15,9,0.155,46,25.2,9156,0,29.8,14.8,60,0.277,0
5,17,0.155,49,18.0,9157,0,29.0,9.4,72,0.277,0
11,7,0.155,50,9.0,9158,0,28.7,11.0,62,0.277,0
1,0,0.155,50,23.8,9159,1,28.1,20.7,64,0.277,0
0,0,0.155,49,30.6,9160,43,27.1,25.0,67,0.277,0
0,0,0.155,49,30.2,9161,45,26.5,23.9,66,0.277,0
0,0,0.155,50,27.7,9162,46,26.1,22.7,61,0.277,0
0,2,0.155,51,26.6,9163,68,25.4,19.2,56,0.277,0
0,9,0.155,54,21.2,9164,78,24.6,12.4,50,0.277,0
0,1,0.155,57,10.8,9165,56,23.9,8.7,43,0.277,0
0,0,0.155,59,6.1,9166,57,23.5,8.9,62,0.277,0
0,0,0.155,59,7.2,9167,55,23.0,9.3,75,0.277,0
0,0,0.155,58,13.3,9168,98,22.7,13.0,90,0.277,0
0,0,0.155,57,22.0,9169,100,23.3,14.3,86,0.277,0
0,0,0.155,49,27.7,9170,41,24.9,15.9,74,0.277,0
0,0,0.155,42,32.8,9171,11,26.8,17.9,62,0.277,0
0,0,0.155,38,36.0,9172,15,28.5,19.0,61,0.277,0
0,0,0.155,35,38.5,9173,42,29.9,20.1,60,0.277,0
0,0,0.155,33,38.2,9174,36,31.1,16.2,52,0.277,0
0,0,0.155,31,33.5,9175,26,32.0,10.8,38,0.277,0
0,0,0.155,31,26.3,9176,29,32.3,8.1,18,0.277,0
1,0,0.155,33,22.0,9177,60,32.2,8.0,14,0.277,0
9,0,0.155,34,20.2,9178,42,31.6,9.2,40,0.277,0
6,0,0.155,39,27.4,9179,0,29.8,18.5,71,0.277,0
0,0,0.155,44,28.4,9180,0,28.5,18.7,69,0.277,0
0,0,0.155,45,15.1,9181,0,28.1,10.3,84,0.277,0
0,0,0.155,47,11.9,9182,0,27.5,9.2,90,0.277,0
3,0,0.155,53,6.8,9183,0,27.0,6.3,88,0.277,0
1,0,0.155,51,6.8,9184,0,26.4,10.8,62,0.277,0
0,0,0.155,47,16.9,9185,7,26.2,15.9,51,0.277,0
0,0,0.155,45,19.4,9186,6,25.6,18.3,56,0.277,0
0,0,0.155,47,19.4,9187,57,24.9,18.8,49,0.277,0
0,0,0.155,50,18.7,9188,61,24.0,15.1,39,0.277,0
0,0,0.155,56,13.0,9189,79,23.2,13.1,7,0.277,0
0,0,0.155,60,15.1,9190,92,22.6,15.2,350,0.277,0
0,0,0.155,57,17.6,9191,15,22.0,17.3,1,0.277,0
0,0,0.155,57,17.3,9192,20,21.6,16.4,8,0.277,0
0,0,0.155,53,14.8,9193,77,22.9,10.1,29,0.277,0
0,0,0.155,47,17.3,9194,0,24.8,7.2,63,0.277,0
0,0,0.155,40,18.7,9195,0,27.3,6.6,73,0.277,0
0,0,0.155,32,24.5,9196,0,29.8,10.2,51,0.277,0
0,0,0.155,27,27.4,9197,12,31.5,11.5,46,0.277,0
0,0,0.155,24,27.7,9198,2,32.7,11.1,43,0.277,0
0,0,0.155,23,27.0,9199,0,33.2,6.5,71,0.277,0
0,0,0.155,23,22.0,9200,0,33.2,5.5,122,0.277,0
0,0,0.155,25,19.8,9201,0,32.5,6.2,139,0.277,0
0,0,0.155,28,19.1,9202,21,31.3,7.0,132,0.277,0
0,0,0.155,31,17.3,9203,71,29.8,8.0,99,0.277,0
0,0,0.155,33,11.2,9204,69,28.9,10.8,75,0.277,0
0,0,0.155,40,6.8,9205,82,28.0,9.9,75,0.277,0
0,0,0.155,40,7.6,9206,74,27.5,9.8,76,0.277,0
0,0,0.155,42,7.9,9207,60,26.8,10.0,51,0.277,0
0,0,0.155,43,6.8,9208,63,26.5,7.9,55,0.277,0
0,0,0.155,45,4.3,9209,70,25.8,9.5,81,0.277,0
0,0,0.155,45,8.6,9210,90,25.2,12.1,73,0.277,0
0,0,0.155,46,11.9,9211,98,24.9,13.4,73,0.277,0
0,0,0.155,49,12.6,9212,92,24.0,13.5,81,0.277,0
0,0,0.155,52,11.2,9213,90,23.0,12.7,69,0.277,0
0,0,0.155,55,9.0,9214,10,22.1,10.8,52,0.277,0
0,0,0.155,58,7.6,9215,7,21.5,10.0,39,0.277,0
0,0,0.155,60,11.2,9216,1,21.1,10.4,15,0.277,0
0,0,0.155,57,12.2,9217,0,22.5,9.4,3,0.277,0
0,0,0.155,46,15.1,9218,10,25.3,5.8,355,0.277,0
0,0,0.155,39,20.5,9219,0,27.6,7.8,5,0.277,0
0,0,0.155,32,23.4,9220,3,29.9,9.1,27,0.277,0
0,0,0.155,27,25.2,9221,0,31.5,9.7,39,0.277,0
0,0,0.155,25,25.6,9222,14,32.5,9.0,35,0.277,0
0,0,0.155,24,24.5,9223,60,33.3,6.7,44,0.277,0
0,0,0.154,24,21.6,9224,7,33.3,3.7,125,0.277,0
0,0,0.154,27,20.5,9225,37,32.7,7.6,176,0.277,0
0,0,0.154,31,23.0,9226,67,31.5,10.5,176,0.277,0
0,0,0.154,34,22.7,9227,100,29.7,10.8,159,0.277,0
0,0,0.154,36,16.2,9228,100,28.6,8.3,117,0.277,0
0,0,0.154,38,13.7,9229,100,28.5,8.1,155,0.277,0
0,0,0.154,43,7.2,9230,100,27.9,2.2,85,0.277,0
0,0,0.154,43,5.8,9231,100,27.1,7.7,16,0.277,0
0,0,0.154,41,9.0,9232,100,26.8,11.8,24,0.277,0
0,0,0.154,43,9.4,9233,100,26.0,11.5,55,0.277,0
0,0,0.154,45,9.4,9234,98,25.2,13.8,76,0.277,0
0,0,0.154,46,13.0,9235,100,24.7,15.7,74,0.277,0
0,0,0.154,47,13.3,9236,100,24.0,15.8,69,0.277,0
0,0,0.154,50,13.7,9237,100,23.3,16.0,83,0.277,0
0,0,0.154,53,14.0,9238,100,22.6,15.4,80,0.277,0
0,0,0.155,55,11.9,9239,100,22.0,13.6,67,0.277,0
0,0,0.155,57,9.0,9240,99,21.6,11.1,54,0.277,0
0,0,0.155,54,13.7,9241,100,23.0,10.0,13,0.277,0
0,0,0.155,45,16.9,9242,95,25.5,7.0,3,0.277,0
0,0,0.155,37,18.4,9243,98,28.1,6.0,16,0.277,0
0,0,0.155,32,19.8,9244,91,30.4,6.3,53,0.277,0
0,0,0.154,28,20.9,9245,88,31.9,5.3,66,0.277,0
0,0,0.154,25,19.8,9246,100,33.0,3.8,90,0.277,0
0,0,0.154,25,20.5,9247,100,33.5,5.6,155,0.277,0
0,0,0.154,27,23.4,9248,95,33.2,8.5,179,0.277,0
0,0,0.154,30,25.9,9249,90,32.5,11.3,190,0.277,0
0,0,0.154,34,27.4,9250,22,31.3,14.0,193,0.277,0
0,0,0.154,38,26.6,9251,100,29.8,11.5,202,0.277,0
0,0,0.154,42,16.9,9252,99,28.8,5.8,236,0.277,0
0,0,0.154,40,4.7,9253,93,28.6,4.6,281,0.277,0
0,0,0.154,41,4.0,9254,98,27.9,5.1,297,0.277,0
0,0,0.154,43,5.0,9255,79,27.0,4.2,301,0.277,0
0,0,0.154,44,7.6,9256,77,26.0,5.2,299,0.277,0
0,0,0.154,47,10.4,9257,91,25.1,8.6,300,0.277,0
0,0,0.154,51,10.4,9258,99,24.1,9.8,308,0.277,0
0,0,0.154,55,10.4,9259,98,23.8,7.8,308,0.277,0
0,0,0.154,55,9.7,9260,100,23.7,9.9,119,0.277,0
0,0,0.154,58,9.4,9261,100,23.3,6.4,112,0.277,0
0,0,0.154,60,5.0,9262,100,22.5,7.9,86,0.277,0
0,0,0.154,61,6.5,9263,99,22.0,8.7,53,0.277,0
0,0,0.154,61,9.4,9264,99,22.1,12.3,39,0.277,0
0,0,0.154,60,10.4,9265,55,23.5,9.9,42,0.277,0
0,0,0.154,48,16.2,9266,42,26.0,7.0,61,0.277,0
0,0,0.154,40,21.6,9267,83,28.2,9.0,77,0.277,0
0,0,0.154,34,24.8,9268,73,30.5,10.3,83,0.277,0
0,0,0.154,30,25.2,9269,60,32.0,7.7,81,0.277,0
0,0,0.154,27,22.7,9270,12,33.0,5.8,88,0.277,0
0,0,0.154,26,20.5,9271,98,33.7,6.0,119,0.277,0
0,0,0.154,28,25.9,9272,97,33.3,10.8,159,0.277,0
0,0,0.154,30,28.8,9273,90,32.5,13.3,171,0.277,0
0,0,0.154,31,28.8,9274,15,31.3,13.6,185,0.277,0
0,0,0.154,33,24.8,9275,0,29.9,12.2,206,0.277,0
0,0,0.154,36,17.6,9276,0,28.9,9.0,218,0.277,0
0,0,0.154,42,9.7,9277,52,28.3,6.7,232,0.277,0
0,0,0.154,44,2.9,9278,2,27.8,2.7,222,0.277,0
0,0,0.154,44,2.9,9279,2,27.1,1.7,302,0.277,0
0,0,0.154,46,7.2,9280,5,26.0,5.1,306,0.277,0
0,0,0.154,53,7.9,9281,44,24.8,8.2,256,0.277,0
0,0,0.154,60,8.3,9282,22,23.8,8.1,231,0.277,0
0,0,0.154,62,5.0,9283,77,23.5,6.6,215,0.277,0
0,0,0.154,66,2.5,9284,99,23.3,6.1,192,0.277,0
0,0,0.154,67,1.8,9285,99,23.1,5.7,191,0.277,0
0,0,0.154,68,0.7,9286,53,23.0,4.2,198,0.277,0
0,0,0.154,65,1.8,9287,100,22.5,0.8,207,0.277,0
0,0,0.154,70,6.5,9288,100,21.9,5.1,63,0.277,0
0,0,0.154,63,11.5,9289,100,24.0,8.3,48,0.277,0
0,0,0.154,54,16.2,9290,29,26.6,6.9,47,0.277,0
0,0,0.154,39,22.3,9291,76,29.2,9.5,54,0.277,0
0,0,0.154,32,25.6,9292,20,31.0,10.4,64,0.277,0
0,0,0.154,28,25.6,9293,53,32.4,8.9,83,0.277,0
0,0,0.154,25,24.5,9294,91,33.3,7.2,93,0.277,0
0,0,0.154,24,22.3,9295,79,34.0,6.0,100,0.277,0
0,0,0.154,25,24.1,9296,99,33.9,9.5,153,0.277,0
0,0,0.154,28,27.0,9297,99,33.0,12.4,170,0.277,0
0,0,0.154,31,27.4,9298,100,31.6,13.9,184,0.277,0
0,0,0.154,33,25.2,9299,100,30.0,11.8,214,0.277,0
0,0,0.154,35,16.9,9300,99,29.1,9.9,243,0.277,0
0,0,0.154,41,8.6,9301,89,28.5,6.5,242,0.277,0
0,0,0.154,46,4.7,9302,100,28.1,3.3,248,0.277,0
0,0,0.154,44,6.1,9303,100,27.0,5.4,276,0.277,0
0,0,0.154,49,10.8,9304,100,26.2,10.7,220,0.277,0
0,0,0.154,56,11.2,9305,100,25.1,11.0,222,0.277,0
0,0,0.154,60,7.2,9306,100,24.5,9.2,235,0.277,0
0,0,0.154,64,6.8,9307,100,23.8,7.1,246,0.277,0
0,0,0.154,66,5.4,9308,100,23.1,6.1,238,0.277,0
0,0,0.154,68,3.6,9309,100,22.8,4.1,236,0.277,0
0,0,0.154,69,2.9,9310,100,22.5,2.0,275,0.277,0
0,0,0.154,69,5.8,9311,100,22.2,4.5,16,0.277,0
0,0,0.154,66,7.9,9312,83,22.4,10.7,41,0.277,0
0,0,0.154,66,9.7,9313,79,24.0,9.5,39,0.277,0
0,0,0.154,53,14.4,9314,45,26.6,4.9,62,0.277,0
0,0,0.154,42,16.2,9315,96,29.1,4.1,75,0.277,0
0,0,0.154,36,18.4,9316,97,31.2,4.8,77,0.277,0
0,0,0.154,30,20.2,9317,100,32.8,5.8,85,0.277,0
0,0,0.154,28,20.9,9318,91,33.9,6.0,127,0.277,0
0,0,0.154,28,23.8,9319,100,34.3,8.5,167,0.277,0
0,0,0.154,31,29.2,9320,98,33.8,13.0,182,0.277,0
0,0,0.154,33,33.8,9321,96,32.5,17.6,194,0.277,0
0,0,0.154,35,33.5,9322,71,31.1,15.3,210,0.277,0
0,0,0.154,37,26.6,9323,4,30.1,10.3,227,0.277,0
0,0,0.154,39,14.8,9324,46,29.4,5.8,214,0.277,0
0,0,0.154,45,10.4,9325,81,28.6,10.3,220,0.277,0
0,0,0.154,48,9.4,9326,100,27.8,9.0,232,0.277,0
0,0,0.154,48,8.3,9327,73,27.2,8.3,266,0.277,0
0,0,0.154,51,8.6,9328,95,26.2,8.9,252,0.277,0
0,0,0.154,56,8.3,9329,100,25.5,11.3,234,0.277,0
0,0,0.154,60,8.3,9330,93,24.9,11.5,243,0.277,0
0,0,0.154,64,9.4,9331,70,24.2,12.5,247,0.277,0
0,0,0.154,68,9.4,9332,98,23.3,11.3,250,0.277,0
0,0,0.154,68,6.8,9333,91,23.0,8.3,243,0.277,0
0,0,0.154,72,2.9,9334,82,22.8,4.8,225,0.277,0
0,0,0.154,72,1.4,9335,90,22.6,4.3,222,0.277,0
0,0,0.154,70,2.5,9336,100,22.3,0.6,124,0.277,0
0,0,0.154,65,6.5,9337,93,24.1,1.9,107,0.277,0
0,0,0.154,51,11.2,9338,77,27.4,2.0,63,0.277,0
0,0,0.154,39,13.3,9339,17,30.1,1.8,66,0.277,0
0,0,0.154,33,14.4,9340,14,32.3,1.3,90,0.277,0
0,0,0.154,30,16.6,9341,76,34.0,2.3,122,0.277,0
0,0,0.154,29,21.2,9342,92,34.8,6.6,167,0.277,0
0,0,0.154,31,30.2,9343,92,34.6,13.4,185,0.277,0
0,0,0.153,34,34.6,9344,93,33.8,17.0,195,0.277,0
0,0,0.153,35,34.6,9345,75,32.9,15.6,204,0.277,0
0,0,0.153,38,30.6,9346,28,31.9,13.6,203,0.277,0
0,0,0.153,46,24.8,9347,95,30.1,12.7,192,0.277,0
0,0,0.153,56,17.6,9348,93,28.5,15.5,195,0.277,0
0,0,0.153,62,11.9,9349,30,28.2,9.4,187,0.277,0
0,0,0.153,65,9.7,9350,79,27.6,10.9,187,0.277,0
0,0,0.153,66,13.3,9351,100,26.8,14.7,217,0.277,0
0,0,0.153,64,16.2,9352,100,26.0,17.9,225,0.277,0
0,0,0.153,66,15.5,9353,88,25.5,16.1,229,0.277,0
0,0,0.154,70,13.0,9354,93,24.8,14.9,248,0.277,0
0,0,0.154,71,12.2,9355,75,24.0,13.8,243,0.277,0
0,0,0.154,72,8.6,9356,98,23.4,12.6,233,0.277,0
0,0,0.154,73,7.2,9357,100,23.2,11.2,237,0.277,0
0,0,0.154,72,5.8,9358,81,23.1,7.8,244,0.277,0
0,0,0.154,74,4.0,9359,85,22.7,5.4,256,0.277,0
0,0,0.154,76,2.9,9360,72,22.5,2.7,217,0.277,0
0,0,0.154,70,7.2,9361,4,24.8,2.2,189,0.277,0
0,0,0.154,56,11.2,9362,8,27.8,2.0,190,0.277,0
0,0,0.154,46,14.8,9363,14,30.4,2.8,225,0.277,0
0,0,0.154,38,16.9,9364,18,32.5,3.6,210,0.277,0
0,0,0.154,37,21.2,9365,21,33.7,6.3,178,0.277,0
0,0,0.153,38,26.3,9366,1,34.2,10.3,168,0.277,0
0,0,0.153,38,34.6,9367,14,34.0,16.3,169,0.277,0
0,0,0.153,38,37.4,9368,60,33.2,18.9,173,0.277,0
0,0,0.153,40,37.1,9369,62,32.3,18.0,176,0.277,0
0,0,0.153,45,33.1,9370,82,31.0,16.5,173,0.277,0
0,0,0.153,56,27.0,9371,97,28.9,14.1,170,0.277,0
0,0,0.153,65,17.6,9372,100,27.7,14.0,165,0.277,0
0,0,0.153,77,14.8,9373,99,27.2,14.5,169,0.277,0
0,0,0.153,81,11.2,9374,97,26.9,14.4,179,0.277,0
0,0,0.153,84,14.8,9375,100,26.4,16.2,194,0.277,0
0,0,0.153,86,14.4,9376,89,25.7,12.3,215,0.277,0
0,0,0.153,88,9.7,9377,82,25.1,12.8,222,0.277,0
0,0,0.153,91,10.4,9378,91,24.6,12.5,230,0.277,0
0,0,0.153,92,7.9,9379,16,24.2,12.5,230,0.277,0
0,0,0.153,92,7.9,9380,1,23.9,10.3,221,0.277,0
0,0,0.153,92,8.3,9381,24,23.8,11.4,175,0.277,0
0,0,0.154,95,10.1,9382,100,23.9,13.1,159,0.277,0
0,0,0.154,97,9.0,9383,65,23.6,11.7,151,0.277,0
0,0,0.154,97,10.8,9384,0,23.9,12.3,143,0.277,0
36,0,0.154,91,17.3,9385,0,25.5,9.9,134,0.277,0
10,0,0.154,78,18.7,9386,0,27.5,7.8,142,0.277,0
0,0,0.154,65,20.9,9387,0,29.6,8.0,155,0.277,0
0,0,0.154,52,23.0,9388,6,31.6,8.0,162,0.277,0
0,0,0.153,43,23.8,9389,11,33.1,7.9,163,0.277,0
0,0,0.153,39,24.5,9390,10,34.2,8.3,164,0.277,0
0,0,0.153,37,26.6,9391,11,34.7,10.1,169,0.277,0
0,0,0.153,36,30.2,9392,6,34.5,13.2,174,0.277,0
0,0,0.153,37,31.3,9393,25,33.6,14.8,180,0.277,0
0,0,0.153,42,30.2,9394,25,32.2,14.1,199,0.277,0
0,0,0.153,51,25.6,9395,39,30.1,13.5,222,0.277,0
0,0,0.153,59,19.1,9396,77,29.0,9.7,227,0.277,0
0,0,0.153,83,14.8,9397,55,27.4,8.6,234,0.277,0
0,0,0.153,81,13.3,9398,0,27.2,7.2,217,0.277,0
0,0,0.153,86,12.2,9399,0,26.6,9.2,192,0.277,0
0,5,0.153,91,12.2,9400,0,26.1,7.7,180,0.277,0
3,13,0.153,93,11.5,9401,0,25.9,8.3,147,0.277,0
0,0,0.153,94,13.0,9402,0,25.7,11.5,158,0.277,0
2,0,0.153,95,14.0,9403,0,25.2,9.6,131,0.277,0
39,2,0.153,96,14.0,9404,0,25.0,13.6,108,0.277,0
28,64,0.155,88,30.2,9405,0,24.7,26.5,92,0.277,1
13,5,0.155,62,34.9,9406,0,24.5,24.7,86,0.277,0
8,8,0.156,61,33.1,9407,0,23.5,26.0,81,0.277,0
5,11,0.155,58,38.2,9408,0,22.5,28.4,73,0.277,0
0,23,0.163,60,37.8,9409,0,23.4,25.9,65,0.277,0
0,62,0.162,50,42.8,9410,0,23.9,28.3,69,0.277,0
0,88,0.162,47,44.3,9411,0,25.0,26.1,68,0.277,0
4,100,0.161,45,41.0,9412,0,26.2,19.2,64,0.277,0
5,100,0.16,43,32.8,9413,0,27.2,18.3,62,0.277,0
4,100,0.16,42,32.4,9414,0,27.8,14.7,66,0.277,0
4,100,0.159,41,27.0,9415,0,28.5,12.2,61,0.277,0
3,70,0.158,41,24.5,9416,0,28.8,9.7,48,0.277,0
0,40,0.158,40,24.5,9417,0,29.5,11.7,45,0.277,0
0,0,0.158,42,26.6,9418,0,28.9,15.0,50,0.277,0
0,2,0.157,45,26.6,9419,0,28.0,14.9,55,0.277,0
0,11,0.157,48,20.5,9420,0,27.1,11.6,68,0.277,0
0,8,0.157,51,16.2,9421,0,26.4,11.1,40,0.277,0
0,1,0.157,51,9.4,9422,0,26.2,11.6,42,0.277,0
0,2,0.157,49,17.6,9423,0,26.4,17.5,53,0.277,0
1,0,0.157,51,19.1,9424,0,25.4,17.2,63,0.277,0
0,0,0.157,52,18.4,9425,0,24.5,14.3,50,0.277,0
0,9,0.156,54,13.3,9426,0,23.9,12.9,57,0.277,0
0,86,0.156,55,11.9,9427,0,23.5,13.4,64,0.277,0
0,28,0.156,54,14.8,9428,0,23.2,14.6,70,0.277,0
0,94,0.156,54,15.1,9429,0,22.8,14.3,66,0.277,0
0,100,0.156,53,13.0,9430,0,22.8,12.5,62,0.277,0
0,100,0.156,52,13.7,9431,23,22.8,12.4,56,0.277,0
0,100,0.156,52,14.4,9432,37,22.6,12.6,56,0.277,0
1,100,0.156,54,10.1,9433,0,23.0,4.8,77,0.277,0
0,100,0.156,49,16.2,9434,0,23.8,8.0,70,0.277,0
0,88,0.156,44,19.8,9435,0,25.0,9.5,53,0.277,0
0,54,0.156,36,29.5,9436,0,27.6,14.9,55,0.277,0
0,55,0.156,35,35.3,9437,0,28.7,18.0,61,0.277,0
0,25,0.155,35,36.0,9438,0,29.7,18.1,63,0.277,0
0,16,0.155,34,36.0,9439,0,30.4,17.9,62,0.277,0
0,17,0.155,34,35.6,9440,0,30.7,17.1,64,0.277,0
0,4,0.155,35,33.5,9441,0,30.5,16.6,68,0.277,0
0,2,0.155,38,31.7,9442,0,29.8,15.9,68,0.277,0
0,0,0.155,41,28.4,9443,0,28.8,15.2,63,0.277,0
0,0,0.155,43,23.4,9444,0,28.0,13.1,69,0.277,0
0,0,0.155,45,17.6,9445,94,27.4,10.9,57,0.277,0
0,0,0.155,46,11.9,9446,100,27.0,12.3,53,0.277,0
0,0,0.155,48,17.6,9447,91,26.5,16.2,54,0.277,0
0,1,0.155,50,20.2,9448,98,25.6,18.2,65,0.277,0
0,1,0.155,50,21.6,9449,96,24.9,19.9,67,0.277,0
0,0,0.155,50,22.0,9450,98,24.2,20.7,70,0.277,0
0,0,0.155,51,21.6,9451,98,23.7,20.0,73,0.277,0
0,0,0.155,52,20.5,9452,100,23.2,19.6,72,0.277,0
0,0,0.155,53,20.2,9453,100,23.0,20.1,72,0.277,0
0,0,0.155,54,20.2,9454,100,22.5,17.3,67,0.277,0
0,0,0.155,55,16.2,9455,100,22.1,14.2,55,0.277,0
0,0,0.155,56,12.6,9456,47,21.8,12.1,50,0.277,0
0,0,0.155,54,11.9,9457,100,22.9,5.9,38,0.277,0
0,0,0.155,48,15.5,9458,100,24.5,5.3,62,0.277,0
0,0,0.155,42,20.2,9459,4,26.4,7.7,74,0.277,0
0,0,0.155,37,28.1,9460,90,28.0,12.8,74,0.277,0
0,0,0.155,34,33.8,9461,89,29.2,16.5,68,0.277,0
0,0,0.155,33,34.9,9462,93,30.0,16.5,68,0.277,0
0,0,0.155,32,34.2,9463,94,30.7,15.6,66,0.277,0
0,0,0.155,32,32.8,9464,79,31.0,14.6,61,0.277,0
0,0,0.155,33,31.0,9465,90,30.7,14.5,55,0.277,0
0,0,0.155,35,29.5,9466,20,29.9,15.3,59,0.277,0
0,0,0.155,38,28.4,9467,6,28.6,15.2,66,0.277,0
0,0,0.155,41,24.1,9468,0,27.9,16.1,77,0.277,0
0,1,0.155,43,18.0,9469,0,27.8,13.5,67,0.277,0
0,0,0.155,45,15.5,9470,85,27.4,12.4,68,0.277,0
0,0,0.155,46,13.0,9471,76,27.0,11.0,64,0.277,0
0,0,0.155,49,9.4,9472,64,26.2,9.3,53,0.277,0
0,0,0.155,51,6.5,9473,6,25.8,6.6,57,0.277,0
0,0,0.155,54,5.4,9474,68,24.8,8.7,83,0.277,0
0,0,0.155,57,6.1,9475,100,24.1,7.9,70,0.277,0
0,0,0.155,60,4.7,9476,100,23.5,7.7,74,0.277,0
0,0,0.155,63,5.8,9477,99,22.8,8.4,70,0.277,0
0,0,0.155,65,5.8,9478,100,22.3,8.0,59,0.277,0
0,0,0.155,67,5.8,9479,96,21.8,8.1,62,0.277,0
0,0,0.155,69,5.8,9480,58,21.5,8.4,74,0.277,0
0,0,0.155,64,9.0,9481,100,22.9,6.2,38,0.277,0
0,0,0.155,51,14.4,9482,100,25.5,4.8,15,0.277,0
0,0,0.155,42,19.1,9483,100,27.8,7.3,54,0.277,0
0,0,0.155,36,24.5,9484,100,29.8,10.0,69,0.277,0
0,0,0.155,32,25.2,9485,94,31.2,9.6,81,0.277,0
0,0,0.155,29,25.6,9486,10,32.2,9.4,92,0.277,0
0,0,0.155,27,25.2,9487,0,32.8,8.8,107,0.277,0
0,6,0.155,30,27.4,9488,4,32.3,11.5,150,0.277,0
0,6,0.154,35,28.8,9489,2,31.4,13.3,171,0.277,0
0,3,0.154,38,29.2,9490,4,30.2,13.8,192,0.277,0
0,1,0.154,41,27.0,9491,2,29.0,11.4,215,0.277,0
0,0,0.154,45,19.1,9492,15,28.2,9.5,216,0.277,0
0,0,0.154,46,5.4,9493,2,28.2,4.1,146,0.277,0
0,0,0.154,52,8.3,9494,0,27.4,3.6,177,0.277,0
0,0,0.154,55,5.8,9495,1,26.6,2.3,45,0.277,0
0,0,0.154,58,9.0,9496,27,25.7,10.9,216,0.277,0
0,0,0.154,64,10.8,9497,20,24.9,11.9,229,0.277,0
0,0,0.154,69,9.7,9498,3,24.1,10.2,211,0.277,0
0,0,0.155,75,6.1,9499,0,23.9,7.8,209,0.277,0
0,0,0.155,78,4.0,9500,0,23.3,6.9,239,0.277,0
0,0,0.155,79,5.8,9501,1,22.8,6.8,268,0.277,0
0,0,0.155,81,5.8,9502,0,22.3,5.9,288,0.277,0
0,0,0.155,81,5.8,9503,0,21.9,5.2,319,0.277,0
0,0,0.155,79,5.4,9504,0,21.7,4.9,24,0.277,0
0,0,0.155,67,9.0,9505,0,23.6,5.7,37,0.277,0
0,0,0.155,54,12.2,9506,0,26.5,2.9,43,0.277,0
0,0,0.155,42,14.4,9507,0,29.1,2.4,77,0.277,0
0,0,0.155,36,18.7,9508,0,30.9,4.9,126,0.277,0
0,0,0.154,34,22.7,9509,0,32.0,7.0,138,0.277,0
0,0,0.154,33,24.5,9510,0,32.8,7.9,153,0.277,0
0,0,0.154,32,24.8,9511,38,33.3,8.4,170,0.277,0
0,0,0.154,31,31.0,9512,100,33.2,14.1,191,0.277,0
0,2,0.154,34,38.5,9513,100,31.6,20.5,198,0.277,0
0,1,0.154,37,37.8,9514,85,30.5,17.5,195,0.277,0
0,0,0.154,44,29.9,9515,12,29.3,12.1,184,0.277,0
0,0,0.154,55,18.0,9516,19,28.0,9.8,188,0.277,0
0,0,0.154,56,13.0,9517,97,27.9,10.3,195,0.277,0
0,0,0.154,59,8.3,9518,91,27.4,8.3,196,0.277,0
0,0,0.154,60,7.2,9519,92,27.0,9.0,165,0.277,0
0,0,0.154,67,12.2,9520,70,26.3,12.0,171,0.277,0
0,0,0.154,78,16.6,9521,72,25.4,16.5,224,0.277,0
0,0,0.154,77,16.6,9522,93,24.6,14.2,235,0.277,0
0,0,0.154,71,13.7,9523,100,24.2,12.0,227,0.277,0
0,0,0.154,68,9.4,9524,100,23.9,11.2,228,0.277,0
0,0,0.154,70,7.2,9525,100,23.5,10.2,222,0.277,0
0,0,0.154,70,5.4,9526,97,23.4,7.9,219,0.277,0
0,0,0.154,71,3.2,9527,24,23.0,6.4,225,0.277,0
0,0,0.154,72,3.2,9528,11,22.6,4.6,257,0.277,0
0,0,0.154,67,8.6,9529,94,24.8,1.5,330,0.277,0
0,0,0.154,52,9.7,9530,17,27.8,0.4,360,0.277,0
0,0,0.154,41,12.6,9531,0,30.4,1.3,286,0.277,0
0,0,0.154,35,14.8,9532,0,32.3,1.7,198,0.277,0
0,0,0.154,33,19.8,9533,0,33.5,5.2,168,0.277,0
0,0,0.154,35,27.7,9534,17,33.8,11.0,169,0.277,0
0,0,0.154,35,35.3,9535,16,33.6,16.4,179,0.277,0
0,0,0.154,36,38.9,9536,40,32.8,19.7,185,0.277,0
0,0,0.154,39,38.9,9537,89,31.6,19.0,187,0.277,0
0,0,0.154,40,34.2,9538,2,31.2,14.0,187,0.277,0
0,0,0.154,43,24.5,9539,20,30.1,13.1,189,0.277,0
0,0,0.154,55,17.3,9540,0,28.5,16.1,196,0.277,0
0,0,0.154,59,14.8,9541,9,28.0,13.9,213,0.277,0
0,0,0.154,67,13.3,9542,23,27.2,13.5,203,0.277,0
0,0,0.154,71,11.5,9543,0,26.6,9.8,206,0.277,0
0,0,0.154,73,11.2,9544,0,26.1,12.6,213,0.277,0
0,0,0.154,78,15.1,9545,82,25.5,15.4,216,0.277,0
0,0,0.154,82,15.8,9546,98,24.9,16.3,229,0.277,0
0,0,0.154,75,15.8,9547,99,24.6,15.2,223,0.277,0
0,0,0.154,74,12.6,9548,100,24.4,12.7,203,0.277,0
0,0,0.154,79,9.0,9549,100,24.1,12.5,191,0.277,0
0,0,0.154,85,9.4,9550,98,23.9,12.3,176,0.277,0
0,0,0.154,90,8.3,9551,100,23.4,7.9,147,0.277,0
0,0,0.154,92,6.1,9552,87,23.0,3.1,97,0.277,0
0,0,0.154,82,10.8,9553,100,24.9,4.8,48,0.277,0
0,0,0.154,67,12.2,9554,68,27.4,2.5,94,0.277,0
0,0,0.154,50,14.8,9555,18,30.2,2.7,138,0.277,0
0,0,0.154,41,18.4,9556,23,32.3,4.4,171,0.277,0
0,0,0.154,40,23.4,9557,4,33.5,7.8,176,0.277,0
0,0,0.154,40,30.2,9558,6,34.0,12.6,177,0.277,0
0,0,0.154,36,35.6,9559,0,34.0,16.6,181,0.277,0
3,0,0.154,35,36.0,9560,0,33.7,17.6,187,0.277,0
0,0,0.154,39,35.3,9561,0,32.8,17.0,187,0.277,0
0,0,0.154,45,32.4,9562,0,31.6,15.1,177,0.277,0
0,0,0.154,54,27.0,9563,0,29.6,15.8,181,0.277,0
0,0,0.154,65,21.2,9564,0,28.1,16.3,185,0.277,0
0,0,0.154,69,16.2,9565,0,27.9,20.3,178,0.277,0
0,0,0.154,68,15.8,9566,0,27.6,16.1,169,0.277,0
0,0,0.154,76,15.5,9567,0,26.9,16.0,203,0.277,0
0,0,0.154,82,19.1,9568,0,25.9,17.0,220,0.277,0
0,0,0.154,84,17.6,9569,0,25.5,15.5,222,0.277,0
0,0,0.154,79,14.4,9570,0,25.4,14.6,218,0.277,0
0,0,0.154,75,11.5,9571,0,25.2,14.0,203,0.277,0
0,0,0.154,77,13.3,9572,0,25.1,15.5,182,0.277,0
0,0,0.154,81,15.1,9573,0,25.0,16.7,173,0.277,0
0,0,0.154,86,14.8,9574,0,24.6,15.0,166,0.277,0
0,0,0.154,91,11.9,9575,0,23.9,11.0,156,0.277,0
0,0,0.154,92,6.8,9576,0,23.6,8.9,126,0.277,0
3,0,0.154,89,14.4,9577,0,25.9,8.3,124,0.277,0
2,0,0.154,77,19.4,9578,0,27.8,8.7,143,0.277,0
0,0,0.154,64,22.7,9579,0,29.8,9.6,160,0.277,0
0,0,0.154,53,27.4,9580,0,31.4,11.4,168,0.277,0
0,0,0.154,47,29.2,9581,0,32.3,11.9,170,0.277,0
0,0,0.154,42,30.6,9582,0,33.2,12.5,169,0.277,0
0,0,0.154,39,33.5,9583,0,33.5,14.8,175,0.277,0
0,0,0.154,38,34.9,9584,0,33.2,16.3,186,0.277,0
0,0,0.154,43,34.2,9585,0,32.3,16.1,202,0.277,0
0,0,0.154,47,30.6,9586,0,31.5,14.2,216,0.277,0
0,0,0.154,54,25.2,9587,2,30.2,9.9,217,0.277,0
0,0,0.154,60,15.8,9588,80,29.2,8.6,213,0.277,0
0,0,0.154,62,13.0,9589,0,28.8,10.3,202,0.277,0
0,0,0.154,68,11.9,9590,0,28.0,8.7,194,0.277,0
0,0,0.154,77,13.0,9591,0,27.3,9.9,209,0.277,0
0,0,0.154,87,17.6,9592,0,26.5,14.4,181,0.277,0
0,8,0.154,89,18.0,9593,0,26.2,14.4,176,0.277,0
0,31,0.154,89,21.2,9594,0,26.0,19.0,175,0.277,0
0,10,0.154,90,21.6,9595,0,26.0,17.3,170,0.277,0
0,21,0.154,90,19.1,9596,0,25.8,16.0,177,0.277,0
4,11,0.154,93,16.9,9597,0,25.6,15.8,172,0.277,0
0,20,0.154,92,17.6,9598,0,25.6,16.3,169,0.277,0
15,20,0.154,93,17.6,9599,0,25.5,15.8,151,0.277,0
34,1,0.154,93,16.2,9600,0,25.5,13.6,130,0.277,0
25,47,0.158,81,22.0,9601,0,26.7,9.2,137,0.277,1
17,26,0.159,75,20.9,9602,0,27.9,9.3,126,0.277,0
50,68,0.167,70,33.8,9603,0,27.2,15.7,105,0.277,1
0,25,0.166,57,27.4,9604,0,29.1,13.6,98,0.277,0
2,19,0.165,46,32.4,9605,0,31.3,16.0,87,0.277,0
42,28,0.163,40,33.1,9606,0,32.8,16.4,88,0.277,0
17,92,0.161,38,33.1,9607,3,33.2,14.8,87,0.277,0
5,62,0.16,36,30.2,9608,0,33.7,13.7,90,0.277,0
1,58,0.159,36,27.7,9609,3,33.7,13.5,98,0.277,0
3,26,0.158,38,29.9,9610,0,32.8,16.9,91,0.277,0
0,5,0.158,40,31.3,9611,0,31.5,18.4,89,0.277,0
0,5,0.158,43,26.6,9612,0,30.4,13.1,91,0.277,0
2,9,0.156,49,18.4,9613,3,30.1,9.9,63,0.277,0
0,4,0.156,52,11.5,9614,5,29.4,7.0,48,0.277,0
3,1,0.156,55,6.5,9615,0,28.9,4.2,348,0.277,0
12,22,0.156,57,7.6,9616,0,28.2,8.7,227,0.277,0
4,2,0.156,66,8.3,9617,23,27.3,7.9,227,0.277,0
3,1,0.156,72,6.5,9618,87,26.6,6.6,209,0.277,0
0,0,0.156,79,8.6,9619,84,26.1,7.9,196,0.277,0
0,0,0.156,85,7.2,9620,36,25.5,7.2,242,0.277,0
1,0,0.156,88,5.0,9621,0,25.1,2.3,270,0.277,0
6,0,0.156,87,7.9,9622,0,24.9,5.8,92,0.277,0
3,0,0.156,88,7.9,9623,0,24.6,10.1,87,0.277,0
1,0,0.156,84,13.7,9624,0,24.6,14.1,97,0.277,0
0,0,0.156,80,12.6,9625,94,25.8,5.6,88,0.277,0
2,0,0.156,67,20.9,9626,23,27.6,9.6,86,0.277,0
8,4,0.156,57,27.7,9627,2,29.4,13.2,96,0.277,0
13,8,0.156,49,30.2,9628,0,30.9,14.2,106,0.277,0
10,6,0.156,41,30.6,9629,0,32.1,13.1,111,0.277,0
3,5,0.155,36,29.5,9630,15,33.1,11.6,123,0.277,0
2,8,0.155,35,28.1,9631,17,33.7,10.7,140,0.277,0
0,23,0.155,37,31.7,9632,28,33.5,14.7,172,0.277,0
0,30,0.155,42,37.8,9633,12,31.8,20.5,187,0.277,0
0,8,0.155,42,37.4,9634,0,30.8,16.3,201,0.277,0
0,3,0.155,50,28.1,9635,0,29.6,13.0,225,0.277,0
0,3,0.155,55,20.5,9636,0,28.9,8.3,237,0.277,0
0,2,0.155,59,10.1,9637,18,28.6,6.5,182,0.277,0
0,1,0.155,66,14.0,9638,6,28.0,10.3,196,0.277,0
0,1,0.155,74,16.6,9639,0,27.0,14.3,198,0.277,0
0,1,0.155,81,17.3,9640,0,26.5,15.7,208,0.277,0
0,5,0.155,85,17.3,9641,0,26.0,15.5,220,0.277,0
0,10,0.155,88,16.9,9642,0,25.7,14.1,222,0.277,0
0,0,0.155,89,14.0,9643,81,25.4,10.6,219,0.277,0
0,0,0.155,89,8.6,9644,17,25.0,9.5,237,0.277,0
0,0,0.155,89,7.2,9645,0,24.6,8.3,243,0.277,0
0,0,0.155,90,5.4,9646,0,24.5,5.7,217,0.277,0
0,0,0.155,91,6.1,9647,0,24.4,5.7,136,0.277,0
0,0,0.155,91,10.1,9648,0,24.5,10.4,116,0.277,0
9,0,0.155,85,17.6,9649,34,26.5,10.3,144,0.277,0
2,9,0.155,72,21.2,9650,82,28.5,9.9,153,0.277,0
4,13,0.156,59,24.5,9651,7,29.9,10.8,159,0.277,0
7,7,0.156,50,27.0,9652,1,31.1,11.5,163,0.277,0
5,6,0.156,46,29.5,9653,9,32.2,12.6,167,0.277,0
16,17,0.155,44,31.7,9654,2,32.6,13.5,168,0.277,0
12,25,0.155,44,33.8,9655,12,32.5,15.0,170,0.277,0
3,20,0.155,43,33.8,9656,2,32.0,15.7,179,0.277,0
0,5,0.155,42,32.8,9657,0,31.6,14.6,189,0.277,0
1,8,0.155,47,28.8,9658,0,31.1,12.1,192,0.277,0
1,8,0.155,60,23.8,9659,3,29.5,13.5,193,0.277,0
0,4,0.155,67,23.4,9660,85,28.2,13.9,184,0.277,0
0,1,0.157,69,18.0,9661,80,28.0,10.0,193,0.277,0
0,1,0.157,76,14.0,9662,99,27.3,11.2,178,0.277,0
0,0,0.157,83,14.4,9663,97,26.8,11.4,184,0.277,0
0,0,0.157,85,14.4,9664,100,26.5,13.9,197,0.277,0
0,0,0.157,87,15.1,9665,98,26.1,13.6,202,0.277,0
1,0,0.157,92,13.7,9666,99,25.8,12.7,187,0.277,0
0,0,0.157,93,13.0,9667,92,25.6,13.1,182,0.277,0
2,0,0.157,94,12.6,9668,88,25.5,12.3,188,0.277,0
0,0,0.157,95,10.8,9669,99,25.2,10.6,198,0.277,0
0,0,0.157,96,8.3,9670,100,24.9,8.5,201,0.277,0
0,0,0.157,95,5.4,9671,33,24.8,6.6,196,0.277,0
0,0,0.157,96,2.2,9672,0,24.8,4.0,180,0.277,0
11,1,0.158,86,13.3,9673,0,26.6,6.9,173,0.277,0
9,11,0.159,70,21.6,9674,99,28.5,8.2,161,0.277,0
13,17,0.159,61,24.1,9675,100,29.6,9.9,159,0.277,0
11,25,0.159,57,25.6,9676,86,30.6,11.0,159,0.277,0
18,36,0.16,56,28.1,9677,25,31.0,11.5,160,0.277,1
11,40,0.161,54,27.7,9678,0,31.5,10.4,159,0.277,0
6,20,0.161,53,27.7,9679,0,31.5,10.9,167,0.277,0
5,34,0.16,52,27.7,9680,6,31.2,10.7,175,0.277,0
0,24,0.159,50,25.9,9681,8,31.6,9.5,194,0.277,0
0,26,0.158,55,22.3,9682,3,31.1,10.5,202,0.277,0
0,21,0.158,60,21.6,9683,7,29.9,10.2,211,0.277,0
0,15,0.158,60,17.6,9684,3,29.1,8.3,222,0.277,0
1,1,0.155,62,13.7,9685,0,28.9,8.4,220,0.277,0
0,0,0.155,69,15.5,9686,0,28.0,13.2,206,0.277,0
0,0,0.155,74,15.5,9687,0,27.5,10.8,216,0.277,0
0,3,0.155,78,10.4,9688,0,27.1,9.6,213,0.277,0
0,6,0.155,82,8.3,9689,0,26.8,6.2,187,0.277,0
0,4,0.155,84,4.7,9690,0,26.5,4.5,187,0.277,0
0,100,0.155,84,4.0,9691,0,26.5,4.5,178,0.277,0
3,67,0.155,82,4.0,9692,0,26.6,1.2,117,0.277,0
0,2,0.155,83,4.3,9693,0,26.4,3.7,55,0.277,0
0,0,0.155,88,10.4,9694,0,25.8,9.6,130,0.277,0
0,0,0.155,91,18.0,9695,0,25.3,17.7,102,0.277,0
0,0,0.155,87,20.2,9696,0,25.1,19.8,110,0.277,0
0,2,0.156,84,14.8,9697,0,26.5,11.5,107,0.277,0
0,0,0.156,59,29.5,9698,0,28.5,17.5,99,0.277,0
0,0,0.155,46,36.4,9699,0,30.0,20.9,91,0.277,0
0,0,0.155,40,38.5,9700,0,31.5,20.8,85,0.277,0
0,0,0.155,38,38.5,9701,23,32.6,19.2,78,0.277,0
0,0,0.155,34,37.4,9702,40,33.7,18.1,73,0.277,0
1,19,0.155,32,36.7,9703,0,34.6,18.0,66,0.277,0
2,9,0.155,31,36.7,9704,0,34.4,19.0,61,0.277,0
0,6,0.155,32,36.7,9705,0,33.9,19.0,62,0.277,0
0,8,0.155,32,35.3,9706,0,33.1,16.9,65,0.277,0
0,26,0.155,35,30.2,9707,0,32.0,17.0,69,0.277,0
0,19,0.155,38,25.6,9708,0,31.1,15.1,78,0.277,0
0,10,0.155,43,20.5,9709,0,30.0,17.3,105,0.277,0
0,2,0.155,44,22.0,9710,0,29.6,20.1,83,0.277,0
0,0,0.155,43,27.0,9711,0,29.3,23.1,69,0.277,0
0,0,0.155,44,27.0,9712,0,28.5,23.3,63,0.277,0
0,0,0.155,46,27.0,9713,0,27.7,22.7,65,0.277,0
0,0,0.155,48,26.6,9714,0,27.1,23.4,67,0.277,0
0,0,0.155,50,27.7,9715,0,26.5,24.2,69,0.277,0
0,0,0.155,51,27.7,9716,41,25.8,23.3,68,0.277,0
0,0,0.155,53,25.9,9717,68,25.1,22.3,76,0.277,0
0,0,0.155,55,24.8,9718,93,24.5,21.5,73,0.277,0
0,0,0.155,57,24.5,9719,92,23.9,21.8,74,0.277,0
0,0,0.155,59,32.8,9720,62,23.0,26.9,82,0.277,0
0,0,0.155,58,27.4,9721,46,24.0,18.3,76,0.277,0
0,0,0.155,52,27.4,9722,72,25.6,10.6,56,0.277,0
0,0,0.155,46,30.2,9723,77,27.4,15.9,67,0.277,0
0,0,0.155,40,38.2,9724,6,29.0,20.8,73,0.277,0
0,0,0.155,37,39.6,9725,0,30.3,20.4,74,0.277,0
0,0,0.155,35,38.9,9726,0,31.4,18.1,70,0.277,0
0,0,0.155,33,36.0,9727,0,32.0,16.2,67,0.277,0
4,10,0.154,32,33.8,9728,0,32.3,14.8,63,0.277,0
1,6,0.154,32,31.3,9729,0,32.2,15.0,67,0.277,0
3,5,0.154,34,31.7,9730,0,31.5,17.2,77,0.277,0
4,1,0.154,36,32.0,9731,0,30.2,19.1,82,0.277,0
2,1,0.154,37,29.9,9732,0,29.5,18.2,78,0.277,0
4,1,0.154,41,22.0,9733,0,29.0,10.7,84,0.277,0
11,1,0.154,46,9.4,9734,0,28.3,5.1,107,0.277,0
13,0,0.154,47,2.9,9735,0,27.8,3.8,65,0.277,0
1,0,0.154,46,8.3,9736,84,27.4,10.2,51,0.277,0
0,0,0.154,47,17.3,9737,89,27.0,16.4,63,0.277,0
0,0,0.154,48,19.8,9738,82,26.0,18.6,68,0.277,0
0,0,0.154,49,19.4,9739,97,25.3,18.0,64,0.277,0
0,0,0.154,50,17.6,9740,85,24.8,16.6,54,0.277,0
0,0,0.154,52,15.5,9741,87,24.2,15.2,43,0.277,0
0,0,0.154,54,13.7,9742,41,23.5,12.8,35,0.277,0
0,0,0.154,59,10.1,9743,76,22.7,9.6,53,0.277,0
0,0,0.154,60,7.6,9744,7,22.5,10.6,79,0.277,0
0,0,0.154,57,9.4,9745,76,24.0,4.9,92,0.277,0
0,0,0.154,49,16.9,9746,37,25.7,6.7,90,0.277,0
0,0,0.154,42,22.0,9747,18,27.5,8.8,64,0.277,0
0,0,0.154,36,24.1,9748,9,29.5,9.2,55,0.277,0
0,0,0.154,32,24.1,9749,90,31.2,7.8,56,0.277,0
1,0,0.154,30,23.0,9750,36,32.4,5.1,72,0.277,0
0,0,0.154,29,20.2,9751,0,33.0,3.8,139,0.277,0
4,1,0.154,31,24.8,9752,0,32.8,9.1,170,0.277,0
1,0,0.154,34,29.9,9753,0,32.2,12.8,178,0.277,0
0,1,0.154,37,31.0,9754,0,31.2,14.5,185,0.277,0
3,0,0.154,40,29.2,9755,93,30.0,13.8,201,0.277,0
0,0,0.154,43,22.7,9756,60,29.1,12.1,222,0.277,0
0,0,0.154,45,14.8,9757,48,28.6,10.2,253,0.277,0
0,0,0.154,45,12.2,9758,33,28.2,7.5,280,0.277,0
0,0,0.154,47,6.8,9759,85,27.6,7.6,324,0.277,0
0,0,0.154,48,10.8,9760,100,27.5,11.1,347,0.277,0
0,0,0.154,48,12.6,9761,95,27.0,12.1,2,0.277,0
0,0,0.154,49,13.0,9762,66,26.2,11.1,14,0.277,0
0,0,0.154,51,7.9,9763,81,25.6,9.3,43,0.277,0
0,0,0.154,53,10.1,9764,96,25.4,11.9,87,0.277,0
0,0,0.154,58,9.0,9765,98,24.4,10.9,107,0.277,0
0,0,0.154,63,7.6,9766,99,23.8,8.3,94,0.277,0
0,0,0.154,67,4.3,9767,58,23.0,4.9,57,0.277,0
0,0,0.154,65,7.9,9768,81,22.9,6.9,20,0.277,0
0,0,0.154,61,9.0,9769,22,24.5,4.9,36,0.277,0
0,0,0.154,48,13.7,9770,49,27.2,3.6,6,0.277,0
0,0,0.154,39,15.5,9771,87,29.8,3.3,13,0.277,0
0,0,0.154,34,16.2,9772,62,31.7,2.5,30,0.277,0
0,0,0.154,30,16.9,9773,90,33.2,2.5,60,0.277,0
0,0,0.154,26,17.3,9774,17,34.5,2.4,107,0.277,0
0,0,0.154,25,22.0,9775,75,34.9,6.8,169,0.277,0
0,0,0.154,28,28.4,9776,53,34.5,11.8,186,0.277,0
0,0,0.154,33,33.1,9777,9,33.6,16.2,199,0.277,0
0,0,0.154,37,34.2,9778,80,32.4,16.3,206,0.277,0
0,0,0.154,41,29.5,9779,82,31.0,13.4,204,0.277,0
0,0,0.154,49,19.8,9780,27,29.6,9.9,212,0.277,0
0,0,0.153,44,11.9,9781,99,29.8,9.5,237,0.277,0
0,0,0.153,44,10.4,9782,100,29.1,9.3,246,0.277,0
0,0,0.153,45,7.6,9783,57,28.2,8.4,277,0.277,0
0,0,0.153,46,8.3,9784,72,27.9,10.0,283,0.277,0
0,0,0.153,46,10.1,9785,100,27.5,11.7,274,0.277,0
0,0,0.153,47,8.3,9786,100,26.8,8.8,253,0.277,0
0,0,0.153,46,7.6,9787,100,26.4,10.6,244,0.277,0
0,0,0.153,50,8.6,9788,100,25.8,11.8,246,0.277,0
0,0,0.154,55,9.0,9789,100,25.0,11.0,256,0.277,0
0,0,0.154,59,11.5,9790,100,24.2,11.0,298,0.277,0
0,0,0.154,63,12.2,9791,100,23.5,12.4,332,0.277,0
0,0,0.154,64,11.9,9792,100,23.5,10.8,342,0.277,0
0,0,0.154,62,9.7,9793,100,25.4,8.0,351,0.277,0
0,0,0.154,47,14.0,9794,100,28.6,4.9,4,0.277,0
0,0,0.154,39,15.8,9795,99,31.4,3.6,360,0.277,0
0,0,0.153,33,16.2,9796,100,33.4,2.7,48,0.277,0
0,0,0.153,30,16.9,9797,100,34.9,2.7,86,0.277,0
0,0,0.153,26,19.4,9798,99,36.0,4.3,123,0.277,0
0,0,0.153,27,26.3,9799,94,36.2,10.0,166,0.277,0
0,37,0.153,28,33.1,9800,97,35.8,15.3,182,0.277,0
0,9,0.153,32,38.9,9801,73,34.3,21.1,191,0.277,0
0,10,0.153,34,38.5,9802,84,33.0,19.7,201,0.277,0
0,1,0.153,37,32.4,9803,93,32.0,12.5,201,0.277,0
0,0,0.153,42,18.4,9804,86,31.1,9.0,203,0.277,0
0,0,0.153,43,12.2,9805,1,31.0,11.4,229,0.277,0
0,0,0.153,44,8.6,9806,0,30.0,8.4,259,0.277,0
0,0,0.153,42,7.2,9807,0,29.4,9.6,283,0.277,0
0,0,0.153,43,9.4,9808,6,28.6,10.4,287,0.277,0
0,0,0.153,44,12.6,9809,62,28.0,15.1,220,0.277,0
0,0,0.153,57,17.6,9810,72,26.9,15.1,230,0.277,0
0,0,0.153,61,13.0,9811,94,26.1,13.2,233,0.277,0
0,0,0.153,62,8.6,9812,100,25.5,9.0,248,0.277,0
0,0,0.153,63,5.8,9813,95,25.1,7.0,260,0.277,0
0,0,0.153,64,4.3,9814,91,24.7,6.9,225,0.277,0
0,0,0.153,67,4.7,9815,97,24.8,4.1,193,0.277,0
0,0,0.153,66,4.7,9816,91,24.5,5.7,108,0.277,0
0,0,0.153,70,8.6,9817,0,27.0,6.6,145,0.277,0
0,0,0.153,60,14.8,9818,0,29.5,4.9,156,0.277,0
0,0,0.153,48,16.9,9819,0,31.9,4.6,159,0.277,0
0,0,0.153,41,20.9,9820,0,33.6,6.3,162,0.277,0
0,26,0.153,37,26.3,9821,0,34.6,9.7,161,0.277,0
0,8,0.153,36,32.0,9822,0,35.0,14.1,170,0.277,0
0,0,0.153,33,36.0,9823,0,35.2,17.0,174,0.277,0
0,1,0.153,33,38.5,9824,0,34.5,19.8,178,0.277,0
0,1,0.153,37,38.5,9825,0,33.6,18.8,186,0.277,0
0,0,0.153,44,33.8,9826,0,32.8,17.8,204,0.277,0
0,0,0.153,47,30.2,9827,0,31.5,14.0,216,0.277,0
0,2,0.153,48,19.8,9828,0,30.5,6.8,230,0.277,0
0,1,0.153,55,10.8,9829,0,29.6,7.6,239,0.277,0
0,0,0.153,56,5.4,9830,0,29.1,3.0,147,0.277,0
0,0,0.153,61,9.7,9831,0,28.6,8.3,124,0.277,0
0,0,0.153,70,15.5,9832,0,27.8,15.0,207,0.277,0
0,0,0.153,77,17.6,9833,0,27.0,16.5,214,0.277,0
0,0,0.153,81,16.2,9834,1,26.6,15.5,198,0.277,0
0,0,0.153,81,14.8,9835,2,26.5,16.0,188,0.277,0
0,0,0.153,85,17.3,9836,1,26.1,16.9,178,0.277,0
0,0,0.153,88,15.8,9837,0,25.9,15.7,179,0.277,0
0,0,0.153,89,14.4,9838,0,25.6,13.5,181,0.277,0
0,0,0.153,92,10.8,9839,0,25.1,10.5,185,0.277,0
0,0,0.153,94,5.4,9840,0,24.9,4.2,126,0.277,0
24,0,0.153,87,9.4,9841,0,26.9,2.3,72,0.277,0
11,0,0.153,74,15.1,9842,0,28.9,5.2,164,0.277,0
4,6,0.153,62,20.5,9843,0,30.8,7.3,173,0.277,0
7,29,0.154,53,24.1,9844,0,32.0,9.0,174,0.277,0
9,30,0.154,50,26.3,9845,0,32.8,9.8,174,0.277,0
7,14,0.154,46,27.7,9846,0,33.5,10.8,170,0.277,0
8,21,0.154,42,29.9,9847,0,33.8,12.6,171,0.277,0
2,20,0.154,43,32.0,9848,0,33.5,14.8,174,0.277,0
0,18,0.154,48,34.2,9849,0,32.4,17.7,170,0.277,0
0,9,0.154,52,34.6,9850,0,31.2,16.2,167,0.277,0
0,4,0.154,55,29.2,9851,0,30.0,12.1,157,0.277,0
0,1,0.154,65,18.4,9852,0,28.6,11.2,152,0.277,0
0,0,0.154,85,18.7,9853,0,27.8,17.3,183,0.277,0
0,0,0.154,86,18.7,9854,0,27.5,17.6,179,0.277,0
0,0,0.154,84,17.6,9855,0,27.3,17.4,193,0.277,0
0,0,0.154,82,19.8,9856,0,27.2,18.9,202,0.277,0
0,0,0.154,84,19.4,9857,0,27.0,17.5,215,0.277,0
0,0,0.154,86,17.3,9858,0,26.5,16.3,226,0.277,0
0,0,0.154,90,15.5,9859,0,26.1,15.8,233,0.277,0
0,0,0.154,89,15.1,9860,0,25.8,14.7,233,0.277,0
0,0,0.154,88,12.2,9861,51,25.5,12.2,221,0.277,0
0,0,0.154,89,8.3,9862,69,25.2,9.7,211,0.277,0
0,0,0.154,91,5.8,9863,70,24.9,7.6,225,0.277,0
0,0,0.154,91,4.7,9864,29,25.0,4.1,225,0.277,0
0,0,0.154,83,7.2,9865,37,27.0,2.3,247,0.277,0
0,0,0.154,49,15.1,9866,50,29.8,5.1,280,0.277,0
0,0,0.154,38,17.3,9867,79,32.0,4.9,280,0.277,0
0,0,0.154,32,17.6,9868,58,34.0,4.1,272,0.277,0
0,0,0.154,28,18.0,9869,0,35.5,3.6,240,0.277,0
1,6,0.154,29,24.1,9870,2,36.1,8.3,185,0.277,0
0,49,0.154,33,31.7,9871,0,35.6,14.3,174,0.277,0
0,1,0.154,34,37.8,9872,68,35.0,18.8,171,0.277,0
0,0,0.154,35,38.9,9873,58,34.3,19.3,177,0.277,0
0,0,0.154,40,36.7,9874,33,33.0,18.8,184,0.277,0
0,0,0.153,52,32.4,9875,3,31.0,16.5,173,0.277,0
0,0,0.153,58,24.1,9876,46,29.6,15.4,157,0.277,0
0,0,0.153,63,16.2,9877,49,29.6,14.8,174,0.277,0
0,0,0.153,62,10.8,9878,0,29.4,13.5,178,0.277,0
0,0,0.153,65,18.0,9879,0,28.8,19.0,198,0.277,0
0,0,0.153,74,20.5,9880,0,28.0,19.4,220,0.277,0
0,0,0.153,80,20.2,9881,0,27.5,18.3,224,0.277,0
0,0,0.154,83,18.4,9882,0,26.8,16.5,238,0.277,0
0,0,0.154,77,15.5,9883,0,26.5,15.8,247,0.277,0
0,0,0.154,73,13.7,9884,74,26.0,13.8,259,0.277,0
0,0,0.154,71,10.8,9885,85,25.5,12.4,272,0.277,0
0,0,0.154,72,8.6,9886,82,25.0,9.8,283,0.277,0
0,0,0.154,71,4.7,9887,97,25.0,7.7,301,0.277,0
0,0,0.154,68,4.3,9888,94,25.0,8.4,312,0.277,0
0,0,0.154,64,7.6,9889,95,27.4,3.2,304,0.277,0
0,0,0.154,52,14.4,9890,73,29.5,4.5,304,0.277,0
0,0,0.154,41,16.6,9891,76,32.2,4.3,298,0.277,0
0,0,0.153,34,16.6,9892,74,34.3,3.1,249,0.277,0
0,2,0.153,31,20.5,9893,2,35.5,5.7,191,0.277,0
0,4,0.153,32,28.1,9894,1,36.1,11.3,170,0.277,0
0,4,0.153,33,34.9,9895,3,35.9,16.6,167,0.277,0
0,3,0.153,33,40.3,9896,0,35.0,21.0,171,0.277,0
0,0,0.153,36,41.8,9897,0,33.6,22.4,176,0.277,0
0,0,0.153,41,39.2,9898,0,32.3,19.5,184,0.277,0
0,0,0.153,51,32.4,9899,0,30.4,19.4,178,0.277,0
0,0,0.153,76,27.0,9900,0,28.5,19.1,169,0.277,0
0,0,0.153,77,20.5,9901,38,28.8,15.8,165,0.277,0
0,0,0.153,87,18.7,9902,75,28.1,15.5,160,0.277,0
0,0,0.153,89,22.0,9903,0,27.8,18.1,190,0.277,0
0,0,0.153,91,23.0,9904,0,27.5,19.2,190,0.277,0
11,0,0.153,91,25.2,9905,0,27.2,21.1,184,0.277,0
21,0,0.153,92,26.3,9906,0,27.1,22.1,186,0.277,0
28,0,0.153,92,26.3,9907,0,27.0,21.5,184,0.277,0
26,0,0.153,90,25.9,9908,0,26.9,21.1,182,0.277,0
24,0,0.153,89,24.5,9909,0,26.9,16.8,185,0.277,0
16,0,0.153,90,18.4,9910,0,26.6,13.5,184,0.277,0
8,2,0.153,90,13.3,9911,0,26.5,12.8,177,0.277,0
9,2,0.153,91,12.6,9912,0,26.4,13.2,177,0.277,0
6,1,0.148,78,17.6,9913,4,28.5,10.4,178,0.277,0
14,8,0.149,63,22.3,9914,0,30.2,10.4,181,0.277,0
40,41,0.153,59,32.0,9915,0,30.7,16.9,172,0.277,1
1,7,0.155,62,33.5,9916,0,31.0,14.4,180,0.277,1
33,66,0.173,58,33.1,9917,0,31.0,15.7,165,0.277,1
5,33,0.172,67,33.1,9918,0,30.0,15.5,185,0.277,0
1,11,0.169,66,31.7,9919,0,30.4,12.7,188,0.277,0
4,8,0.168,62,31.3,9920,0,30.9,16.1,174,0.277,0
2,5,0.166,62,32.8,9921,1,30.4,17.5,175,0.277,0
1,9,0.165,68,35.3,9922,1,29.2,21.0,171,0.277,0
4,6,0.164,75,34.9,9923,0,28.3,17.1,163,0.277,0
2,8,0.164,79,26.6,9924,0,27.8,16.5,162,0.277,0
0,4,0.153,77,22.7,9925,5,28.4,16.2,167,0.277,0
0,1,0.153,82,23.4,9926,4,28.1,18.8,168,0.277,0
0,0,0.153,83,23.8,9927,0,27.9,19.3,171,0.277,0
6,1,0.153,85,23.8,9928,0,27.7,18.8,174,0.277,0
40,10,0.171,84,22.3,9929,14,27.0,17.4,163,0.277,1
22,3,0.179,86,17.6,9930,1,27.0,14.8,174,0.277,1
52,12,0.197,87,14.8,9931,17,26.0,12.6,136,0.277,1
4,10,0.198,93,16.6,9932,23,25.0,13.8,167,0.277,0
12,55,0.201,93,13.7,9933,21,24.9,5.7,118,0.277,1
0,78,0.203,93,9.4,9934,3,25.1,10.7,157,0.277,1
1,100,0.205,94,9.4,9935,22,25.1,10.2,159,0.277,0
2,79,0.205,91,14.4,9936,11,25.7,15.2,175,0.277,0
4,32,0.15,88,18.4,9937,25,25.5,5.0,178,0.277,1
33,7,0.15,74,18.0,9938,3,28.0,8.8,182,0.277,0
20,10,0.151,65,24.1,9939,1,30.1,7.5,160,0.277,0
55,8,0.165,64,30.2,9940,36,30.1,15.1,168,0.277,1
5,15,0.175,64,32.0,9941,26,30.0,8.6,172,0.277,1
82,70,0.18,70,37.1,9942,87,27.8,17.9,135,0.277,1
12,14,0.182,66,34.9,9943,56,29.2,13.0,152,0.277,1
29,13,0.186,64,32.8,9944,17,29.4,17.1,151,0.277,1
0,17,0.184,64,33.8,9945,3,29.4,13.3,162,0.277,0
0,5,0.182,65,26.3,9946,12,29.0,12.4,166,0.277,0
0,8,0.181,71,23.4,9947,1,27.8,12.7,169,0.277,0
2,1,0.18,78,19.8,9948,0,26.9,9.6,175,0.277,0
0,5,0.196,81,23.0,9949,16,27.8,17.5,182,0.277,0
0,11,0.196,83,20.5,9950,0,27.5,17.6,186,0.277,0
2,4,0.195,85,19.8,9951,19,27.5,17.0,200,0.277,0
16,1,0.198,82,20.9,9952,21,27.1,19.0,209,0.277,1
16,2,0.198,85,20.9,9953,4,26.8,17.2,207,0.277,0
16,28,0.205,84,16.9,9954,62,26.7,8.0,211,0.277,1
100,20,0.429,96,17.3,9955,88,23.2,11.0,24,0.277,1
5,0,0.432,94,18.4,9956,52,23.2,14.8,42,0.277,1
28,7,0.431,96,19.1,9957,35,23.0,14.0,57,0.277,0
11,15,0.429,96,18.0,9958,1,22.9,12.7,61,0.277,0
22,18,0.428,97,19.1,9959,1,22.7,16.0,51,0.277,0
15,5,0.426,96,17.3,9960,1,22.8,8.5,88,0.277,0
5,11,0.319,92,11.5,9961,3,24.4,3.2,117,0.277,0
9,28,0.318,84,18.7,9962,0,26.2,3.7,235,0.277,0
7,29,0.314,74,16.6,9963,0,28.2,6.4,324,0.277,0
1,12,0.309,68,16.9,9964,1,29.8,5.8,360,0.277,0
1,4,0.302,60,16.6,9965,0,31.2,3.5,39,0.277,0
3,7,0.295,58,16.6,9966,0,31.9,5.1,86,0.277,0
2,16,0.289,58,16.6,9967,0,32.0,3.7,101,0.277,0
9,45,0.292,58,23.4,9968,11,31.2,11.2,136,0.277,1
0,23,0.291,73,28.1,9969,3,28.8,12.9,134,0.277,1
0,2,0.288,74,25.9,9970,30,28.5,14.3,141,0.277,0
0,3,0.286,76,24.5,9971,74,27.7,7.5,145,0.277,0
0,3,0.285,81,10.8,9972,72,26.9,11.5,176,0.277,0
0,2,0.267,87,7.9,9973,58,27.6,10.1,160,0.277,0
5,1,0.267,91,9.0,9974,68,27.4,7.0,168,0.277,0
44,19,0.318,89,5.8,9975,82,25.5,3.6,233,0.277,1
87,8,0.329,95,11.9,9976,100,25.1,7.2,202,0.277,1
34,56,0.373,98,23.0,9977,97,22.8,12.4,327,0.277,1
96,15,0.377,93,16.6,9978,89,23.5,12.2,360,0.277,1
0,13,0.378,93,14.0,9979,24,23.7,4.9,24,0.277,0
3,11,0.378,96,5.8,9980,61,23.3,5.5,27,0.277,0
11,10,0.377,97,7.6,9981,22,23.4,7.1,45,0.277,0
16,0,0.377,97,10.1,9982,88,23.4,8.7,48,0.277,0
22,0,0.377,98,10.8,9983,90,23.1,8.7,56,0.277,0
15,0,0.376,98,7.6,9984,94,23.2,7.0,35,0.277,0
6,17,0.301,85,15.8,9985,91,24.5,9.4,43,0.277,0
1,23,0.301,76,22.3,9986,9,25.9,7.7,111,0.277,0
0,0,0.298,73,18.4,9987,55,27.5,6.7,46,0.277,0
6,4,0.293,68,16.6,9988,3,29.3,3.7,47,0.277,0
1,14,0.287,64,21.6,9989,0,30.6,6.7,82,0.277,0
4,11,0.28,61,22.3,9990,0,31.5,7.6,82,0.277,0
3,8,0.274,58,22.3,9991,0,31.8,6.8,87,0.277,0
1,13,0.268,56,20.2,9992,7,32.2,7.9,70,0.277,0
1,19,0.263,56,20.5,9993,20,31.9,8.3,48,0.277,0
1,15,0.259,57,20.2,9994,14,31.6,6.4,36,0.277,0
2,6,0.257,67,12.2,9995,10,30.6,7.0,40,0.277,0
6,17,0.257,75,8.3,9996,0,29.5,5.3,10,0.277,0
0,3,0.253,82,4.3,9997,77,28.9,5.5,77,0.277,0
1,2,0.252,81,5.0,9998,91,28.5,6.6,81,0.277,0
5,1,0.252,84,4.7,9999,97,27.9,6.7,98,0.277,0
0,3,0.252,87,5.8,10000,27,27.2,6.1,109,0.277,0
0,0,0.252,88,4.7,10001,50,27.0,3.2,128,0.277,0
6,52,0.253,87,6.1,10002,67,26.9,8.4,233,0.277,0
0,27,0.253,85,20.2,10003,97,26.0,17.5,279,0.277,0
0,8,0.252,87,19.1,10004,100,25.2,10.5,292,0.277,0
1,11,0.252,88,8.6,10005,99,25.0,10.2,302,0.277,0
7,16,0.252,89,8.3,10006,100,24.8,8.2,311,0.277,0
5,4,0.252,88,6.1,10007,100,24.8,9.0,314,0.277,0
0,6,0.251,87,8.6,10008,100,24.8,11.1,312,0.277,0
0,0,0.24,83,8.6,10009,97,27.4,3.9,248,0.277,0
2,6,0.238,74,9.7,10010,77,29.1,2.1,250,0.277,0
0,1,0.235,65,19.8,10011,82,30.8,2.9,137,0.277,0
6,6,0.231,62,26.6,10012,77,31.5,8.6,129,0.277,0
22,47,0.236,75,33.5,10013,79,27.8,15.0,133,0.277,1
19,10,0.248,65,28.8,10014,59,29.8,12.4,149,0.277,1
40,35,0.251,68,27.7,10015,98,29.5,12.2,166,0.277,1
12,11,0.256,74,28.4,10016,100,29.4,7.6,175,0.277,1
10,12,0.253,77,19.4,10017,100,28.5,8.8,179,0.277,0
0,7,0.251,76,21.2,10018,100,28.4,11.8,193,0.277,0
0,9,0.249,81,21.2,10019,56,27.5,12.9,199,0.277,0
0,7,0.249,86,18.4,10020,15,26.8,12.4,204,0.277,0
1,5,0.219,85,15.5,10021,16,27.7,13.8,196,0.277,0
4,1,0.218,90,11.9,10022,7,27.2,7.5,197,0.277,0
8,4,0.218,90,9.7,10023,14,27.0,9.4,184,0.277,0
13,16,0.218,90,10.1,10024,24,26.4,8.7,265,0.277,0
100,32,0.23,92,22.3,10025,33,24.6,17.0,338,0.277,1
15,37,0.293,93,28.4,10026,58,23.6,8.5,6,0.277,1
3,36,0.3,95,17.6,10027,61,23.4,2.8,27,0.277,1
5,21,0.301,96,7.2,10028,29,23.4,4.8,25,0.277,0
0,14,0.302,98,9.4,10029,19,23.2,4.2,10,0.277,0
2,22,0.302,97,2.5,10030,33,23.2,3.8,357,0.277,0
0,4,0.302,97,3.6,10031,49,23.1,4.9,4,0.277,0
0,5,0.301,95,4.0,10032,97,23.4,3.4,18,0.277,0
0,0,0.223,93,11.9,10033,32,24.0,6.8,295,0.277,1
4,16,0.223,82,16.6,10034,6,26.4,7.8,337,0.277,0
8,18,0.22,69,20.5,10035,1,28.8,9.2,3,0.277,0
2,19,0.216,61,20.2,10036,0,30.5,8.0,27,0.277,0
1,4,0.211,53,22.0,10037,0,32.0,7.1,60,0.277,0
0,1,0.205,50,23.4,10038,14,32.9,8.5,77,0.277,0
9,17,0.2,49,23.4,10039,69,33.5,8.4,80,0.277,0
2,17,0.195,48,22.0,10040,66,33.8,8.5,72,0.277,0
3,14,0.191,47,22.0,10041,29,33.6,8.1,86,0.277,0
3,14,0.188,49,18.4,10042,21,32.9,6.1,90,0.277,0
8,23,0.186,58,13.7,10043,6,31.2,7.3,110,0.277,0
1,12,0.185,74,15.8,10044,0,29.4,13.7,158,0.277,0
0,29,0.175,78,17.6,10045,92,28.1,11.5,120,0.277,0
0,32,0.174,78,10.4,10046,98,27.8,11.4,94,0.277,0
0,36,0.174,78,16.2,10047,15,27.4,14.2,102,0.277,0
0,18,0.174,82,14.4,10048,76,27.0,8.2,131,0.277,0
8,47,0.174,83,17.3,10049,58,26.5,15.1,295,0.277,0
4,22,0.173,86,23.4,10050,98,25.8,13.9,273,0.277,0
4,16,0.173,89,16.6,10051,41,25.2,17.4,319,0.277,0
0,41,0.173,89,17.3,10052,14,25.0,11.7,355,0.277,0
2,33,0.173,89,10.1,10053,10,25.1,7.3,33,0.277,0
8,34,0.173,88,6.1,10054,94,25.1,7.7,53,0.277,0
8,13,0.173,84,7.9,10055,93,25.3,10.0,51,0.277,0
1,7,0.172,83,9.0,10056,95,25.5,11.1,47,0.277,0
1,8,0.169,79,12.2,10057,97,28.0,7.1,43,0.277,0
6,14,0.169,70,20.2,10058,99,29.6,4.4,55,0.277,0
0,2,0.17,61,25.9,10059,81,31.2,7.5,70,0.277,0
1,9,0.168,54,32.0,10060,64,32.3,13.0,92,0.277,0
2,3,0.166,50,34.6,10061,100,33.2,13.1,88,0.277,0
6,4,0.164,44,33.8,10062,100,34.5,15.5,91,0.277,0
2,15,0.162,41,34.6,10063,100,35.1,17.1,83,0.277,0
2,16,0.16,40,35.3,10064,99,35.2,16.5,74,0.277,0
24,54,0.163,40,35.3,10065,100,34.2,18.7,90,0.277,1
2,18,0.168,43,33.8,10066,100,33.7,13.1,88,0.277,1
9,30,0.167,51,25.9,10067,99,31.6,12.4,64,0.277,0
1,59,0.166,56,20.2,10068,100,30.6,10.2,56,0.277,0
7,26,0.17,82,13.0,10069,100,28.3,7.1,165,0.277,0
0,10,0.17,82,13.0,10070,94,28.1,6.6,125,0.277,0
0,40,0.17,80,23.8,10071,100,27.0,17.5,92,0.277,0
0,85,0.17,81,21.2,10072,99,25.6,18.1,85,0.277,0
0,55,0.174,82,18.7,10073,100,26.0,20.1,80,0.277,1
13,87,0.174,80,18.4,10074,100,26.0,20.3,83,0.277,0
6,91,0.281,85,18.7,10075,100,24.5,15.3,42,0.277,1
12,66,0.36,90,16.9,10076,100,24.0,11.8,20,0.277,1
7,23,0.36,85,13.0,10077,100,24.9,16.1,59,0.277,0
2,5,0.359,83,19.4,10078,100,25.0,19.9,78,0.277,0
7,21,0.358,83,20.9,10079,100,24.8,19.3,74,0.277,0
0,43,0.358,84,18.7,10080,100,24.7,17.3,74,0.277,0
0,31,0.172,77,24.5,10081,100,25.8,17.4,74,0.277,0
0,100,0.173,75,23.0,10082,100,26.3,16.7,64,0.277,1
2,68,0.191,74,32.8,10083,100,26.3,14.7,51,0.277,1
6,100,0.199,68,30.6,10084,99,27.2,14.6,45,0.277,1
52,96,0.199,66,26.3,10085,100,27.8,14.3,51,0.277,1
3,100,0.207,70,35.6,10086,100,27.0,11.4,66,0.277,1
5,100,0.223,76,28.1,10087,100,26.2,7.2,35,0.277,1
1,98,0.229,75,32.4,10088,100,26.8,15.2,60,0.277,1
4,100,0.26,79,28.8,10089,100,26.3,14.2,49,0.277,1
0,100,0.269,84,24.1,10090,100,25.5,11.5,30,0.277,1
0,99,0.283,91,19.4,10091,100,24.6,13.2,10,0.277,1
0,100,0.289,94,18.7,10092,100,24.3,14.0,359,0.277,1
0,5,0.186,83,23.0,10093,100,25.4,19.8,13,0.277,0
1,23,0.186,83,23.0,10094,100,25.0,18.3,14,0.277,0
0,1,0.186,83,20.9,10095,100,24.8,18.4,12,0.277,0
1,7,0.186,84,20.9,10096,46,24.3,17.1,12,0.277,0
1,16,0.186,84,16.9,10097,96,24.0,16.6,2,0.277,0
2,33,0.185,84,16.9,10098,100,23.8,16.3,5,0.277,0
2,31,0.185,83,15.8,10099,100,23.7,13.7,3,0.277,0
8,35,0.185,83,13.7,10100,100,23.5,11.7,355,0.277,0
9,25,0.185,84,10.8,10101,100,23.3,10.8,356,0.277,0
4,16,0.184,84,9.7,10102,100,23.2,9.6,357,0.277,0
4,26,0.184,85,8.3,10103,100,23.1,8.9,353,0.277,0
6,28,0.184,84,8.6,10104,99,23.1,9.7,4,0.277,0
1,93,0.205,84,16.2,10105,100,23.4,11.9,357,0.277,1
0,100,0.209,83,17.3,10106,100,23.8,10.7,354,0.277,1
0,55,0.214,78,18.7,10107,100,24.8,9.6,3,0.277,1
0,19,0.215,69,21.6,10108,100,26.5,10.2,18,0.277,1
0,87,0.211,63,24.1,10109,100,27.9,11.2,26,0.277,0
0,89,0.207,62,27.4,10110,100,28.4,13.5,27,0.277,0
48,75,0.204,60,27.7,10111,100,28.5,16.1,41,0.277,0
73,95,0.201,57,30.2,10112,100,29.0,16.9,51,0.277,0
3,100,0.199,58,29.2,10113,98,28.5,15.2,53,0.277,0
0,100,0.197,60,23.8,10114,83,28.2,15.0,42,0.277,0
0,8,0.196,66,19.8,10115,100,27.3,14.1,353,0.277,0
0,55,0.195,75,20.5,10116,93,25.8,19.7,322,0.277,0
0,99,0.222,76,27.4,10117,1,24.5,24.4,347,0.277,0
0,100,0.221,79,28.4,10118,15,24.0,25.5,354,0.277,0
0,95,0.22,78,29.2,10119,36,23.9,25.8,353,0.277,0
0,100,0.22,78,31.0,10120,97,23.6,26.8,351,0.277,0
0,99,0.219,79,31.7,10121,2,23.4,27.1,352,0.277,0
0,99,0.218,78,31.3,10122,0,23.2,26.1,359,0.277,0
0,96,0.217,77,29.5,10123,15,23.0,24.1,1,0.277,0
0,55,0.217,78,26.6,10124,7,22.8,22.3,358,0.277,0
0,75,0.216,79,23.8,10125,26,22.4,21.4,354,0.277,0
0,92,0.215,79,21.6,10126,52,22.2,17.2,354,0.277,0
0,47,0.215,80,16.6,10127,19,22.0,17.7,339,0.277,0
0,12,0.215,81,16.6,10128,5,21.8,15.5,348,0.277,0
0,1,0.215,76,19.1,10129,25,23.4,15.9,346,0.277,0
0,0,0.214,70,22.3,10130,0,25.0,12.6,350,0.277,0
0,4,0.211,63,23.0,10131,0,26.9,9.9,5,0.277,0
0,7,0.207,58,21.6,10132,91,28.6,8.3,13,0.277,0
0,18,0.202,53,22.7,10133,45,30.1,9.6,13,0.277,0
0,0,0.197,50,24.5,10134,15,31.1,10.7,44,0.277,0
2,0,0.192,47,29.2,10135,55,32.2,9.8,46,0.277,0
3,5,0.187,46,27.4,10136,96,32.8,10.0,49,0.277,0
5,4,0.184,45,24.8,10137,95,33.0,11.3,54,0.277,0
13,1,0.181,44,24.8,10138,100,32.7,14.2,74,0.277,0
4,0,0.179,51,23.4,10139,6,31.0,16.1,96,0.277,0
1,6,0.178,63,17.3,10140,0,29.1,13.0,92,0.277,0
3,7,0.182,67,9.4,10141,11,28.8,12.6,13,0.277,0
0,27,0.181,66,15.1,10142,25,28.4,16.3,71,0.277,0
1,51,0.181,70,18.7,10143,94,27.4,18.4,84,0.277,0
0,12,0.18,71,15.8,10144,30,27.1,16.8,81,0.277,0
0,14,0.18,75,14.4,10145,1,26.4,14.0,78,0.277,0
0,12,0.179,76,9.4,10146,0,26.1,12.6,56,0.277,0
4,8,0.179,79,10.4,10147,1,25.6,13.2,55,0.277,0
9,25,0.179,80,8.3,10148,2,25.4,12.4,54,0.277,0
0,23,0.178,83,8.3,10149,0,24.9,9.8,35,0.277,0
0,0,0.178,86,7.9,10150,14,24.4,9.6,13,0.277,0
0,4,0.178,88,8.6,10151,45,24.0,11.0,6,0.277,0
0,0,0.178,88,7.9,10152,100,24.0,9.4,13,0.277,0
0,0,0.178,81,10.4,10153,6,26.0,7.7,3,0.277,0
0,0,0.176,65,13.0,10154,94,28.6,4.5,5,0.277,0
0,0,0.174,54,15.1,10155,100,30.9,4.6,39,0.277,0
0,9,0.172,46,17.6,10156,100,32.6,5.3,66,0.277,0
3,5,0.169,42,20.5,10157,98,33.8,4.7,62,0.277,0
6,5,0.166,40,19.4,10158,100,34.8,3.9,37,0.277,0
21,5,0.163,39,18.0,10159,95,35.1,2.3,4,0.277,0
32,82,0.161,40,15.5,10160,99,34.4,3.4,93,0.277,0
0,35,0.162,52,25.2,10161,86,31.4,8.9,142,0.277,1
0,13,0.161,48,21.2,10162,17,32.0,7.5,215,0.277,0
0,13,0.161,49,17.6,10163,65,31.7,4.9,276,0.277,0
0,6,0.16,53,9.7,10164,91,31.0,5.0,314,0.277,0
0,15,0.154,63,12.2,10165,71,29.5,11.7,274,0.277,0
0,19,0.154,61,11.5,10166,2,29.8,7.2,298,0.277,0
0,3,0.154,63,10.1,10167,0,29.5,7.1,333,0.277,0
0,20,0.154,67,6.5,10168,0,28.9,5.4,339,0.277,0
0,15,0.154,70,3.2,10169,0,28.4,2.4,73,0.277,0
0,19,0.154,70,5.0,10170,1,27.9,2.4,333,0.277,0
0,5,0.154,74,6.5,10171,0,27.2,3.4,252,0.277,0
0,6,0.154,78,10.8,10172,0,26.6,7.9,305,0.277,0
0,0,0.154,81,11.9,10173,0,26.0,9.2,318,0.277,0
0,0,0.154,82,11.2,10174,0,25.8,9.8,330,0.277,0
0,0,0.154,83,10.8,10175,0,25.6,7.1,345,0.277,0
0,0,0.154,82,5.0,10176,0,25.8,4.9,17,0.277,0
0,0,0.149,74,9.4,10177,7,28.5,4.7,137,0.277,0
0,0,0.149,65,15.5,10178,8,30.5,4.9,178,0.277,0
4,6,0.149,54,21.2,10179,7,32.4,4.5,185,0.277,0
7,11,0.149,48,24.5,10180,5,33.8,5.0,165,0.277,0
9,13,0.149,45,25.9,10181,7,34.6,7.0,162,0.277,0
9,8,0.149,45,28.4,10182,9,34.9,10.2,172,0.277,0
20,28,0.173,55,34.9,10183,27,32.1,15.4,175,0.277,1
0,2,0.171,49,33.1,10184,25,33.4,7.2,184,0.277,0
3,4,0.168,53,24.5,10185,69,32.5,9.7,179,0.277,0
1,2,0.166,56,25.9,10186,61,31.5,13.8,173,0.277,0
1,4,0.165,62,26.3,10187,96,29.9,14.3,174,0.277,0
0,2,0.165,71,22.7,10188,92,28.8,13.3,179,0.277,0
0,1,0.155,78,24.5,10189,56,28.9,18.8,174,0.277,0
0,6,0.155,77,23.0,10190,98,28.8,17.5,179,0.277,0
0,9,0.155,79,19.8,10191,91,28.5,15.4,194,0.277,0
0,1,0.155,85,16.9,10192,89,28.0,13.8,208,0.277,0
0,1,0.155,89,14.8,10193,80,27.6,13.6,215,0.277,0
8,0,0.155,92,14.0,10194,76,27.2,11.2,248,0.277,0
9,0,0.155,92,13.3,10195,82,26.9,7.8,278,0.277,0
0,10,0.155,91,10.1,10196,78,26.5,6.9,301,0.277,0
0,17,0.155,89,8.6,10197,97,26.3,2.2,215,0.277,0
1,14,0.155,91,5.8,10198,93,26.2,5.7,152,0.277,0
1,0,0.155,91,8.6,10199,77,26.4,9.0,142,0.277,0
0,0,0.155,91,10.1,10200,96,26.5,10.3,151,0.277,0
28,0,0.153,80,27.4,10201,95,28.6,17.1,176,0.277,0
6,0,0.153,72,28.4,10202,25,30.1,15.3,183,0.277,0
13,4,0.154,67,30.2,10203,2,31.1,14.8,186,0.277,0
13,2,0.154,62,30.2,10204,2,32.2,13.6,192,0.277,0
22,1,0.154,59,30.2,10205,3,33.0,13.0,198,0.277,0
29,1,0.154,57,31.0,10206,7,33.5,13.5,199,0.277,0
24,2,0.154,57,32.8,10207,14,33.1,14.9,193,0.277,0
9,3,0.154,58,33.1,10208,62,32.5,13.5,183,0.277,0
3,4,0.154,59,30.2,10209,92,32.2,13.6,172,0.277,0
3,3,0.154,66,31.7,10210,92,30.9,17.6,172,0.277,0
3,7,0.154,72,32.0,10211,64,29.5,18.2,177,0.277,0
0,2,0.154,79,29.2,10212,89,28.8,16.6,181,0.277,0
0,0,0.154,81,26.6,10213,84,29.0,19.5,184,0.277,0
0,0,0.154,82,25.9,10214,84,28.8,19.2,199,0.277,0
0,0,0.154,81,23.4,10215,98,28.5,19.3,204,0.277,0
0,0,0.154,83,21.6,10216,96,28.2,19.7,201,0.277,0
0,0,0.154,84,22.3,10217,85,27.9,18.5,198,0.277,0
0,0,0.154,86,20.5,10218,79,27.6,16.9,196,0.277,0
0,0,0.154,88,18.0,10219,9,27.4,16.0,199,0.277,0
0,0,0.154,89,16.6,10220,0,27.1,15.6,191,0.277,0
0,0,0.154,89,17.6,10221,0,27.0,16.7,179,0.277,0
3,0,0.154,89,19.1,10222,0,27.0,17.9,171,0.277,0
3,0,0.154,88,19.8,10223,0,27.0,18.5,169,0.277,0
3,0,0.154,88,19.8,10224,0,27.1,17.5,176,0.277,0
0,0,0.151,77,23.4,10225,45,29.0,14.3,184,0.277,0
0,0,0.151,68,25.6,10226,60,30.5,12.8,184,0.277,0
0,0,0.151,62,25.9,10227,97,31.9,11.2,186,0.277,0
0,0,0.151,57,26.6,10228,89,33.0,10.4,189,0.277,0
5,4,0.151,55,29.5,10229,89,33.8,11.4,184,0.277,0
7,2,0.151,55,31.7,10230,97,34.0,12.8,180,0.277,0
5,8,0.151,52,32.4,10231,98,34.2,13.3,180,0.277,0
2,6,0.151,51,31.3,10232,98,33.8,14.1,177,0.277,0
2,6,0.151,49,32.0,10233,92,33.3,15.9,171,0.277,0
2,7,0.151,56,32.8,10234,91,31.8,17.2,173,0.277,0
1,5,0.151,63,31.0,10235,93,30.4,18.0,169,0.277,0
0,2,0.151,76,28.4,10236,81,29.1,18.0,182,0.277,0
0,0,0.154,82,26.3,10237,91,28.9,19.5,185,0.277,0
0,0,0.154,84,24.8,10238,95,28.5,16.1,194,0.277,0
0,0,0.154,87,19.8,10239,97,28.3,17.9,195,0.277,0
0,0,0.154,88,20.5,10240,100,28.1,18.2,196,0.277,0
0,0,0.154,90,21.2,10241,95,27.9,19.2,192,0.277,0
3,0,0.154,90,21.6,10242,92,27.7,19.0,190,0.277,0
2,0,0.154,91,21.6,10243,76,27.5,17.7,190,0.277,0
0,0,0.154,90,19.8,10244,93,27.4,17.8,180,0.277,0
0,0,0.154,89,20.5,10245,83,27.4,18.4,175,0.277,0
1,0,0.154,88,20.9,10246,87,27.4,19.4,173,0.277,0
3,0,0.154,88,25.6,10247,24,27.4,22.6,171,0.277,0
2,0,0.154,87,26.6,10248,7,27.5,23.1,175,0.277,0
7,0,0.15,76,31.0,10249,83,29.3,20.4,177,0.277,0
4,0,0.15,69,33.1,10250,64,30.6,18.4,183,0.277,0
4,0,0.151,64,34.6,10251,99,31.6,18.0,182,0.277,0
4,1,0.151,60,35.6,10252,98,32.5,17.5,184,0.277,0
11,1,0.151,59,37.1,10253,87,33.0,18.0,183,0.277,0
2,2,0.151,56,37.8,10254,89,33.5,17.8,182,0.277,0
0,1,0.151,54,37.8,10255,85,33.5,18.0,183,0.277,0
0,2,0.151,56,38.5,10256,83,33.0,19.8,187,0.277,0
0,3,0.151,58,38.5,10257,76,32.3,18.0,182,0.277,0
0,9,0.151,61,34.6,10258,65,31.4,16.6,168,0.277,0
0,2,0.151,70,31.3,10259,11,30.0,17.6,172,0.277,0
0,1,0.151,77,28.4,10260,15,29.0,17.5,171,0.277,0
0,2,0.151,79,26.6,10261,97,29.1,16.7,186,0.277,0
0,2,0.151,81,23.0,10262,94,28.9,18.5,181,0.277,0
0,2,0.151,84,23.4,10263,91,28.5,17.3,183,0.277,0
0,1,0.151,85,22.7,10264,91,28.4,19.1,182,0.277,0
0,1,0.151,88,22.7,10265,91,28.1,20.4,182,0.277,0
0,1,0.151,87,24.1,10266,97,28.0,20.0,177,0.277,0
1,0,0.151,88,22.7,10267,77,27.8,18.0,178,0.277,0
1,0,0.151,88,23.0,10268,100,27.6,20.0,177,0.277,0
6,0,0.151,88,24.5,10269,100,27.5,20.9,178,0.277,0
21,0,0.151,88,24.8,10270,100,27.4,21.4,180,0.277,0
33,0,0.151,88,25.2,10271,100,27.5,21.6,180,0.277,0
38,0,0.151,87,25.6,10272,100,27.5,21.4,178,0.277,0
27,0,0.147,77,30.2,10273,15,29.0,19.3,184,0.277,0
34,0,0.147,68,32.0,10274,9,30.5,17.8,186,0.277,0
13,0,0.147,63,33.1,10275,0,31.5,17.0,184,0.277,0
13,0,0.147,59,34.6,10276,0,32.5,17.0,184,0.277,0
7,0,0.147,55,36.7,10277,11,33.1,17.8,181,0.277,0
1,0,0.147,51,38.5,10278,0,33.5,18.9,178,0.277,0
0,0,0.147,46,39.2,10279,0,33.5,19.8,178,0.277,0
0,0,0.147,46,39.2,10280,0,33.3,19.8,177,0.277,0
0,1,0.147,47,38.2,10281,0,32.5,19.5,178,0.277,0
0,1,0.146,51,36.0,10282,0,31.7,18.4,178,0.277,0
0,0,0.146,65,32.0,10283,0,30.0,17.1,181,0.277,0
0,0,0.146,73,26.6,10284,0,29.0,14.6,181,0.277,0
0,0,0.154,78,21.6,10285,0,29.0,16.0,188,0.277,0
0,0,0.154,81,25.9,10286,6,28.6,20.1,186,0.277,0
0,0,0.154,82,27.0,10287,44,28.4,21.0,189,0.277,0
0,0,0.154,83,26.6,10288,73,28.2,22.5,183,0.277,0
0,0,0.154,83,29.5,10289,82,28.0,24.8,179,0.277,0
0,0,0.154,84,29.5,10290,92,27.8,21.7,187,0.277,0
0,0,0.154,85,24.5,10291,84,27.5,20.5,186,0.277,0
0,0,0.154,86,23.0,10292,94,27.4,19.5,185,0.277,0
0,0,0.154,86,21.2,10293,89,27.4,19.5,183,0.277,0
0,0,0.154,87,21.2,10294,73,27.3,19.3,179,0.277,0
0,0,0.154,87,20.9,10295,71,27.2,17.8,179,0.277,0
2,0,0.154,87,19.1,10296,5,27.4,16.4,179,0.277,0
17,0,0.15,78,22.7,10297,3,29.0,13.1,180,0.277,0
12,1,0.15,70,25.6,10298,18,30.5,12.6,180,0.277,0
13,4,0.15,63,27.4,10299,88,31.8,12.2,181,0.277,0
13,6,0.151,59,27.7,10300,87,32.5,11.2,184,0.277,0
7,7,0.151,55,27.4,10301,59,33.5,10.5,184,0.277,0
2,3,0.151,56,31.7,10302,1,34.0,13.5,181,0.277,0
4,10,0.151,56,33.8,10303,1,33.8,15.5,180,0.277,0
1,9,0.151,57,34.9,10304,0,33.2,17.1,181,0.277,0
1,1,0.151,56,34.9,10305,0,32.7,18.0,177,0.277,0
0,2,0.151,60,34.9,10306,0,31.5,16.6,181,0.277,0
0,6,0.151,66,29.5,10307,0,30.2,16.2,180,0.277,0
0,1,0.151,77,26.3,10308,0,29.0,16.8,183,0.277,0
0,2,0.159,82,20.9,10309,0,28.9,16.1,187,0.277,0
0,0,0.159,85,20.9,10310,0,28.5,17.8,183,0.277,0
0,0,0.159,87,21.6,10311,0,28.2,19.1,185,0.277,0
0,0,0.159,88,24.1,10312,0,28.0,21.4,181,0.277,0
0,0,0.159,88,27.0,10313,0,27.8,23.6,179,0.277,0
0,0,0.159,89,27.7,10314,0,27.6,23.1,183,0.277,0
0,0,0.159,89,25.6,10315,4,27.4,19.6,187,0.277,0
0,0,0.158,90,20.9,10316,0,27.2,16.6,193,0.277,0
0,0,0.158,90,16.2,10317,1,27.0,14.3,191,0.277,0
0,0,0.158,91,12.6,10318,0,26.9,12.1,183,0.277,0
0,0,0.158,91,9.0,10319,0,26.7,11.5,170,0.277,0
0,0,0.158,90,13.0,10320,0,27.0,13.9,161,0.277,0
20,3,0.156,79,22.7,10321,0,29.1,13.3,157,0.277,0
38,2,0.156,70,26.6,10322,0,30.7,13.6,165,0.277,0
35,1,0.156,63,29.9,10323,0,32.0,14.7,174,0.277,0
40,5,0.156,61,32.8,10324,0,32.6,15.5,177,0.277,0
22,6,0.156,59,34.2,10325,0,33.0,16.2,179,0.277,0
3,5,0.155,54,34.6,10326,0,33.2,15.5,175,0.277,0
0,8,0.155,45,34.6,10327,0,33.9,16.4,177,0.277,0
0,5,0.155,40,35.3,10328,17,33.9,17.5,176,0.277,0
0,3,0.155,45,35.3,10329,10,33.0,18.2,178,0.277,0
0,2,0.155,59,34.6,10330,12,31.5,18.5,187,0.277,0
0,1,0.155,72,32.8,10331,11,29.9,18.7,178,0.277,0
0,1,0.155,77,29.9,10332,2,29.1,18.0,173,0.277,0
0,1,0.167,84,24.8,10333,0,28.5,18.4,172,0.277,0
0,0,0.166,85,21.6,10334,0,28.4,18.8,168,0.277,0
0,0,0.166,85,20.9,10335,0,28.1,18.0,168,0.277,0
0,0,0.166,85,19.1,10336,0,28.0,16.6,168,0.277,0
0,0,0.166,88,19.8,10337,0,27.8,18.0,171,0.277,0
4,0,0.166,89,19.8,10338,4,27.6,16.7,181,0.277,0
6,0,0.165,90,17.6,10339,64,27.5,15.8,188,0.277,0
23,0,0.165,90,16.6,10340,82,27.4,15.9,186,0.277,0
19,0,0.165,90,17.3,10341,100,27.4,16.6,184,0.277,0
2,1,0.165,90,17.6,10342,100,27.4,16.0,172,0.277,0
8,26,0.165,90,16.6,10343,100,27.3,14.3,155,0.277,0
100,97,0.178,93,30.6,10344,96,25.1,27.8,93,0.277,1
18,41,0.153,79,18.0,10345,70,29.4,11.1,136,0.277,1
10,79,0.197,84,32.8,10346,97,26.0,17.7,85,0.277,1
0,5,0.196,69,25.2,10347,73,29.8,8.8,86,0.277,0
2,8,0.192,59,25.2,10348,55,32.0,10.1,112,0.277,0
14,37,0.188,56,29.2,10349,100,32.5,14.7,149,0.277,0
9,57,0.196,75,43.9,10350,100,28.5,17.3,163,0.277,1
18,85,0.196,64,35.3,10351,86,30.4,19.0,135,0.277,1
6,100,0.194,69,36.4,10352,58,29.6,14.7,110,0.277,0
1,35,0.192,71,28.1,10353,100,28.9,9.9,115,0.277,0
0,39,0.19,69,19.8,10354,100,29.5,9.7,105,0.277,0
0,21,0.189,71,20.5,10355,96,29.0,13.0,90,0.277,0
0,23,0.188,79,20.2,10356,100,28.0,14.4,78,0.277,0
0,100,0.166,84,22.7,10357,99,26.2,14.7,84,0.277,0
0,77,0.166,87,22.7,10358,99,25.7,16.8,84,0.277,0
0,58,0.167,89,23.4,10359,99,25.4,14.7,79,0.277,0
0,29,0.167,91,20.2,10360,99,25.0,11.9,90,0.277,0
0,100,0.167,91,17.3,10361,99,24.7,13.1,90,0.277,0
0,71,0.167,89,15.8,10362,86,24.8,9.8,82,0.277,0
4,97,0.166,89,12.6,10363,49,24.9,7.6,78,0.277,0
5,100,0.166,88,12.2,10364,36,24.9,7.9,55,0.277,0
7,98,0.169,88,15.1,10365,34,24.6,10.2,72,0.277,1
2,100,0.17,88,18.0,10366,27,24.4,13.0,76,0.277,0
5,98,0.17,88,19.1,10367,59,24.1,14.1,76,0.277,0
23,49,0.17,88,19.4,10368,33,23.9,15.0,80,0.277,0
35,22,0.163,81,20.9,10369,37,25.5,11.6,86,0.277,0
3,11,0.162,73,28.1,10370,27,26.8,15.3,81,0.277,0
8,6,0.161,63,29.2,10371,18,28.6,14.2,75,0.277,0
3,12,0.16,57,29.9,10372,20,30.3,13.8,76,0.277,0
14,1,0.159,53,29.9,10373,97,31.6,12.7,61,0.277,0
14,4,0.158,49,29.5,10374,100,32.7,12.6,61,0.277,0
15,4,0.158,46,33.5,10375,44,32.8,16.2,66,0.277,0
7,5,0.157,43,34.6,10376,38,33.2,17.0,73,0.277,0
0,2,0.156,43,34.2,10377,55,33.0,16.1,70,0.277,0
3,2,0.156,44,31.3,10378,32,32.5,13.9,66,0.277,0
3,4,0.156,51,28.4,10379,4,30.9,17.3,80,0.277,0
1,3,0.156,59,32.8,10380,15,28.9,22.9,89,0.277,0
0,30,0.171,70,20.9,10381,99,27.7,13.1,77,0.277,0
0,11,0.17,75,18.7,10382,83,27.0,14.9,71,0.277,0
0,20,0.17,77,18.7,10383,53,26.6,13.2,68,0.277,0
2,84,0.169,78,15.8,10384,17,26.1,12.7,52,0.277,0
0,99,0.169,77,16.2,10385,9,25.9,11.8,44,0.277,0
0,72,0.169,77,14.4,10386,2,25.8,11.1,56,0.277,0
0,77,0.168,79,12.2,10387,8,25.5,9.4,55,0.277,0
0,49,0.168,81,9.4,10388,34,25.0,7.0,40,0.277,0
2,95,0.168,82,7.2,10389,82,24.8,5.2,25,0.277,0
1,99,0.168,84,7.9,10390,11,24.5,5.3,12,0.277,0
0,99,0.167,86,9.4,10391,2,24.2,6.6,16,0.277,0
1,6,0.167,86,9.4,10392,1,24.0,4.9,354,0.277,0
1,22,0.171,81,13.0,10393,96,25.0,5.6,21,0.277,0
0,52,0.17,72,16.2,10394,82,26.5,6.8,22,0.277,0
0,3,0.168,62,19.1,10395,26,28.5,6.8,22,0.277,0
1,3,0.167,54,20.9,10396,11,30.5,7.5,42,0.277,0
0,3,0.164,48,26.3,10397,1,32.1,10.9,52,0.277,0
0,0,0.162,44,28.1,10398,8,33.3,11.6,58,0.277,0
0,0,0.16,42,29.2,10399,26,34.1,12.3,75,0.277,0
3,4,0.159,41,29.9,10400,4,34.5,12.0,76,0.277,0
5,17,0.158,40,27.7,10401,0,34.5,10.9,81,0.277,0
2,34,0.158,41,24.8,10402,5,33.8,7.9,110,0.277,0
4,4,0.157,44,18.0,10403,0,32.8,7.2,125,0.277,0
2,0,0.157,51,13.7,10404,17,31.6,4.3,152,0.277,0
1,10,0.146,49,5.4,10405,97,31.5,2.4,306,0.277,0
0,1,0.146,54,4.7,10406,33,31.1,2.1,31,0.277,0
7,5,0.146,50,10.8,10407,0,30.8,11.4,6,0.277,0
0,0,0.146,55,15.5,10408,0,29.8,9.5,29,0.277,0
0,3,0.146,60,7.9,10409,1,28.8,8.4,80,0.277,0
0,4,0.146,64,7.6,10410,2,28.2,9.8,60,0.277,0
0,0,0.146,67,10.4,10411,0,27.8,12.3,46,0.277,0
0,0,0.146,69,11.9,10412,0,27.5,12.9,47,0.277,0
2,4,0.146,70,11.5,10413,0,27.1,10.5,51,0.277,0
1,4,0.146,71,9.0,10414,0,26.9,11.3,44,0.277,0
1,0,0.146,72,11.2,10415,0,26.5,12.8,22,0.277,0
5,6,0.146,74,13.7,10416,0,26.3,13.8,9,0.277,0
0,0,0.155,67,14.4,10417,0,28.3,12.1,348,0.277,0
0,0,0.155,52,18.0,10418,0,31.4,7.4,359,0.277,0
3,0,0.155,42,25.9,10419,13,33.5,12.3,63,0.277,0
1,0,0.155,40,35.6,10420,8,34.2,17.7,63,0.277,0
0,0,0.155,37,35.6,10421,0,35.2,17.3,62,0.277,0
0,0,0.155,36,36.0,10422,7,36.0,16.6,71,0.277,0
1,0,0.155,35,35.6,10423,30,36.5,16.1,79,0.277,0
1,0,0.154,35,34.2,10424,1,36.7,16.1,80,0.277,0
2,0,0.154,35,33.5,10425,5,36.4,15.5,80,0.277,0
0,1,0.154,36,31.3,10426,31,35.7,15.4,80,0.277,0
0,1,0.154,39,29.2,10427,39,34.6,16.3,79,0.277,0
0,1,0.154,42,27.0,10428,7,33.7,16.8,96,0.277,0
0,11,0.146,39,10.4,10429,78,34.0,9.0,59,0.277,0
0,20,0.146,43,11.5,10430,96,33.0,8.1,32,0.277,0
7,32,0.146,49,14.0,10431,1,32.2,11.0,157,0.277,0
0,12,0.146,56,14.8,10432,1,31.4,6.1,148,0.277,0
4,20,0.146,61,7.6,10433,5,30.5,6.8,127,0.277,0
0,3,0.146,66,10.1,10434,0,29.8,9.3,118,0.277,0
0,1,0.146,68,10.1,10435,0,29.1,7.1,105,0.277,0
0,2,0.146,68,6.8,10436,0,28.7,5.6,111,0.277,0
2,9,0.146,70,5.4,10437,38,28.2,4.8,138,0.277,0
0,14,0.146,70,4.0,10438,13,28.1,4.1,151,0.277,0
0,2,0.146,72,9.4,10439,33,27.9,6.7,98,0.277,0
0,0,0.146,72,9.7,10440,24,27.6,8.5,95,0.277,0
4,10,0.147,58,8.3,10441,0,31.0,2.4,126,0.277,0
2,2,0.147,47,12.6,10442,2,33.4,2.1,200,0.277,0
2,17,0.147,39,19.4,10443,37,35.2,5.2,115,0.277,0
11,28,0.148,38,24.8,10444,62,35.7,9.8,125,0.277,0
17,26,0.15,39,29.2,10445,39,35.7,12.0,123,0.277,1
8,4,0.149,39,30.6,10446,68,36.2,12.4,139,0.277,0
5,18,0.149,44,30.2,10447,56,34.9,12.5,152,0.277,0
6,29,0.15,49,29.9,10448,25,34.0,12.8,163,0.277,0
17,19,0.153,56,32.0,10449,68,32.5,15.5,165,0.277,1
3,19,0.175,66,31.7,10450,75,31.5,16.1,174,0.277,1
1,10,0.174,73,30.6,10451,83,30.2,18.9,182,0.277,0
1,7,0.173,77,30.2,10452,99,29.6,16.5,186,0.277,0
0,19,0.169,77,23.0,10453,95,30.0,19.3,184,0.277,0
0,10,0.168,82,24.5,10454,97,29.5,20.1,186,0.277,0
0,7,0.168,86,26.3,10455,100,29.1,20.5,193,0.277,0
1,6,0.168,84,26.3,10456,96,28.9,17.3,207,0.277,0
10,2,0.168,85,22.3,10457,98,28.5,16.6,238,0.277,0
14,4,0.173,83,20.9,10458,100,27.9,5.9,288,0.277,1
5,15,0.173,83,8.6,10459,100,27.6,3.5,321,0.277,0
10,12,0.173,82,9.4,10460,98,27.5,2.9,356,0.277,0
8,27,0.173,85,4.7,10461,97,27.3,2.6,39,0.277,0
0,10,0.173,88,4.7,10462,100,27.4,2.7,148,0.277,0
0,6,0.173,89,2.9,10463,99,27.1,5.4,150,0.277,0
0,5,0.173,85,5.4,10464,0,27.6,8.2,172,0.277,0
7,2,0.156,71,24.8,10465,2,30.0,15.0,187,0.277,0
10,2,0.157,65,27.7,10466,7,31.0,14.5,191,0.277,1
4,3,0.158,61,29.2,10467,5,32.0,14.1,191,0.277,0
11,5,0.157,59,33.5,10468,3,32.8,15.9,190,0.277,0
12,13,0.157,56,33.1,10469,4,33.5,13.2,191,0.277,0
15,10,0.157,54,30.2,10470,19,33.9,12.3,190,0.277,0
8,12,0.157,52,32.0,10471,69,33.9,14.1,182,0.277,0
3,6,0.156,53,34.9,10472,99,33.3,16.2,168,0.277,0
6,9,0.156,54,33.8,10473,100,33.0,15.2,170,0.277,0
10,17,0.158,62,33.1,10474,100,31.4,17.3,176,0.277,1
0,7,0.158,63,32.0,10475,98,30.5,14.4,171,0.277,0
0,5,0.157,68,25.2,10476,100,30.0,16.2,176,0.277,0
0,2,0.142,72,28.4,10477,100,30.0,19.4,190,0.277,0
0,6,0.142,72,27.4,10478,99,29.8,19.1,189,0.277,0
0,3,0.142,74,25.9,10479,99,29.5,19.3,183,0.277,0
0,3,0.142,77,26.6,10480,98,29.2,20.0,189,0.277,0
0,13,0.142,79,25.6,10481,98,29.0,17.4,196,0.277,0
0,8,0.142,81,20.2,10482,87,28.7,14.1,201,0.277,0
0,6,0.142,82,15.5,10483,44,28.5,13.0,199,0.277,0
0,39,0.142,82,13.7,10484,41,28.3,13.0,194,0.277,0
0,98,0.142,82,15.5,10485,53,28.2,14.8,193,0.277,0
0,100,0.142,80,16.2,10486,59,28.4,14.0,189,0.277,0
0,2,0.142,78,15.1,10487,100,28.5,12.3,183,0.277,0
0,1,0.142,78,12.2,10488,98,28.5,12.5,173,0.277,0
1,26,0.137,72,20.9,10489,97,29.9,11.3,136,0.277,0
10,8,0.139,68,23.4,10490,78,30.6,10.9,151,0.277,1
17,8,0.14,63,27.0,10491,33,31.6,12.0,148,0.277,0
14,4,0.14,57,29.2,10492,38,33.0,12.9,160,0.277,0
6,4,0.14,53,32.4,10493,63,33.5,14.3,173,0.277,0
2,10,0.14,54,32.0,10494,66,32.9,13.2,191,0.277,0
0,4,0.141,54,29.9,10495,71,33.0,11.8,159,0.277,0
14,19,0.142,53,36.7,10496,79,32.0,18.9,182,0.277,0
1,7,0.142,59,36.7,10497,93,31.4,18.8,183,0.277,0
1,16,0.142,68,36.4,10498,100,30.4,20.9,177,0.277,0
2,11,0.142,73,34.9,10499,100,29.5,19.9,186,0.277,0
17,19,0.142,76,31.0,10500,100,29.0,20.7,193,0.277,0
0,2,0.182,79,28.1,10501,96,28.5,18.0,168,0.277,0
3,23,0.181,82,23.4,10502,100,28.4,15.1,181,0.277,0
8,20,0.181,81,18.7,10503,99,28.4,11.9,191,0.277,0
8,1,0.18,82,14.4,10504,58,28.0,10.7,196,0.277,0
3,17,0.18,84,11.9,10505,4,27.9,9.1,201,0.277,0
7,5,0.179,86,9.7,10506,52,27.6,10.2,236,0.277,0
20,8,0.179,87,10.1,10507,65,27.3,10.2,222,0.277,0
32,0,0.179,87,10.4,10508,100,27.2,11.7,212,0.277,0
41,0,0.179,88,10.4,10509,99,27.2,9.8,215,0.277,0
39,1,0.179,89,7.9,10510,99,27.1,9.0,206,0.277,0
35,0,0.179,89,6.8,10511,97,27.0,9.4,198,0.277,0
27,0,0.179,87,6.8,10512,100,27.5,7.6,199,0.277,0
14,2,0.174,78,9.7,10513,100,28.9,3.5,189,0.277,0
8,2,0.173,68,15.5,10514,97,30.5,5.8,182,0.277,0
13,3,0.171,60,21.2,10515,65,32.0,8.6,179,0.277,0
12,6,0.169,56,27.7,10516,96,33.0,12.1,180,0.277,0
5,7,0.166,52,29.2,10517,82,33.6,12.8,181,0.277,0
4,5,0.164,51,31.3,10518,92,34.1,13.9,181,0.277,0
12,23,0.162,51,32.0,10519,94,33.9,14.6,181,0.277,0
19,28,0.162,56,34.2,10520,96,32.5,15.7,183,0.277,0
11,16,0.16,56,31.3,10521,100,32.5,14.0,180,0.277,0
5,7,0.16,58,29.2,10522,95,31.8,14.8,177,0.277,0
1,6,0.159,66,27.7,10523,100,30.5,13.3,182,0.277,0
0,4,0.159,74,23.0,10524,100,29.6,13.0,184,0.277,0
0,3,0.158,76,20.5,10525,99,29.5,13.1,192,0.277,0
0,3,0.158,78,18.7,10526,100,29.3,12.0,187,0.277,0
0,0,0.157,80,21.2,10527,100,29.2,16.9,194,0.277,0
0,0,0.157,80,23.0,10528,100,29.0,19.1,199,0.277,0
0,0,0.157,81,24.1,10529,99,28.8,19.0,200,0.277,0
0,0,0.157,82,22.7,10530,98,28.5,16.4,205,0.277,0
0,0,0.157,83,18.4,10531,97,28.2,14.3,207,0.277,0
0,0,0.157,83,15.5,10532,93,28.0,14.3,204,0.277,0
1,0,0.157,83,15.1,10533,90,27.8,14.1,202,0.277,0
0,0,0.157,84,13.7,10534,98,27.6,12.1,195,0.277,0
0,0,0.157,85,10.4,10535,94,27.5,12.5,191,0.277,0
3,0,0.157,84,10.4,10536,3,27.7,11.8,187,0.277,0
9,1,0.154,72,19.8,10537,0,30.0,10.9,188,0.277,0
11,1,0.154,63,24.8,10538,0,31.4,12.1,186,0.277,0
3,2,0.154,55,27.0,10539,0,32.8,12.0,189,0.277,0
11,6,0.154,51,29.5,10540,0,33.8,12.7,187,0.277,0
18,15,0.154,50,31.0,10541,0,34.2,12.8,185,0.277,0
10,13,0.154,50,31.0,10542,0,34.6,12.7,191,0.277,0
24,31,0.154,51,31.3,10543,11,34.4,13.4,188,0.277,0
2,7,0.155,54,32.8,10544,23,33.5,15.4,191,0.277,0
0,16,0.155,53,32.8,10545,9,33.2,13.7,184,0.277,0
0,4,0.155,58,29.2,10546,8,32.5,14.9,187,0.277,0
0,5,0.155,64,28.4,10547,2,31.0,15.7,179,0.277,0
0,3,0.155,71,25.9,10548,0,30.0,14.6,179,0.277,0
0,1,0.155,76,22.7,10549,27,30.0,16.1,191,0.277,0
0,1,0.155,79,24.5,10550,65,29.7,18.4,195,0.277,0
0,1,0.155,79,24.5,10551,100,29.5,17.5,200,0.277,0
0,0,0.155,81,22.3,10552,100,29.1,15.9,203,0.277,0
0,0,0.155,82,19.4,10553,89,28.9,16.4,205,0.277,0
0,0,0.155,84,18.7,10554,6,28.6,15.4,203,0.277,0
0,0,0.155,85,16.9,10555,0,28.4,14.3,203,0.277,0
0,0,0.155,85,15.1,10556,0,28.1,13.2,202,0.277,0
0,0,0.155,85,13.0,10557,0,28.0,12.5,198,0.277,0
0,0,0.155,85,11.5,10558,0,27.9,11.4,193,0.277,0
0,0,0.155,86,9.4,10559,0,27.8,10.4,198,0.277,0
0,1,0.155,84,9.4,10560,0,28.1,10.5,197,0.277,0
0,37,0.151,77,13.3,10561,0,29.4,6.0,190,0.277,0
8,80,0.153,68,16.2,10562,2,30.9,5.2,136,0.277,1
1,17,0.154,53,24.1,10563,33,32.0,10.5,219,0.277,0
0,7,0.154,48,23.0,10564,75,33.8,7.1,195,0.277,0
2,16,0.154,48,26.6,10565,19,34.7,8.9,187,0.277,0
1,8,0.154,48,30.6,10566,82,35.5,12.3,191,0.277,0
6,28,0.154,52,31.0,10567,5,35.0,11.8,172,0.277,0
0,10,0.154,54,32.0,10568,14,34.3,14.9,179,0.277,0
0,6,0.154,56,34.2,10569,5,33.3,14.4,184,0.277,0
0,25,0.154,57,29.2,10570,29,33.0,14.8,149,0.277,0
0,2,0.154,61,32.8,10571,46,31.5,19.8,140,0.277,0
2,16,0.153,62,30.2,10572,97,31.0,9.5,105,0.277,0
0,5,0.156,72,18.0,10573,83,30.1,13.7,182,0.277,0
0,2,0.156,78,16.9,10574,85,29.8,13.6,154,0.277,0
0,0,0.156,84,20.2,10575,0,29.4,16.5,156,0.277,0
0,0,0.156,86,23.0,10576,0,29.0,17.7,156,0.277,0
0,0,0.156,86,22.7,10577,0,28.9,18.2,163,0.277,0
7,0,0.156,87,22.7,10578,0,28.6,18.4,164,0.277,0
1,0,0.156,88,22.0,10579,0,28.5,17.1,165,0.277,0
0,0,0.156,87,19.4,10580,0,28.4,14.6,164,0.277,0
0,0,0.156,87,15.8,10581,0,28.2,13.9,157,0.277,0
0,0,0.155,87,14.4,10582,0,28.1,13.4,154,0.277,0
6,0,0.155,87,15.1,10583,2,28.0,14.4,139,0.277,0
19,5,0.156,85,22.0,10584,20,28.0,17.8,129,0.277,0
10,10,0.153,72,18.7,10585,24,30.3,10.3,177,0.277,1
74,39,0.16,78,28.1,10586,32,28.0,14.9,124,0.277,1
12,4,0.161,67,27.0,10587,31,30.0,9.1,112,0.277,0
2,5,0.16,57,22.3,10588,27,32.5,7.1,142,0.277,0
6,9,0.159,53,28.1,10589,40,33.8,11.5,160,0.277,0
14,13,0.158,53,33.5,10590,30,33.8,15.1,165,0.277,0
32,52,0.172,60,35.3,10591,41,31.6,16.7,173,0.277,1
24,23,0.177,57,33.5,10592,63,32.2,17.5,166,0.277,1
23,18,0.182,67,34.2,10593,99,30.8,17.0,165,0.277,1
30,16,0.199,71,32.0,10594,100,29.1,14.6,135,0.277,1
15,1,0.199,75,23.8,10595,100,29.0,14.1,145,0.277,0
6,5,0.198,81,24.1,10596,100,27.9,15.1,183,0.277,0
5,11,0.157,74,28.4,10597,98,29.6,15.8,166,0.277,0
5,2,0.157,77,24.1,10598,100,29.2,17.3,171,0.277,0
4,1,0.157,79,24.1,10599,99,29.0,17.4,164,0.277,0
10,2,0.157,80,23.0,10600,98,28.8,16.7,161,0.277,0
10,0,0.157,82,22.0,10601,89,28.5,12.9,160,0.277,0
16,0,0.157,84,14.8,10602,72,28.1,12.6,147,0.277,0
9,0,0.158,84,14.4,10603,64,27.9,10.8,152,0.277,0
5,0,0.158,86,11.5,10604,70,27.5,9.7,132,0.277,0
3,0,0.158,88,10.1,10605,0,27.2,8.9,124,0.277,0
8,0,0.158,90,9.4,10606,3,26.8,7.6,121,0.277,0
27,17,0.16,90,11.9,10607,0,26.5,9.6,87,0.277,1
14,14,0.16,92,15.5,10608,0,26.2,10.5,71,0.277,0
8,17,0.152,86,20.5,10609,10,26.5,5.0,60,0.277,0
2,13,0.152,73,16.6,10610,38,29.4,5.5,109,0.277,0
1,16,0.154,60,20.9,10611,8,31.8,7.5,114,0.277,1
17,23,0.158,55,25.9,10612,0,33.1,8.5,107,0.277,1
19,46,0.162,52,26.6,10613,0,33.5,11.1,113,0.277,1
24,60,0.176,63,34.6,10614,0,30.8,12.6,132,0.277,1
4,8,0.174,53,26.3,10615,0,33.3,8.2,126,0.277,0
19,12,0.171,50,25.9,10616,0,34.0,10.5,114,0.277,0
18,21,0.168,51,25.9,10617,0,34.0,9.9,122,0.277,0
20,20,0.167,54,24.8,10618,82,33.0,11.0,146,0.277,0
9,15,0.166,56,24.1,10619,95,32.2,7.6,149,0.277,0
2,9,0.165,64,15.5,10620,81,31.1,11.0,157,0.277,0
30,18,0.164,69,16.9,10621,72,30.9,12.6,177,0.277,0
5,23,0.163,79,18.4,10622,90,30.0,11.9,170,0.277,0
3,19,0.163,81,16.2,10623,91,29.5,11.8,163,0.277,0
3,12,0.163,83,15.8,10624,78,29.3,10.9,151,0.277,0
9,40,0.165,78,19.8,10625,71,28.5,10.0,141,0.277,1
28,13,0.165,79,11.5,10626,69,28.8,10.3,134,0.277,0
9,13,0.165,79,12.6,10627,88,28.5,10.5,110,0.277,0
4,2,0.165,69,19.8,10628,90,28.5,16.0,89,0.277,0
6,1,0.164,61,23.4,10629,98,27.6,19.8,78,0.277,0
9,0,0.164,62,23.8,10630,88,26.8,18.1,80,0.277,0
5,0,0.164,65,20.2,10631,99,26.1,18.0,83,0.277,0
6,4,0.163,63,20.9,10632,100,25.8,16.4,82,0.277,0
9,57,0.165,55,24.8,10633,100,28.0,15.5,85,0.277,0
0,8,0.164,50,30.6,10634,44,29.0,18.0,74,0.277,0
0,0,0.163,42,39.6,10635,99,30.4,22.4,67,0.277,0
0,0,0.162,38,40.7,10636,99,32.1,22.7,70,0.277,0
1,0,0.16,36,42.5,10637,43,33.0,23.2,74,0.277,0
1,0,0.159,35,42.8,10638,2,33.8,22.5,79,0.277,0
9,5,0.158,34,41.8,10639,0,34.5,21.0,76,0.277,0
0,43,0.157,33,39.6,10640,11,34.9,19.2,71,0.277,0
0,5,0.156,34,36.7,10641,13,34.2,18.9,69,0.277,0
0,3,0.156,35,35.3,10642,12,33.5,19.1,68,0.277,0
1,0,0.156,38,33.5,10643,32,32.3,17.8,67,0.277,0
1,2,0.156,40,28.4,10644,38,31.4,16.6,85,0.277,0
2,5,0.168,49,21.2,10645,100,29.8,16.4,88,0.277,0
2,6,0.167,52,18.4,10646,94,29.1,17.2,97,0.277,0
1,1,0.167,52,22.3,10647,86,28.5,20.7,83,0.277,0
0,0,0.166,51,23.0,10648,98,27.7,20.6,72,0.277,0
0,0,0.165,51,22.0,10649,69,27.0,21.2,68,0.277,0
0,0,0.165,52,22.3,10650,87,26.5,20.7,67,0.277,0
0,0,0.164,53,21.6,10651,97,25.9,18.8,64,0.277,0
0,0,0.164,55,18.7,10652,100,25.4,15.9,55,0.277,0
0,0,0.163,59,15.1,10653,100,24.8,13.2,40,0.277,0
0,0,0.163,64,11.9,10654,100,24.1,11.2,33,0.277,0
0,0,0.163,70,9.0,10655,100,23.7,8.7,14,0.277,0
0,0,0.163,66,6.8,10656,100,24.1,5.9,45,0.277,0
0,1,0.177,60,14.8,10657,100,25.3,7.9,73,0.277,0
0,0,0.175,53,18.4,10658,100,26.9,7.9,73,0.277,0
0,1,0.173,47,20.9,10659,100,28.8,8.3,74,0.277,0
0,0,0.17,41,22.3,10660,100,30.4,8.4,70,0.277,0
0,0,0.167,36,26.3,10661,99,31.6,11.0,65,0.277,0
0,0,0.165,34,28.4,10662,100,32.5,12.3,56,0.277,0
0,0,0.162,33,28.8,10663,100,33.2,12.0,57,0.277,0
0,0,0.161,32,27.7,10664,99,33.5,11.9,68,0.277,0
0,0,0.159,31,27.4,10665,98,33.5,11.4,75,0.277,0
0,0,0.159,32,25.2,10666,15,33.3,11.5,81,0.277,0
1,0,0.158,35,23.4,10667,97,32.4,13.8,82,0.277,0
3,0,0.158,37,26.3,10668,98,30.9,19.8,94,0.277,0
3,0,0.177,53,11.2,10669,13,28.4,11.5,79,0.277,0
0,0,0.177,57,9.4,10670,1,27.5,10.6,44,0.277,0
0,0,0.176,58,9.4,10671,0,26.9,11.8,51,0.277,0
0,0,0.175,54,13.7,10672,0,26.5,16.2,69,0.277,0
0,0,0.174,51,17.6,10673,33,26.1,19.8,64,0.277,0
0,0,0.174,52,17.6,10674,100,25.5,19.6,61,0.277,0
0,0,0.173,54,16.2,10675,100,25.0,18.9,63,0.277,0
0,0,0.172,55,15.5,10676,100,24.5,18.8,64,0.277,0
0,0,0.172,56,15.1,10677,99,24.1,19.1,61,0.277,0
0,0,0.171,58,14.8,10678,100,23.7,16.9,47,0.277,0
0,0,0.171,63,13.3,10679,100,22.9,14.1,19,0.277,0
0,0,0.171,64,10.8,10680,100,23.0,11.5,4,0.277,0
0,0,0.189,61,14.0,10681,100,24.4,9.1,10,0.277,0
0,0,0.187,53,14.4,10682,99,26.7,6.0,39,0.277,0
0,0,0.184,43,18.7,10683,100,28.6,8.0,52,0.277,0
0,0,0.181,40,22.7,10684,100,29.8,10.5,63,0.277,0
0,0,0.178,38,27.4,10685,97,30.9,13.5,61,0.277,0
0,0,0.174,35,29.5,10686,98,32.2,14.1,58,0.277,0
0,0,0.17,34,29.5,10687,65,33.0,12.9,62,0.277,0
0,0,0.167,34,28.1,10688,81,33.5,11.8,66,0.277,0
0,0,0.165,34,26.3,10689,100,33.4,12.0,69,0.277,0
0,0,0.164,35,24.8,10690,87,32.8,11.9,67,0.277,0
0,0,0.163,37,22.3,10691,1,31.9,14.0,72,0.277,0
0,0,0.162,42,19.4,10692,0,30.5,17.4,82,0.277,0
0,0,0.174,49,17.3,10693,31,29.4,16.4,91,0.277,0
0,0,0.173,55,15.8,10694,31,28.5,14.4,106,0.277,0
0,0,0.173,65,10.8,10695,7,27.8,8.6,91,0.277,0
0,0,0.172,63,8.6,10696,2,27.0,10.1,31,0.277,0
0,0,0.172,64,9.0,10697,5,26.4,12.2,47,0.277,0
0,0,0.172,63,10.1,10698,100,25.8,12.6,48,0.277,0
0,0,0.171,64,9.4,10699,100,25.5,12.5,46,0.277,0
0,0,0.171,67,8.6,10700,84,25.0,11.2,48,0.277,0
0,0,0.171,70,7.6,10701,79,24.5,10.3,57,0.277,0
0,0,0.17,73,6.8,10702,95,24.0,9.4,72,0.277,0
0,0,0.17,75,5.8,10703,100,23.5,9.4,73,0.277,0
0,0,0.17,70,6.8,10704,68,24.0,11.0,76,0.277,0
0,0,0.184,60,12.2,10705,11,25.5,8.9,66,0.277,0
0,0,0.182,50,18.0,10706,26,27.9,9.1,54,0.277,0
0,0,0.18,42,22.3,10707,15,30.2,10.5,55,0.277,0
0,0,0.176,37,24.8,10708,12,32.0,11.2,57,0.277,0
0,0,0.172,34,26.3,10709,13,33.5,11.7,53,0.277,0
0,0,0.169,32,27.4,10710,0,34.5,11.9,56,0.277,0
0,0,0.165,31,27.4,10711,2,35.2,10.2,59,0.277,0
0,0,0.163,30,25.2,10712,0,35.3,6.2,100,0.277,0
0,0,0.161,33,20.5,10713,0,34.7,7.7,168,0.277,0
0,0,0.16,39,25.6,10714,18,33.4,12.0,189,0.277,0
0,0,0.159,43,26.6,10715,100,31.8,17.3,199,0.277,0
0,0,0.159,47,24.1,10716,60,30.5,16.7,207,0.277,0
0,0,0.156,47,18.7,10717,22,30.8,13.0,206,0.277,0
0,0,0.156,55,12.6,10718,3,29.9,7.6,199,0.277,0
0,0,0.156,61,7.2,10719,0,29.1,6.1,194,0.277,0
0,0,0.156,67,7.2,10720,0,28.5,5.9,182,0.277,0
0,0,0.156,71,5.4,10721,0,28.0,4.0,190,0.277,0
0,0,0.156,72,4.7,10722,0,27.4,2.6,236,0.277,0
0,0,0.156,74,4.7,10723,0,27.0,0.7,76,0.277,0
0,0,0.156,75,2.9,10724,0,26.5,4.4,102,0.277,0
0,0,0.156,76,2.9,10725,0,26.2,2.9,83,0.277,0
0,0,0.156,79,4.7,10726,0,25.4,4.3,17,0.277,0
0,0,0.156,79,7.6,10727,15,25.0,8.5,355,0.277,0
0,0,0.156,76,7.6,10728,31,25.5,9.3,350,0.277,0
0,0,0.156,65,10.1,10729,51,27.8,5.1,18,0.277,0
0,0,0.156,49,13.7,10730,35,30.6,2.8,27,0.277,0
0,0,0.156,38,16.9,10731,52,32.8,4.2,72,0.277,0
0,0,0.155,32,18.7,10732,17,34.5,4.0,72,0.277,0
0,0,0.155,28,18.4,10733,16,35.9,2.9,90,0.277,0
0,0,0.155,26,18.7,10734,40,36.8,3.1,135,0.277,0
0,0,0.155,26,22.7,10735,43,37.2,7.2,168,0.277,0
0,2,0.155,30,34.6,10736,14,36.2,15.5,182,0.277,0
0,0,0.155,34,41.8,10737,44,34.3,21.8,190,0.277,0
0,0,0.155,36,40.7,10738,15,33.3,18.7,192,0.277,0
0,0,0.155,36,31.7,10739,0,32.6,11.5,179,0.277,0
0,0,0.154,42,17.6,10740,0,31.6,9.9,182,0.277,0
0,0,0.154,48,12.2,10741,0,31.1,12.0,224,0.277,0
0,0,0.154,52,13.0,10742,49,30.5,11.6,227,0.277,0
0,0,0.154,57,10.8,10743,44,29.9,13.1,203,0.277,0
0,0,0.154,53,10.1,10744,74,30.0,12.5,207,0.277,0
0,0,0.154,57,15.1,10745,84,29.5,16.6,190,0.277,0
0,0,0.154,74,16.6,10746,20,28.2,15.0,203,0.277,0
0,0,0.154,86,14.4,10747,85,27.5,14.3,203,0.277,0
0,0,0.154,87,13.7,10748,58,27.2,12.5,210,0.277,0
0,0,0.154,84,10.4,10749,82,27.0,10.8,224,0.277,0
0,0,0.154,79,7.6,10750,72,26.6,9.8,234,0.277,0
0,0,0.154,77,6.5,10751,35,26.1,7.1,249,0.277,0
0,0,0.154,72,7.9,10752,0,26.6,3.7,313,0.277,0
0,0,0.154,76,10.1,10753,0,28.8,2.1,75,0.277,0
0,0,0.154,63,12.6,10754,13,30.9,1.8,169,0.277,0
0,0,0.154,50,17.6,10755,0,33.0,4.4,192,0.277,0
0,21,0.154,43,21.6,10756,0,34.5,6.0,187,0.277,0
0,23,0.156,40,26.3,10757,0,35.1,9.6,174,0.277,1
5,22,0.162,40,32.0,10758,0,35.1,13.3,180,0.277,1
2,40,0.169,44,32.8,10759,0,34.5,14.4,196,0.277,1
1,18,0.168,47,32.4,10760,0,34.0,13.9,203,0.277,1
0,18,0.166,45,29.5,10761,0,34.0,13.0,191,0.277,0
0,9,0.164,48,28.1,10762,0,33.0,15.6,174,0.277,0
0,3,0.163,55,28.1,10763,0,31.5,14.6,176,0.277,0
0,4,0.163,68,22.0,10764,0,30.0,15.0,175,0.277,0
0,4,0.156,70,18.4,10765,65,30.0,13.2,175,0.277,0
0,2,0.156,69,16.2,10766,70,29.6,15.7,175,0.277,0
0,1,0.156,71,16.2,10767,52,29.2,16.4,183,0.277,0
0,1,0.156,81,16.6,10768,66,28.7,17.0,196,0.277,0
0,1,0.156,86,17.6,10769,60,28.3,16.0,206,0.277,0
0,0,0.156,86,15.8,10770,53,28.1,15.8,209,0.277,0
0,0,0.156,88,15.8,10771,0,27.9,14.8,203,0.277,0
0,0,0.156,89,14.8,10772,0,27.6,13.5,205,0.277,0
0,0,0.156,91,12.6,10773,0,27.3,11.7,216,0.277,0
0,0,0.156,92,10.4,10774,0,27.1,10.6,212,0.277,0
0,0,0.156,94,7.9,10775,0,26.9,8.6,192,0.277,0
0,0,0.156,91,9.0,10776,0,27.5,8.4,164,0.277,0
12,0,0.156,80,18.7,10777,0,29.5,9.4,162,0.277,0
12,2,0.156,68,22.0,10778,0,31.2,9.3,165,0.277,0
8,5,0.156,60,25.2,10779,0,32.7,10.2,170,0.277,0
3,5,0.156,54,27.4,10780,0,33.8,10.6,171,0.277,0
1,3,0.156,50,30.2,10781,0,34.7,11.9,175,0.277,0
2,15,0.155,46,33.5,10782,0,35.3,14.7,174,0.277,0
1,15,0.155,46,36.0,10783,0,34.8,16.5,169,0.277,0
0,5,0.155,44,35.3,10784,0,34.9,15.0,174,0.277,0
0,2,0.155,44,32.8,10785,0,34.3,15.8,179,0.277,0
0,0,0.155,50,33.1,10786,0,32.7,18.0,178,0.277,0
0,0,0.155,66,32.8,10787,0,30.8,18.1,170,0.277,0
0,0,0.155,75,29.2,10788,0,29.8,17.7,163,0.277,0
0,0,0.142,82,23.4,10789,0,29.5,18.0,169,0.277,0
0,0,0.142,81,23.8,10790,0,29.2,19.6,167,0.277,0
0,0,0.142,84,23.0,10791,0,28.9,20.1,165,0.277,0
0,0,0.142,88,23.0,10792,0,28.6,21.3,175,0.277,0
3,0,0.142,89,27.0,10793,0,28.5,22.9,176,0.277,0
18,0,0.142,90,29.2,10794,0,28.2,23.2,180,0.277,0
0,0,0.142,87,27.7,10795,0,28.2,20.9,180,0.277,0
0,0,0.142,87,24.1,10796,0,28.0,21.2,180,0.277,0
14,0,0.142,86,24.1,10797,52,28.0,20.7,182,0.277,0
43,0,0.142,84,23.8,10798,71,28.1,19.3,189,0.277,0
20,0,0.142,84,22.3,10799,79,28.1,17.8,187,0.277,0
10,1,0.142,82,20.2,10800,65,28.4,17.1,183,0.277,0
8,3,0.14,74,25.6,10801,81,30.0,15.0,187,0.277,0
12,14,0.14,66,28.4,10802,89,31.5,14.7,191,0.277,0
13,5,0.141,61,29.9,10803,90,32.5,14.1,195,0.277,0
14,3,0.14,56,30.6,10804,6,33.5,13.5,192,0.277,0
16,12,0.141,51,31.7,10805,1,34.4,13.5,182,0.277,0
10,11,0.141,50,32.8,10806,31,34.8,14.2,181,0.277,0
11,30,0.145,51,35.6,10807,6,34.5,15.9,174,0.277,1
6,13,0.148,54,35.6,10808,38,33.3,16.4,163,0.277,1
3,3,0.148,54,33.1,10809,57,33.2,14.3,168,0.277,0
1,7,0.148,57,32.4,10810,83,32.4,17.5,168,0.277,0
0,5,0.148,67,32.4,10811,91,30.8,19.2,168,0.277,0
0,4,0.148,77,31.0,10812,50,29.8,20.1,170,0.277,0
0,2,0.152,82,26.6,10813,78,29.5,19.6,179,0.277,0
0,2,0.152,85,28.4,10814,52,29.2,22.1,179,0.277,0
0,2,0.152,87,28.4,10815,50,29.0,21.6,180,0.277,0
3,0,0.152,88,27.0,10816,90,28.8,18.4,179,0.277,0
2,0,0.152,88,22.3,10817,100,28.6,18.0,187,0.277,0
8,1,0.152,88,22.3,10818,90,28.5,16.8,190,0.277,0
7,1,0.152,88,21.2,10819,99,28.5,17.7,185,0.277,0
14,5,0.152,88,21.6,10820,90,28.4,17.8,183,0.277,0
10,8,0.152,87,20.5,10821,95,28.4,16.4,183,0.277,0
11,3,0.152,87,17.6,10822,94,28.3,16.2,180,0.277,0
16,14,0.152,85,16.9,10823,90,28.2,14.8,177,0.277,0
19,10,0.153,80,14.0,10824,75,28.8,12.4,178,0.277,0
1,26,0.159,81,20.2,10825,22,28.7,7.6,177,0.277,1
16,7,0.159,71,17.6,10826,24,30.8,6.9,200,0.277,0
14,5,0.159,62,22.3,10827,0,32.5,8.5,186,0.277,0
15,23,0.159,55,27.0,10828,0,33.8,11.0,186,0.277,0
11,16,0.159,49,29.2,10829,4,34.4,12.3,183,0.277,0
3,20,0.158,46,32.8,10830,13,34.6,14.8,179,0.277,0
2,16,0.157,42,35.3,10831,16,34.8,16.6,181,0.277,0
0,3,0.157,41,35.6,10832,3,34.5,17.1,176,0.277,0
0,2,0.156,41,35.3,10833,81,34.0,16.5,174,0.277,0
0,3,0.156,48,33.1,10834,47,32.5,16.8,164,0.277,0
0,2,0.156,62,30.6,10835,22,31.0,15.0,151,0.277,0
0,3,0.156,70,28.1,10836,0,29.8,18.2,166,0.277,0
0,0,0.152,79,25.9,10837,0,29.4,20.2,169,0.277,0
0,0,0.152,83,28.1,10838,0,29.1,22.9,172,0.277,0
2,0,0.152,87,28.4,10839,0,29.0,22.3,179,0.277,0
11,0,0.152,88,28.8,10840,1,28.8,21.5,185,0.277,0
2,0,0.152,88,27.4,10841,1,28.6,18.1,187,0.277,0
0,0,0.152,89,21.2,10842,1,28.4,15.6,187,0.277,0
6,0,0.152,86,17.6,10843,6,28.2,13.7,184,0.277,0
21,0,0.152,84,14.0,10844,0,28.2,13.0,179,0.277,0
17,12,0.152,83,12.2,10845,0,28.2,10.8,178,0.277,0
20,11,0.155,82,7.9,10846,0,28.0,4.3,222,0.277,1
23,8,0.16,86,14.8,10847,29,27.3,14.9,311,0.277,1
10,0,0.16,81,17.6,10848,7,27.5,14.7,329,0.277,0
6,0,0.151,68,23.4,10849,79,28.7,13.6,314,0.277,0
0,0,0.151,48,29.2,10850,82,30.8,15.3,304,0.277,0
0,0,0.151,39,29.9,10851,67,32.8,14.1,301,0.277,0
0,0,0.151,29,29.5,10852,73,35.0,11.3,301,0.277,0
0,0,0.151,26,27.0,10853,86,36.5,6.9,284,0.277,0
0,1,0.151,25,22.3,10854,97,37.5,6.6,237,0.277,0
0,0,0.151,26,28.8,10855,95,37.7,12.1,207,0.277,0
0,0,0.151,29,35.6,10856,94,37.0,17.2,195,0.277,0
0,0,0.151,30,37.4,10857,94,36.0,19.2,187,0.277,0
0,0,0.151,34,37.1,10858,83,34.3,19.3,176,0.277,0
0,0,0.151,42,34.2,10859,93,32.5,16.4,167,0.277,0
0,0,0.151,53,26.3,10860,85,31.1,15.3,155,0.277,0
0,0,0.146,58,18.0,10861,0,30.6,13.6,160,0.277,0
0,0,0.146,68,20.9,10862,7,29.9,18.9,183,0.277,0
0,0,0.146,74,22.0,10863,0,29.4,21.8,183,0.277,0
0,0,0.146,71,26.6,10864,2,29.2,24.1,182,0.277,0
0,0,0.146,76,27.0,10865,3,28.8,22.1,181,0.277,0
0,0,0.146,81,24.5,10866,0,28.4,18.6,192,0.277,0
0,0,0.146,80,20.5,10867,0,28.2,16.7,192,0.277,0
0,0,0.146,80,17.6,10868,64,28.0,15.2,187,0.277,0
0,0,0.146,81,15.5,10869,78,27.9,14.9,179,0.277,0
0,0,0.146,82,14.8,10870,83,27.8,13.7,176,0.277,0
6,0,0.146,82,12.6,10871,13,27.8,13.0,176,0.277,0
18,0,0.146,80,13.7,10872,50,28.4,12.3,172,0.277,0
23,0,0.148,73,17.3,10873,58,30.0,8.6,178,0.277,0
7,1,0.148,63,20.2,10874,83,31.6,8.3,184,0.277,0
2,1,0.148,53,24.1,10875,97,33.3,7.7,181,0.277,0
3,2,0.148,47,27.7,10876,89,34.6,9.9,164,0.277,0
1,7,0.148,44,33.1,10877,93,35.3,14.5,158,0.277,0
0,6,0.148,41,38.2,10878,70,35.4,17.8,162,0.277,0
0,10,0.148,37,38.9,10879,93,35.4,18.2,168,0.277,0
0,6,0.148,39,38.2,10880,86,34.9,18.3,166,0.277,0
0,4,0.148,40,37.1,10881,92,34.2,18.5,169,0.277,0
0,4,0.148,44,35.3,10882,74,33.4,18.1,170,0.277,0
0,5,0.148,50,32.4,10883,95,32.0,16.2,171,0.277,0
0,6,0.148,62,26.3,10884,96,30.7,14.8,170,0.277,0
0,1,0.146,73,20.9,10885,97,30.5,13.5,182,0.277,0
0,4,0.146,77,19.8,10886,99,30.2,13.9,176,0.277,0
0,1,0.146,79,19.4,10887,100,29.9,13.9,176,0.277,0
0,1,0.146,82,20.2,10888,99,29.6,15.5,175,0.277,0
1,3,0.146,84,23.8,10889,96,29.3,18.4,183,0.277,0
3,1,0.146,84,25.2,10890,0,29.2,19.5,185,0.277,0
1,1,0.146,85,27.0,10891,7,29.0,19.6,190,0.277,0
13,1,0.146,86,25.6,10892,39,28.8,21.0,189,0.277,0
11,2,0.146,85,27.4,10893,43,28.8,19.3,194,0.277,0
1,8,0.146,83,24.1,10894,57,28.8,17.1,184,0.277,0
1,1,0.146,79,23.0,10895,86,28.8,19.8,194,0.277,0
12,15,0.146,77,23.0,10896,100,29.4,15.9,177,0.277,0
13,7,0.133,70,31.3,10897,100,29.8,19.4,143,0.277,0
9,1,0.133,78,33.1,10898,100,28.5,15.7,142,0.277,0
3,0,0.133,69,28.8,10899,100,30.0,14.4,143,0.277,0
1,2,0.134,61,29.5,10900,100,31.6,12.1,160,0.277,0
5,11,0.134,56,31.0,10901,100,33.0,13.8,154,0.277,0
8,23,0.134,51,36.7,10902,100,33.8,17.7,163,0.277,0
26,27,0.142,56,37.4,10903,96,32.3,16.0,157,0.277,1
6,4,0.143,57,32.0,10904,78,32.5,14.8,158,0.277,0
15,22,0.151,59,31.7,10905,100,32.0,15.6,164,0.277,1
0,12,0.15,62,31.3,10906,100,31.1,13.8,173,0.277,0
0,3,0.15,69,26.6,10907,100,30.0,13.8,173,0.277,0
0,2,0.15,75,25.6,10908,100,29.0,14.2,173,0.277,0
5,4,0.189,88,18.4,10909,100,28.0,12.1,131,0.277,0
34,4,0.19,88,16.2,10910,100,27.7,13.2,119,0.277,1
92,16,0.266,95,19.4,10911,100,25.6,14.1,67,0.277,1
4,5,0.267,91,17.6,10912,100,26.4,9.2,107,0.277,0
22,13,0.267,93,12.2,10913,100,26.2,7.8,109,0.277,0
3,5,0.267,93,11.2,10914,100,26.1,10.1,121,0.277,0
4,13,0.267,93,11.9,10915,99,26.0,7.2,122,0.277,0
12,4,0.266,93,6.1,10916,95,26.0,5.6,111,0.277,0
99,47,0.286,95,18.4,10917,99,25.1,15.7,79,0.277,1
59,8,0.34,97,22.3,10918,100,24.4,17.1,83,0.277,1
44,25,0.343,99,23.0,10919,100,24.0,20.5,114,0.277,1
100,100,0.462,98,16.9,10920,100,23.5,6.0,85,0.277,1
22,28,0.368,94,25.9,10921,99,24.8,16.9,97,0.277,1
73,45,0.509,90,25.2,10922,99,25.2,16.0,179,0.277,1
2,30,0.486,87,25.2,10923,97,26.0,10.8,111,0.277,1
9,19,0.474,79,21.2,10924,97,28.6,5.1,148,0.277,0
2,3,0.462,70,16.6,10925,99,30.7,5.4,132,0.277,0
99,91,0.452,68,15.8,10926,100,31.2,3.4,155,0.277,1
98,64,0.495,78,36.0,10927,100,28.2,18.6,203,0.277,1
8,6,0.493,77,32.0,10928,100,28.2,6.9,76,0.277,1
0,7,0.479,78,22.7,10929,100,28.0,8.1,78,0.277,0
0,0,0.471,79,16.2,10930,100,28.0,2.6,39,0.277,0
0,0,0.464,81,8.3,10931,100,27.8,3.1,121,0.277,0
0,1,0.46,86,7.6,10932,100,27.1,6.6,147,0.277,0
0,3,0.342,86,8.6,10933,98,27.6,8.7,143,0.277,0
0,0,0.341,89,9.7,10934,99,27.2,9.7,121,0.277,0
0,0,0.341,90,8.3,10935,100,27.0,9.6,127,0.277,0
0,0,0.341,90,9.7,10936,100,27.0,12.0,137,0.277,0
0,0,0.34,92,9.4,10937,100,26.8,9.3,139,0.277,0
0,0,0.34,93,7.9,10938,100,26.5,9.8,125,0.277,0
3,2,0.34,94,8.6,10939,100,26.4,9.8,126,0.277,0
3,3,0.34,95,8.3,10940,100,26.2,8.4,110,0.277,0
3,2,0.339,95,9.4,10941,100,26.0,7.8,82,0.277,0
3,2,0.339,95,9.4,10942,100,25.7,7.2,71,0.277,0
2,0,0.339,95,7.9,10943,100,25.5,5.2,49,0.277,0
1,0,0.339,93,8.3,10944,99,25.9,5.0,26,0.277,0
14,0,0.335,91,15.1,10945,100,27.6,5.1,10,0.277,0
5,1,0.333,84,16.6,10946,87,28.9,4.0,36,0.277,0
5,1,0.33,76,19.1,10947,77,30.3,5.0,49,0.277,0
4,6,0.324,68,22.3,10948,100,31.5,8.2,52,0.277,0
98,17,0.317,64,23.4,10949,92,32.0,7.6,76,0.277,0
97,15,0.323,63,25.6,10950,53,31.5,10.0,144,0.277,1
2,19,0.32,71,26.3,10951,94,30.5,8.9,166,0.277,1
7,31,0.315,71,25.6,10952,100,30.5,7.7,149,0.277,0
8,36,0.31,67,18.0,10953,100,31.1,3.9,66,0.277,0
0,28,0.307,66,13.0,10954,100,31.0,2.8,27,0.277,0
1,12,0.305,68,9.0,10955,100,30.6,0.9,323,0.277,0
0,15,0.304,81,6.8,10956,100,29.2,6.3,285,0.277,0
3,10,0.274,86,9.7,10957,100,27.8,4.1,61,0.277,0
0,3,0.273,89,8.6,10958,100,27.5,4.5,323,0.277,0
0,6,0.273,90,9.0,10959,100,27.2,5.3,294,0.277,0
0,6,0.273,90,7.2,10960,100,26.9,5.9,247,0.277,0
0,14,0.272,89,7.2,10961,93,26.6,7.8,262,0.277,0
0,12,0.272,90,9.4,10962,49,26.2,9.9,302,0.277,0
0,7,0.272,91,11.2,10963,98,26.0,11.9,322,0.277,0
0,0,0.272,92,11.2,10964,22,25.7,11.3,324,0.277,0
1,0,0.272,93,9.0,10965,90,25.5,8.2,328,0.277,0
0,0,0.271,92,6.1,10966,100,25.5,7.7,344,0.277,0
4,3,0.271,93,5.4,10967,100,25.3,6.2,21,0.277,0
0,1,0.271,91,7.6,10968,100,26.0,8.3,76,0.277,0
5,3,0.266,88,13.0,10969,100,27.7,7.5,153,0.277,0
10,26,0.27,83,24.5,10970,100,27.8,6.7,175,0.277,1
6,6,0.267,76,14.4,10971,100,29.6,3.7,125,0.277,0
5,7,0.263,59,19.8,10972,100,31.4,10.0,108,0.277,0
2,7,0.258,50,24.8,10973,100,32.5,12.9,106,0.277,0
11,6,0.252,50,27.7,10974,100,32.6,13.4,114,0.277,0
8,14,0.247,56,27.0,10975,100,31.8,10.8,143,0.277,0
20,21,0.243,69,25.6,10976,100,30.2,14.0,181,0.277,0
4,7,0.24,70,25.9,10977,100,29.7,13.7,199,0.277,0
1,19,0.237,71,23.0,10978,100,29.5,13.9,190,0.277,0
0,9,0.236,76,22.0,10979,100,28.9,13.3,188,0.277,0
0,4,0.235,82,15.8,10980,100,28.2,10.7,196,0.277,0
0,16,0.227,82,12.6,10981,100,28.8,13.5,210,0.277,0
2,13,0.227,85,10.4,10982,100,28.2,8.1,249,0.277,0
0,14,0.227,87,7.2,10983,100,27.9,7.8,275,0.277,0
0,13,0.226,88,6.8,10984,100,27.7,6.5,242,0.277,0
4,32,0.226,86,10.8,10985,100,28.0,13.6,157,0.277,0
0,11,0.227,87,31.7,10986,100,26.6,16.6,151,0.277,0
0,4,0.226,89,20.5,10987,100,26.6,15.8,166,0.277,0
0,0,0.226,90,14.0,10988,100,27.0,14.0,152,0.277,0
9,0,0.226,90,13.0,10989,100,27.0,14.5,139,0.277,0
30,9,0.226,90,15.5,10990,100,26.9,15.1,135,0.277,0
21,19,0.225,91,15.8,10991,100,26.6,13.5,128,0.277,0
11,31,0.225,91,14.4,10992,100,26.8,12.0,141,0.277,0
5,3,0.282,86,12.2,10993,100,27.5,7.5,159,0.277,0
18,12,0.282,81,18.4,10994,100,28.4,10.0,144,0.277,0
8,1,0.279,74,21.6,10995,100,29.4,8.2,123,0.277,0
9,3,0.275,68,21.2,10996,100,30.5,7.5,111,0.277,0
8,5,0.27,63,22.0,10997,98,31.3,7.8,105,0.277,0
9,8,0.264,59,22.7,10998,72,32.5,7.0,102,0.277,0
5,11,0.257,56,22.0,10999,63,33.1,6.2,107,0.277,0
5,8,0.251,55,20.9,11000,69,33.5,4.8,115,0.277,0
23,5,0.245,56,19.1,11001,74,33.1,6.7,172,0.277,0
9,65,0.244,68,23.4,11002,75,31.0,13.2,202,0.277,1
12,25,0.242,77,25.6,11003,96,29.5,17.8,183,0.277,0
1,13,0.241,81,25.2,11004,96,28.9,19.0,197,0.277,0
9,31,0.237,83,23.0,11005,94,28.8,15.1,198,0.277,0
1,3,0.236,84,14.0,11006,91,28.8,8.7,227,0.277,0
0,9,0.236,85,12.6,11007,84,28.4,13.6,216,0.277,0
1,8,0.236,85,12.6,11008,80,28.0,14.6,235,0.277,0
2,1,0.235,87,12.6,11009,58,27.5,11.1,223,0.277,0
0,1,0.235,88,7.9,11010,68,27.0,10.6,230,0.277,0
0,2,0.235,87,7.6,11011,48,26.9,11.1,217,0.277,0
0,1,0.235,88,9.4,11012,22,26.7,12.7,225,0.277,0
0,0,0.235,90,9.0,11013,9,26.4,10.5,235,0.277,0
0,1,0.234,90,6.1,11014,33,26.3,9.9,238,0.277,0
0,2,0.234,90,6.1,11015,82,26.0,8.6,250,0.277,0
4,4,0.234,87,7.2,11016,58,26.7,6.3,267,0.277,0
4,16,0.228,75,8.3,11017,99,29.5,3.1,242,0.277,0
1,13,0.225,66,15.5,11018,100,31.0,6.3,193,0.277,0
11,20,0.223,62,20.9,11019,99,31.7,9.6,184,0.277,0
15,20,0.218,60,24.5,11020,100,31.9,11.5,179,0.277,0
30,47,0.222,59,27.4,11021,89,31.7,12.8,174,0.277,1
38,42,0.239,59,28.8,11022,93,32.2,13.7,189,0.277,1
21,17,0.251,65,30.6,11023,30,31.6,15.5,177,0.277,1
13,6,0.247,64,31.0,11024,22,31.5,15.1,177,0.277,0
6,1,0.242,69,29.2,11025,69,30.8,15.9,175,0.277,0
2,1,0.239,71,32.8,11026,67,30.0,20.2,171,0.277,0
0,1,0.236,79,32.8,11027,91,29.1,20.4,175,0.277,0
0,7,0.235,80,28.8,11028,86,28.6,21.8,183,0.277,0
0,2,0.207,78,26.6,11029,11,28.9,23.0,187,0.277,0
3,3,0.207,80,27.0,11030,18,28.8,22.5,194,0.277,0
0,0,0.206,81,25.6,11031,15,28.5,21.2,198,0.277,0
2,0,0.205,84,23.8,11032,1,28.2,20.7,200,0.277,0
6,0,0.205,84,24.1,11033,2,28.0,21.3,198,0.277,0
9,0,0.204,84,23.4,11034,11,27.9,19.8,204,0.277,0
9,4,0.204,85,20.9,11035,24,27.6,18.4,205,0.277,0
7,10,0.204,85,19.1,11036,63,27.5,18.3,201,0.277,0
5,19,0.203,86,18.0,11037,88,27.5,17.3,193,0.277,0
4,20,0.203,86,16.2,11038,100,27.4,16.1,184,0.277,0
4,20,0.203,87,14.8,11039,92,27.2,14.2,180,0.277,0
4,14,0.203,85,11.5,11040,79,27.8,13.5,181,0.277,0
2,3,0.201,73,18.7,11041,99,29.6,11.0,177,0.277,0
3,3,0.199,67,23.8,11042,96,30.5,12.5,184,0.277,0
11,3,0.196,62,25.9,11043,98,31.5,12.4,190,0.277,0
13,2,0.192,60,29.2,11044,100,32.2,13.8,187,0.277,0
9,5,0.188,59,31.3,11045,100,32.5,15.2,187,0.277,0
4,6,0.184,59,33.5,11046,99,32.7,16.8,182,0.277,0
1,2,0.18,60,36.4,11047,100,32.5,18.7,178,0.277,0
1,4,0.177,61,38.2,11048,95,32.1,20.9,177,0.277,0
0,3,0.174,62,40.0,11049,67,31.6,22.5,176,0.277,0
0,1,0.172,65,38.9,11050,14,30.8,22.1,180,0.277,0
0,1,0.171,70,36.0,11051,54,29.9,19.8,180,0.277,0
0,2,0.17,74,29.2,11052,86,29.2,19.1,177,0.277,0
0,2,0.172,78,22.7,11053,92,29.0,19.7,184,0.277,0
0,0,0.172,79,22.7,11054,97,28.7,20.0,184,0.277,0
0,0,0.171,81,22.3,11055,92,28.5,19.0,187,0.277,0
0,0,0.171,83,20.2,11056,100,28.2,18.8,189,0.277,0
0,0,0.171,83,20.2,11057,100,28.1,19.9,189,0.277,0
0,0,0.171,84,20.9,11058,100,27.9,19.4,190,0.277,0
2,0,0.171,85,20.2,11059,100,27.8,17.4,193,0.277,0
3,0,0.17,86,17.3,11060,100,27.5,15.3,197,0.277,0
10,0,0.17,87,13.7,11061,100,27.4,13.9,197,0.277,0
10,0,0.17,88,11.2,11062,100,27.3,13.3,189,0.277,0
9,0,0.17,88,10.1,11063,100,27.3,13.3,181,0.277,0
15,4,0.17,84,14.0,11064,100,28.0,14.2,181,0.277,0
15,22,0.167,69,20.2,11065,100,29.8,11.7,184,0.277,0
3,6,0.166,66,25.2,11066,100,30.9,12.1,178,0.277,0
2,3,0.165,59,29.9,11067,98,32.2,13.1,182,0.277,0
1,4,0.163,55,31.3,11068,100,33.2,13.5,179,0.277,0
0,3,0.162,50,32.8,11069,83,34.0,14.4,178,0.277,0
1,5,0.16,47,33.5,11070,52,34.4,15.5,179,0.277,0
0,7,0.159,47,36.7,11071,99,34.2,18.2,179,0.277,0
0,4,0.158,47,37.4,11072,99,34.0,18.4,179,0.277,0
0,2,0.157,48,36.0,11073,94,33.3,17.7,175,0.277,0
0,2,0.157,51,33.8,11074,83,32.2,18.6,177,0.277,0
0,5,0.157,61,32.4,11075,83,30.6,17.9,176,0.277,0
0,5,0.156,73,27.7,11076,0,29.6,16.6,171,0.277,0
1,2,0.161,80,22.3,11077,79,29.5,17.2,185,0.277,0
0,3,0.161,80,22.0,11078,66,29.3,17.4,186,0.277,0
0,7,0.16,80,21.2,11079,59,29.0,18.4,184,0.277,0
0,5,0.16,80,21.6,11080,3,28.8,18.2,179,0.277,0
0,2,0.16,81,21.6,11081,8,28.6,20.0,181,0.277,0
0,2,0.16,81,21.2,11082,0,28.4,16.4,177,0.277,0
0,1,0.16,83,16.6,11083,1,28.0,15.3,179,0.277,0
0,0,0.16,85,15.5,11084,0,27.9,15.7,181,0.277,0
2,0,0.16,84,16.2,11085,9,27.9,14.2,184,0.277,0
18,3,0.16,84,13.0,11086,15,27.7,11.9,177,0.277,0
16,25,0.16,84,15.5,11087,44,27.3,15.2,173,0.277,0
1,16,0.161,76,26.3,11088,60,27.0,13.4,154,0.277,1
25,23,0.163,83,24.5,11089,86,26.8,13.4,126,0.277,0
19,14,0.163,75,33.8,11090,92,27.5,14.4,80,0.277,0
1,4,0.162,66,26.3,11091,93,30.0,9.9,90,0.277,0
2,1,0.161,59,26.3,11092,93,32.1,8.2,128,0.277,0
9,22,0.162,51,23.0,11093,86,33.7,7.7,150,0.277,1
11,18,0.161,50,28.1,11094,66,33.9,11.4,162,0.277,0
7,5,0.159,50,35.6,11095,59,33.8,17.2,169,0.277,0
1,17,0.163,56,41.8,11096,49,32.5,22.3,171,0.277,1
1,2,0.162,65,41.4,11097,38,31.1,20.2,169,0.277,0
0,0,0.161,69,36.4,11098,43,30.2,19.3,175,0.277,0
0,0,0.161,75,33.8,11099,27,29.1,19.4,173,0.277,0
0,6,0.161,79,30.6,11100,0,28.6,16.0,178,0.277,0
0,11,0.18,79,23.8,11101,63,29.4,20.6,176,0.277,0
0,2,0.18,81,24.1,11102,63,28.9,18.0,169,0.277,0
0,0,0.179,84,20.2,11103,75,28.6,15.0,170,0.277,0
0,1,0.179,85,16.6,11104,90,28.4,15.9,190,0.277,0
4,0,0.179,87,16.6,11105,100,28.0,14.1,199,0.277,0
1,5,0.179,88,15.1,11106,100,27.8,13.7,203,0.277,0
0,2,0.178,90,13.0,11107,62,27.5,10.9,211,0.277,0
1,5,0.178,93,8.3,11108,11,27.1,8.9,216,0.277,0
7,0,0.178,93,5.0,11109,36,27.0,4.6,231,0.277,0
15,3,0.178,95,4.3,11110,57,26.6,4.2,263,0.277,0
13,2,0.178,96,4.3,11111,96,26.5,3.1,277,0.277,0
47,37,0.185,90,9.4,11112,99,27.0,0.8,27,0.277,1
3,6,0.182,76,15.8,11113,100,28.5,9.5,201,0.277,1
3,16,0.182,71,17.6,11114,92,30.1,0.8,243,0.277,0
1,6,0.18,68,23.0,11115,3,30.9,3.6,139,0.277,0
7,6,0.178,63,24.8,11116,68,32.3,6.3,149,0.277,0
9,5,0.175,60,26.6,11117,30,33.1,6.2,168,0.277,0
9,34,0.173,60,29.2,11118,62,33.3,9.7,153,0.277,0
6,15,0.17,60,32.8,11119,7,32.8,14.4,168,0.277,0
26,45,0.169,61,37.4,11120,0,31.7,20.1,158,0.277,0
0,5,0.167,66,36.7,11121,0,31.0,19.5,166,0.277,0
0,12,0.166,68,35.3,11122,0,30.4,17.4,169,0.277,0
0,2,0.165,74,31.0,11123,1,29.4,16.0,171,0.277,0
0,3,0.165,78,25.6,11124,54,28.8,13.4,185,0.277,0
1,10,0.166,80,23.0,11125,0,29.2,16.1,166,0.277,0
0,13,0.165,81,20.9,11126,98,29.0,16.6,182,0.277,0
0,20,0.165,82,18.4,11127,69,28.9,15.5,183,0.277,0
0,12,0.165,81,16.6,11128,21,28.8,15.5,189,0.277,0
0,6,0.165,83,16.2,11129,55,28.4,15.4,204,0.277,0
6,1,0.165,86,15.5,11130,73,28.1,14.6,204,0.277,0
15,9,0.164,87,15.1,11131,2,28.0,15.6,204,0.277,0
17,10,0.164,87,15.1,11132,0,28.0,14.8,212,0.277,0
9,11,0.164,87,14.0,11133,63,27.8,13.5,213,0.277,0
13,5,0.164,87,12.2,11134,100,27.7,12.8,212,0.277,0
12,0,0.164,89,11.2,11135,80,27.3,11.3,217,0.277,0
6,0,0.164,85,7.6,11136,11,28.0,8.9,212,0.277,0
1,2,0.246,77,14.8,11137,47,29.6,8.0,189,0.277,0
1,1,0.243,69,18.7,11138,4,30.8,9.0,193,0.277,0
2,2,0.239,63,22.7,11139,2,31.8,10.4,188,0.277,0
6,5,0.233,60,23.4,11140,1,32.3,10.3,186,0.277,0
12,13,0.227,60,24.8,11141,0,32.8,10.8,185,0.277,0
8,10,0.221,60,28.8,11142,5,32.7,13.7,182,0.277,0
5,7,0.214,57,29.5,11143,100,33.0,13.7,178,0.277,0
0,4,0.209,58,32.0,11144,100,32.3,17.1,166,0.277,0
0,3,0.204,60,34.9,11145,94,31.6,17.5,161,0.277,0
0,2,0.201,63,30.2,11146,91,31.2,17.5,168,0.277,0
0,2,0.199,72,29.9,11147,99,30.0,19.8,163,0.277,0
0,6,0.198,77,27.4,11148,98,29.2,19.5,168,0.277,0
0,2,0.194,79,25.2,11149,98,29.2,22.2,177,0.277,0
0,4,0.194,80,25.2,11150,98,29.1,22.7,173,0.277,0
0,10,0.193,81,25.9,11151,94,29.0,20.8,185,0.277,0
2,11,0.192,82,23.8,11152,96,28.9,20.6,194,0.277,0
0,4,0.192,82,22.7,11153,100,28.8,20.5,198,0.277,0
18,15,0.223,86,21.2,11154,100,27.4,7.5,290,0.277,1
23,26,0.223,93,12.6,11155,99,26.1,9.2,6,0.277,0
3,4,0.223,94,15.5,11156,100,25.8,9.5,75,0.277,0
2,1,0.222,96,15.1,11157,100,25.3,11.9,88,0.277,0
8,4,0.222,95,15.1,11158,99,25.1,10.2,114,0.277,0
15,1,0.222,96,13.0,11159,98,25.0,10.6,87,0.277,0
6,16,0.222,93,13.0,11160,99,25.3,9.5,101,0.277,0
13,38,0.263,90,11.9,11161,100,26.2,5.2,112,0.277,0
55,31,0.261,81,19.1,11162,100,27.9,10.4,141,0.277,0
35,9,0.259,73,19.4,11163,100,29.5,7.8,157,0.277,0
10,26,0.254,69,18.4,11164,100,30.9,6.7,160,0.277,0
21,9,0.253,69,24.5,11165,100,30.9,11.4,156,0.277,1
28,14,0.276,72,26.6,11166,100,30.2,10.0,159,0.277,1
10,6,0.272,70,26.6,11167,100,30.9,13.7,167,0.277,0
28,13,0.28,70,27.7,11168,100,30.3,13.6,172,0.277,1
25,18,0.276,71,25.2,11169,100,30.2,14.4,184,0.277,0
9,2,0.274,77,28.1,11170,100,29.5,18.0,194,0.277,0
29,36,0.276,79,28.8,11171,100,28.6,15.8,212,0.277,1
5,20,0.275,83,22.0,11172,100,28.0,13.2,220,0.277,0
5,12,0.228,84,22.3,11173,100,28.5,12.9,195,0.277,0
9,2,0.228,83,19.1,11174,100,28.5,18.4,188,0.277,0
8,8,0.227,84,22.3,11175,100,28.1,17.6,188,0.277,0
29,9,0.226,85,19.1,11176,100,28.0,14.9,192,0.277,0
13,29,0.226,87,18.4,11177,100,27.1,16.2,179,0.277,0
28,9,0.226,89,18.0,11178,100,27.0,13.5,181,0.277,0
26,9,0.225,88,13.7,11179,100,27.2,15.3,202,0.277,0
13,6,0.225,87,14.0,11180,100,27.4,16.1,202,0.277,0
23,4,0.225,87,17.6,11181,100,27.1,15.8,179,0.277,0
6,3,0.225,90,15.8,11182,100,26.9,10.0,186,0.277,0
1,2,0.225,91,5.8,11183,100,26.8,7.1,260,0.277,0
0,0,0.224,91,8.3,11184,100,27.0,8.2,296,0.277,0
1,7,0.224,81,12.2,11185,54,29.0,5.0,21,0.277,0
31,16,0.234,76,20.5,11186,37,29.6,8.3,101,0.277,1
11,4,0.232,71,20.9,11187,72,31.0,5.2,110,0.277,0
12,5,0.227,67,20.9,11188,59,32.1,6.5,138,0.277,0
22,12,0.221,63,24.5,11189,11,33.0,9.1,155,0.277,0
39,30,0.293,73,30.2,11190,42,30.5,12.5,172,0.277,1
7,0,0.29,67,25.2,11191,4,31.6,10.9,172,0.277,0
0,2,0.283,62,28.1,11192,12,32.5,15.2,156,0.277,0
0,11,0.284,65,31.0,11193,10,31.5,18.4,179,0.277,1
25,31,0.281,71,34.2,11194,100,29.7,21.3,204,0.277,0
7,11,0.279,78,33.1,11195,100,28.6,13.9,205,0.277,0
0,11,0.278,81,18.7,11196,100,28.4,16.2,203,0.277,0
3,13,0.188,80,18.4,11197,100,29.0,14.5,194,0.277,0
7,10,0.187,81,17.6,11198,100,28.8,16.0,203,0.277,0
0,0,0.187,82,16.6,11199,100,28.6,14.1,207,0.277,0
0,3,0.186,83,14.4,11200,94,28.4,15.7,210,0.277,0
1,5,0.186,85,14.4,11201,75,28.0,15.5,218,0.277,0
0,1,0.186,84,17.3,11202,97,27.8,16.8,231,0.277,0
0,4,0.185,83,17.6,11203,100,27.2,17.1,249,0.277,0
0,3,0.185,85,17.3,11204,99,26.5,13.6,255,0.277,0
0,2,0.185,86,10.8,11205,100,26.1,9.6,256,0.277,0
0,0,0.185,87,8.3,11206,100,25.9,9.3,260,0.277,0
0,0,0.184,89,7.6,11207,100,25.6,7.0,260,0.277,0
0,3,0.184,86,9.0,11208,100,26.2,8.0,261,0.277,0
5,0,0.179,75,14.0,11209,100,29.5,8.2,218,0.277,0
6,1,0.178,65,24.5,11210,100,31.0,12.4,197,0.277,0
7,1,0.175,60,27.7,11211,100,32.0,13.3,188,0.277,0
6,2,0.173,57,30.2,11212,100,32.8,13.7,182,0.277,0
3,1,0.17,54,31.7,11213,100,33.5,14.4,184,0.277,0
4,4,0.167,51,33.8,11214,100,33.8,15.9,189,0.277,0
1,1,0.164,51,34.9,11215,100,33.7,17.1,177,0.277,0
1,0,0.162,48,36.4,11216,100,34.0,18.5,173,0.277,0
0,0,0.161,56,38.2,11217,100,32.6,19.6,173,0.277,0
4,1,0.16,62,35.6,11218,100,31.5,18.6,185,0.277,0
7,1,0.16,69,32.4,11219,100,30.5,13.6,195,0.277,0
2,0,0.159,72,23.0,11220,0,30.0,8.2,172,0.277,0
0,0,0.142,67,12.2,11221,100,30.1,6.0,205,0.277,0
0,0,0.142,68,9.7,11222,100,30.0,7.7,144,0.277,0
0,0,0.142,69,11.5,11223,100,30.0,12.1,136,0.277,0
0,0,0.142,69,13.0,11224,100,29.9,12.2,131,0.277,0
0,0,0.142,73,11.5,11225,100,29.5,9.8,173,0.277,0
1,0,0.142,79,10.1,11226,97,29.2,10.8,204,0.277,0
4,0,0.142,84,9.7,11227,100,28.8,9.7,222,0.277,0
6,14,0.142,86,8.6,11228,92,28.4,6.6,248,0.277,0
30,39,0.146,87,6.5,11229,70,27.9,2.5,249,0.277,1
22,16,0.156,85,5.0,11230,94,27.9,3.2,109,0.277,1
2,30,0.156,87,4.0,11231,69,27.7,5.0,116,0.277,0
2,11,0.156,86,10.4,11232,26,28.5,6.5,96,0.277,0
3,3,0.137,73,19.8,11233,0,30.5,5.5,107,0.277,0
3,6,0.138,63,21.2,11234,0,32.2,7.5,111,0.277,0
6,13,0.139,54,24.5,11235,0,33.7,9.8,118,0.277,0
8,17,0.14,50,27.4,11236,0,34.6,11.2,123,0.277,0
12,26,0.141,47,30.2,11237,1,35.3,13.1,132,0.277,0
7,16,0.142,45,33.5,11238,1,35.9,14.2,145,0.277,0
16,39,0.142,45,36.7,11239,15,35.3,18.0,145,0.277,0
2,5,0.146,48,37.8,11240,5,34.7,13.5,149,0.277,1
0,8,0.146,48,34.2,11241,5,34.5,12.4,154,0.277,0
1,5,0.146,55,31.0,11242,9,33.3,14.3,160,0.277,0
8,6,0.146,64,28.1,11243,6,31.8,10.7,163,0.277,0
7,2,0.146,67,20.5,11244,5,31.4,8.2,172,0.277,0
0,2,0.148,70,15.8,11245,21,31.5,9.8,162,0.277,0
2,2,0.148,73,15.8,11246,19,31.2,8.3,129,0.277,0
1,2,0.148,75,13.7,11247,99,31.0,6.2,134,0.277,0
0,12,0.148,77,13.7,11248,64,30.6,9.1,122,0.277,0
3,1,0.148,80,15.1,11249,10,29.9,10.4,132,0.277,0
13,2,0.148,81,17.3,11250,76,29.2,12.5,162,0.277,0
31,11,0.148,85,19.8,11251,100,28.4,13.9,110,0.277,0
21,25,0.148,83,24.1,11252,93,27.4,10.2,62,0.277,0
35,14,0.156,91,29.5,11253,100,25.2,17.4,34,0.277,1
13,11,0.156,89,25.6,11254,100,25.5,18.4,87,0.277,0
11,3,0.156,90,25.2,11255,98,25.0,16.4,82,0.277,0
30,2,0.156,86,23.8,11256,100,25.5,12.4,77,0.277,0
86,29,0.225,90,24.5,11257,100,26.0,12.2,118,0.277,1
25,6,0.226,89,18.0,11258,100,26.4,10.4,56,0.277,0
0,1,0.224,79,23.8,11259,100,28.4,8.1,86,0.277,0
0,0,0.221,73,19.1,11260,100,29.5,6.9,65,0.277,0
7,3,0.217,66,20.9,11261,100,31.5,7.6,89,0.277,0
12,17,0.212,64,20.2,11262,100,32.0,5.3,62,0.277,0
22,16,0.208,64,18.0,11263,100,31.8,6.7,90,0.277,0
8,15,0.204,61,19.8,11264,100,32.2,8.6,113,0.277,0
7,17,0.219,66,25.2,11265,98,31.0,14.3,115,0.277,1
1,15,0.217,72,28.1,11266,100,29.8,12.4,114,0.277,0
4,18,0.216,75,23.4,11267,86,28.9,12.1,95,0.277,0
0,43,0.215,79,18.4,11268,93,28.1,8.9,77,0.277,0
4,16,0.164,77,12.6,11269,100,29.0,7.9,106,0.277,0
4,23,0.164,80,22.3,11270,100,28.2,16.1,119,0.277,0
0,5,0.163,81,22.7,11271,100,27.5,14.0,132,0.277,0
1,7,0.163,83,19.4,11272,100,27.4,10.3,142,0.277,0
3,6,0.163,85,13.7,11273,100,27.3,6.3,127,0.277,0
5,0,0.163,86,9.4,11274,100,27.1,5.9,104,0.277,0
9,0,0.163,87,11.5,11275,100,26.8,6.6,57,0.277,0
2,2,0.163,88,11.9,11276,100,26.5,6.3,15,0.277,0
4,5,0.162,89,9.7,11277,100,26.1,7.3,349,0.277,0
0,2,0.162,90,9.7,11278,91,26.0,8.0,351,0.277,0
0,3,0.162,91,9.0,11279,99,25.9,7.2,359,0.277,0
1,0,0.162,87,11.9,11280,100,26.4,7.1,345,0.277,0
8,0,0.157,74,14.4,11281,99,29.3,5.6,339,0.277,0
0,4,0.157,67,18.4,11282,98,30.5,7.8,22,0.277,0
12,10,0.158,55,24.1,11283,63,32.4,9.6,43,0.277,0
19,16,0.158,51,24.8,11284,100,33.7,9.2,57,0.277,0
11,12,0.158,48,25.2,11285,100,34.5,9.4,64,0.277,0
16,5,0.157,46,27.0,11286,97,35.5,9.3,65,0.277,0
100,100,0.156,44,26.3,11287,97,36.0,9.0,61,0.277,0
66,100,0.188,55,35.3,11288,98,33.2,18.2,125,0.277,1
0,16,0.253,73,37.8,11289,98,29.7,13.6,95,0.277,1
8,99,0.258,76,24.5,11290,99,29.2,7.5,125,0.277,1
1,2,0.257,80,14.0,11291,72,28.5,7.7,147,0.277,0
1,29,0.255,80,15.5,11292,100,28.6,6.7,172,0.277,0
0,64,0.24,81,14.8,11293,100,28.2,9.1,214,0.277,1
2,62,0.26,83,13.0,11294,100,27.6,7.2,217,0.277,1
1,22,0.262,90,11.9,11295,100,27.2,11.7,201,0.277,1
5,19,0.262,92,10.4,11296,100,27.4,10.7,228,0.277,0
12,13,0.262,95,9.0,11297,100,27.2,9.7,245,0.277,0
2,0,0.262,95,11.9,11298,100,26.8,11.3,263,0.277,0
1,5,0.262,96,10.4,11299,100,26.5,8.8,275,0.277,0
0,0,0.261,97,9.7,11300,100,26.1,9.2,287,0.277,0
0,0,0.261,97,9.4,11301,100,25.9,10.1,294,0.277,0
0,5,0.261,95,9.4,11302,100,25.9,8.2,299,0.277,0
0,7,0.261,95,5.8,11303,100,26.0,3.5,285,0.277,0
0,9,0.261,93,4.7,11304,100,26.4,2.7,228,0.277,0
5,94,0.398,87,7.9,11305,100,27.6,0.2,360,0.277,0
17,14,0.397,86,8.3,11306,100,27.9,3.3,139,0.277,0
24,16,0.401,78,11.5,11307,100,29.3,3.7,219,0.277,1
15,7,0.402,76,17.6,11308,100,30.1,7.7,211,0.277,1
11,38,0.403,81,19.8,11309,100,29.1,8.7,184,0.277,1
12,4,0.401,80,19.8,11310,100,29.6,6.0,183,0.277,1
12,4,0.397,78,18.7,11311,100,30.0,8.5,167,0.277,1
13,2,0.393,79,23.0,11312,99,29.9,11.9,186,0.277,0
17,6,0.391,79,23.8,11313,97,29.2,11.6,184,0.277,1
2,5,0.388,78,23.8,11314,100,29.0,15.0,190,0.277,0
7,4,0.385,80,23.4,11315,100,28.6,16.8,199,0.277,0
31,5,0.384,82,20.2,11316,100,28.1,16.2,195,0.277,0
3,4,0.355,91,5.0,11317,100,28.0,9.1,219,0.277,0
1,29,0.354,85,9.7,11318,100,28.5,13.5,184,0.277,0
0,1,0.354,86,7.6,11319,100,28.6,12.2,182,0.277,0
7,28,0.379,85,6.5,11320,100,27.6,6.2,237,0.277,1
11,5,0.379,93,6.5,11321,100,27.3,3.0,197,0.277,0
12,6,0.378,93,6.5,11322,100,27.1,10.9,193,0.277,0
15,1,0.378,90,6.5,11323,100,27.5,12.5,200,0.277,0
10,2,0.378,89,7.6,11324,100,27.5,13.1,203,0.277,0
5,1,0.377,88,7.2,11325,77,27.5,9.3,221,0.277,0
0,1,0.377,93,4.7,11326,86,26.6,7.8,265,0.277,0
0,1,0.376,96,7.2,11327,72,26.4,8.0,301,0.277,0
0,0,0.376,93,7.9,11328,100,27.1,4.6,312,0.277,0
0,1,0.346,88,7.6,11329,100,28.6,1.3,254,0.277,0
3,1,0.343,75,12.6,11330,100,30.2,4.7,247,0.277,0
6,1,0.338,66,14.4,11331,100,31.5,4.2,239,0.277,0
5,4,0.331,61,16.2,11332,100,32.4,5.5,226,0.277,0
5,3,0.323,59,17.6,11333,100,33.2,6.0,196,0.277,0
4,2,0.315,59,22.7,11334,100,33.5,9.6,183,0.277,0
6,11,0.306,59,27.4,11335,99,32.8,13.4,185,0.277,0
4,5,0.299,59,27.4,11336,63,32.6,10.9,167,0.277,0
2,21,0.293,61,24.8,11337,8,32.2,13.9,186,0.277,0
0,11,0.289,70,27.0,11338,4,30.7,16.7,179,0.277,0
0,0,0.286,75,26.6,11339,100,29.9,16.3,185,0.277,0
5,2,0.285,80,22.0,11340,65,29.0,17.8,207,0.277,0
5,23,0.331,83,14.0,11341,100,28.0,13.2,220,0.277,1
12,2,0.331,88,10.4,11342,98,28.0,10.7,243,0.277,0
0,5,0.331,88,7.2,11343,99,27.5,10.8,272,0.277,0
0,7,0.331,86,9.7,11344,100,27.0,11.2,276,0.277,0
0,4,0.331,86,11.2,11345,100,26.8,13.0,260,0.277,0
0,3,0.33,89,11.5,11346,100,26.5,11.6,249,0.277,0
0,5,0.33,90,7.6,11347,79,26.4,10.7,254,0.277,0
0,5,0.33,91,6.5,11348,99,26.0,9.9,260,0.277,0
0,2,0.33,91,6.1,11349,90,25.9,8.6,248,0.277,0
0,0,0.33,91,4.3,11350,9,25.9,6.8,233,0.277,0
0,0,0.329,91,2.2,11351,38,25.8,5.5,238,0.277,0
0,0,0.329,89,5.0,11352,100,26.5,4.8,239,0.277,0
1,3,0.268,72,6.8,11353,85,29.8,1.1,252,0.277,0
5,9,0.265,69,14.0,11354,54,30.9,3.5,192,0.277,0
11,9,0.261,65,18.4,11355,53,31.8,6.9,197,0.277,0
12,3,0.256,62,22.3,11356,76,32.7,8.8,197,0.277,0
12,5,0.249,62,27.0,11357,79,33.0,12.1,186,0.277,0
4,3,0.242,62,27.7,11358,51,33.0,12.8,174,0.277,0
10,11,0.235,63,29.5,11359,55,32.2,13.7,179,0.277,0
7,11,0.229,63,31.7,11360,100,31.9,16.6,178,0.277,0
2,17,0.224,64,30.6,11361,99,31.9,13.9,170,0.277,0
8,14,0.221,71,26.3,11362,100,30.5,14.5,195,0.277,0
16,10,0.219,73,24.8,11363,89,29.8,13.5,221,0.277,0
0,6,0.218,78,20.2,11364,100,28.9,11.4,217,0.277,0
20,12,0.258,82,11.9,11365,100,28.5,13.3,252,0.277,1
0,1,0.305,91,20.2,11366,100,26.3,5.7,257,0.277,1
0,3,0.305,92,5.8,11367,100,26.6,7.7,234,0.277,0
0,1,0.305,90,6.5,11368,100,26.7,10.5,197,0.277,0
0,3,0.305,91,6.1,11369,100,26.8,8.5,208,0.277,0
1,4,0.305,92,4.0,11370,100,26.6,8.1,219,0.277,0
1,8,0.304,90,4.3,11371,95,26.8,8.7,207,0.277,0
2,19,0.304,91,2.9,11372,99,26.8,7.0,215,0.277,0
1,22,0.304,93,4.7,11373,84,26.8,5.0,249,0.277,0
4,27,0.304,94,6.1,11374,59,26.5,5.0,268,0.277,0
4,25,0.304,95,6.5,11375,68,26.2,1.9,287,0.277,0
20,13,0.324,92,9.7,11376,88,26.6,5.5,73,0.277,1
0,0,0.216,84,12.2,11377,100,27.5,5.7,134,0.277,0
0,5,0.215,76,12.6,11378,100,29.6,1.9,131,0.277,0
5,0,0.212,69,13.7,11379,100,31.1,2.1,105,0.277,0
7,1,0.208,63,16.6,11380,100,32.7,3.7,125,0.277,0
2,4,0.203,60,23.4,11381,97,33.6,9.2,169,0.277,0
33,5,0.236,60,31.0,11382,76,33.1,13.9,169,0.277,1
1,1,0.23,65,32.0,11383,96,31.8,11.9,185,0.277,0
11,16,0.225,61,30.6,11384,58,32.1,16.2,170,0.277,0
6,6,0.221,67,31.0,11385,97,31.4,16.2,184,0.277,0
1,6,0.218,68,28.4,11386,96,31.0,15.5,184,0.277,0
4,1,0.215,72,25.9,11387,81,30.2,14.0,188,0.277,0
5,1,0.214,79,20.2,11388,22,29.5,15.9,198,0.277,0
27,9,0.199,77,20.5,11389,100,30.2,18.2,198,0.277,0
1,3,0.198,80,24.1,11390,83,29.5,17.2,198,0.277,0
0,2,0.198,83,19.1,11391,100,29.1,13.7,178,0.277,0
1,2,0.197,84,14.0,11392,100,29.1,15.2,190,0.277,0
6,2,0.197,83,15.1,11393,98,29.0,16.0,187,0.277,0
3,2,0.197,82,15.1,11394,95,29.0,15.7,191,0.277,0
8,1,0.196,83,14.0,11395,97,28.8,15.5,193,0.277,0
12,1,0.196,85,14.8,11396,71,28.5,15.0,198,0.277,0
17,3,0.196,88,12.2,11397,8,28.0,11.8,208,0.277,0
16,6,0.196,89,7.2,11398,82,27.8,7.3,208,0.277,0
17,5,0.196,90,2.5,11399,54,27.6,6.4,198,0.277,0
10,10,0.196,85,6.8,11400,20,28.6,8.4,170,0.277,0
4,3,0.189,72,21.6,11401,30,30.8,12.0,167,0.277,0
8,8,0.188,65,26.3,11402,23,31.8,14.1,176,0.277,0
6,5,0.185,61,28.8,11403,13,32.7,14.6,181,0.277,0
7,13,0.182,55,31.0,11404,0,33.5,15.3,181,0.277,0
2,6,0.178,52,33.1,11405,3,34.0,16.2,177,0.277,0
2,7,0.174,49,36.4,11406,28,34.5,18.4,178,0.277,0
0,5,0.17,51,38.5,11407,0,34.0,20.2,177,0.277,0
0,7,0.168,52,38.5,11408,1,33.7,20.8,175,0.277,0
0,9,0.166,56,38.5,11409,5,33.0,21.6,178,0.277,0
0,9,0.164,64,38.2,11410,0,32.0,22.0,183,0.277,0
0,3,0.164,66,36.4,11411,0,31.0,20.8,184,0.277,0
0,2,0.163,71,31.7,11412,0,30.4,20.9,182,0.277,0
0,1,0.157,70,25.6,11413,1,31.0,17.6,187,0.277,0
0,0,0.157,71,21.2,11414,18,30.5,17.0,189,0.277,0
0,0,0.157,72,19.8,11415,81,30.3,17.7,190,0.277,0
0,0,0.157,75,20.2,11416,25,30.0,17.6,194,0.277,0
10,4,0.157,74,21.2,11417,12,29.9,19.0,197,0.277,0
7,3,0.157,74,21.6,11418,3,29.7,18.1,201,0.277,0
2,4,0.157,73,20.2,11419,0,29.6,18.6,200,0.277,0
8,16,0.157,73,23.0,11420,0,29.5,20.0,191,0.277,0
7,5,0.157,72,22.3,11421,0,29.4,17.5,195,0.277,0
10,4,0.157,73,18.7,11422,8,29.1,14.0,203,0.277,0
13,6,0.157,75,13.0,11423,81,28.6,11.6,221,0.277,0
13,9,0.157,73,13.0,11424,95,29.3,9.7,219,0.277,0
6,5,0.156,61,19.1,11425,99,31.3,9.6,196,0.277,0
6,5,0.156,57,24.1,11426,92,32.3,9.9,178,0.277,0
9,6,0.156,53,27.4,11427,16,33.8,11.2,174,0.277,0
9,6,0.155,50,29.2,11428,5,34.7,11.9,174,0.277,0
4,6,0.155,47,32.4,11429,46,35.2,13.8,173,0.277,0
6,8,0.155,48,36.4,11430,81,34.7,16.8,176,0.277,0
4,7,0.155,47,36.7,11431,100,34.7,15.8,178,0.277,0
3,9,0.155,50,38.2,11432,99,34.2,18.2,177,0.277,0
2,3,0.155,48,36.7,11433,98,33.9,17.6,179,0.277,0
1,4,0.155,52,34.9,11434,100,33.0,17.5,181,0.277,0
0,5,0.155,60,31.7,11435,98,31.5,19.3,178,0.277,0
0,3,0.155,67,31.0,11436,85,30.6,19.6,183,0.277,0
0,1,0.155,67,26.3,11437,100,31.0,18.1,190,0.277,0
0,2,0.155,67,24.8,11438,100,30.9,19.1,185,0.277,0
0,4,0.155,68,24.8,11439,100,30.6,19.1,179,0.277,0
0,1,0.155,68,22.7,11440,97,30.3,18.8,183,0.277,0
0,1,0.155,71,21.2,11441,99,30.0,19.1,191,0.277,0
0,0,0.155,73,20.9,11442,93,29.6,18.4,195,0.277,0
0,0,0.155,73,19.4,11443,85,29.5,15.9,198,0.277,0
0,0,0.155,73,15.5,11444,95,29.2,14.0,204,0.277,0
0,0,0.155,74,12.6,11445,87,28.9,12.8,209,0.277,0
0,0,0.155,76,10.1,11446,6,28.5,12.1,210,0.277,0
0,3,0.155,78,9.0,11447,0,28.2,11.1,203,0.277,0
0,0,0.155,73,10.4,11448,41,29.5,11.1,194,0.277,0
0,0,0.162,64,23.8,11449,89,31.4,13.0,179,0.277,0
0,0,0.161,58,27.7,11450,85,32.7,13.9,184,0.277,0
0,4,0.16,55,31.0,11451,88,33.5,15.0,184,0.277,0
1,9,0.159,51,34.6,11452,100,34.2,16.4,183,0.277,0
3,9,0.158,49,35.3,11453,95,34.5,16.7,179,0.277,0
0,4,0.157,46,36.0,11454,99,35.2,17.1,180,0.277,0
2,4,0.157,47,39.6,11455,96,34.8,19.8,178,0.277,0
0,6,0.157,48,39.2,11456,100,34.4,20.6,184,0.277,0
0,4,0.156,49,40.3,11457,93,33.7,22.1,179,0.277,0
0,5,0.156,54,40.0,11458,42,32.8,20.2,179,0.277,0
0,16,0.156,65,34.9,11459,25,31.2,20.8,175,0.277,0
0,8,0.156,71,32.4,11460,7,30.7,20.4,176,0.277,0
0,13,0.158,74,27.4,11461,100,30.7,19.6,183,0.277,0
1,10,0.158,73,27.7,11462,99,30.7,20.4,183,0.277,0
0,1,0.157,74,27.7,11463,42,30.4,19.8,188,0.277,0
2,0,0.157,75,25.9,11464,62,30.1,20.6,196,0.277,0
8,0,0.157,74,27.0,11465,87,30.0,21.8,201,0.277,0
4,0,0.157,73,26.6,11466,49,29.9,19.6,206,0.277,0
2,0,0.157,73,23.4,11467,99,29.6,17.0,208,0.277,0
0,0,0.157,74,18.7,11468,99,29.4,14.6,213,0.277,0
0,0,0.157,76,14.0,11469,100,28.9,10.9,236,0.277,0
0,0,0.157,78,7.9,11470,100,28.4,9.8,242,0.277,0
0,0,0.157,80,6.8,11471,28,28.0,8.9,236,0.277,0
0,0,0.157,76,10.4,11472,7,28.8,8.0,247,0.277,0
0,0,0.163,63,10.8,11473,97,31.0,3.3,264,0.277,0
1,0,0.162,53,15.8,11474,95,33.0,5.4,284,0.277,0
2,2,0.161,47,19.8,11475,80,34.8,5.8,275,0.277,0
2,6,0.159,42,20.9,11476,83,36.2,5.6,241,0.277,0
1,2,0.158,41,27.4,11477,90,36.8,10.8,195,0.277,0
21,79,0.168,50,38.2,11478,8,34.7,19.1,180,0.277,1
0,41,0.168,52,38.5,11479,35,33.8,14.4,170,0.277,1
0,38,0.166,50,31.3,11480,16,34.4,15.8,173,0.277,0
0,19,0.164,51,34.6,11481,27,33.9,18.9,167,0.277,0
0,19,0.163,55,36.0,11482,40,32.8,18.6,174,0.277,0
0,8,0.162,60,32.4,11483,25,31.9,20.5,174,0.277,0
0,2,0.161,62,31.3,11484,56,31.1,21.1,177,0.277,0
0,5,0.171,76,24.8,11485,94,30.5,19.8,184,0.277,0
0,4,0.171,75,27.0,11486,80,30.5,22.6,186,0.277,0
0,3,0.17,76,27.4,11487,86,30.1,22.7,181,0.277,0
0,3,0.17,75,26.6,11488,98,30.0,22.3,183,0.277,0
0,2,0.169,76,26.3,11489,100,29.8,22.8,186,0.277,0
1,1,0.169,76,27.7,11490,99,29.6,23.9,185,0.277,0
4,0,0.169,75,29.2,11491,100,29.5,24.0,187,0.277,0
6,0,0.168,75,28.4,11492,100,29.4,22.5,192,0.277,0
25,0,0.168,77,25.9,11493,100,29.1,21.0,194,0.277,0
15,0,0.167,78,23.8,11494,100,29.1,19.3,196,0.277,0
6,0,0.167,78,20.9,11495,100,29.0,18.0,196,0.277,0
3,0,0.167,74,18.4,11496,99,30.0,16.1,196,0.277,0
7,1,0.173,65,23.4,11497,6,31.5,13.7,184,0.277,0
9,6,0.171,60,28.8,11498,0,32.6,15.1,183,0.277,0
4,1,0.169,56,31.0,11499,18,33.7,15.5,183,0.277,0
3,1,0.167,53,34.2,11500,25,34.4,17.1,182,0.277,0
3,3,0.164,52,37.1,11501,0,34.7,18.5,181,0.277,0
1,3,0.162,52,37.8,11502,2,34.5,18.4,178,0.277,0
0,2,0.16,48,37.4,11503,3,34.5,17.1,172,0.277,0
0,2,0.159,44,36.0,11504,49,34.9,18.2,172,0.277,0
0,3,0.158,51,36.7,11505,58,34.0,19.7,171,0.277,0
1,5,0.158,58,36.7,11506,0,32.7,20.6,176,0.277,0
0,5,0.157,68,36.7,11507,1,31.1,23.5,189,0.277,0
8,10,0.158,72,37.4,11508,10,30.5,24.4,198,0.277,0
0,4,0.161,74,27.7,11509,98,30.9,19.5,205,0.277,0
0,0,0.161,76,26.3,11510,99,30.6,20.3,200,0.277,0
0,0,0.16,76,26.3,11511,99,30.5,20.2,197,0.277,0
0,0,0.16,77,25.2,11512,100,30.2,21.1,194,0.277,0
0,0,0.16,79,25.6,11513,100,30.0,18.8,193,0.277,0
0,0,0.16,76,22.0,11514,100,29.9,17.2,194,0.277,0
0,0,0.16,75,18.7,11515,100,29.8,15.6,194,0.277,0
0,0,0.16,77,16.2,11516,95,29.5,12.3,191,0.277,0
13,5,0.16,79,11.2,11517,35,29.1,10.9,209,0.277,0
4,6,0.16,80,8.6,11518,66,28.8,8.3,240,0.277,0
3,4,0.16,83,6.5,11519,72,28.2,7.6,265,0.277,0
6,5,0.16,77,9.7,11520,27,29.1,5.6,291,0.277,0
0,4,0.162,64,15.8,11521,76,31.3,6.5,328,0.277,0
0,0,0.161,53,19.1,11522,48,33.2,7.1,333,0.277,0
0,0,0.16,46,20.2,11523,44,34.9,6.5,336,0.277,0
0,4,0.158,40,19.8,11524,62,36.7,4.5,331,0.277,0
2,13,0.157,36,19.1,11525,57,38.0,1.6,243,0.277,0
20,45,0.156,40,33.1,11526,89,36.7,13.9,185,0.277,0
0,22,0.156,47,33.8,11527,66,35.0,16.4,175,0.277,0
0,9,0.156,50,34.9,11528,73,34.4,15.4,169,0.277,0
0,11,0.156,47,31.3,11529,75,35.1,11.5,166,0.277,0
0,9,0.155,54,29.2,11530,86,33.6,15.5,170,0.277,0
0,9,0.155,58,33.1,11531,98,32.2,20.5,165,0.277,0
0,9,0.155,70,33.5,11532,12,31.1,22.9,175,0.277,0
0,3,0.157,71,26.3,11533,99,31.9,20.3,163,0.277,0
0,1,0.157,73,31.0,11534,4,31.4,23.7,167,0.277,0
0,1,0.157,73,33.5,11535,4,31.0,24.4,174,0.277,0
0,0,0.157,74,32.4,11536,65,30.8,21.6,181,0.277,0
1,0,0.157,77,27.4,11537,3,30.3,19.8,187,0.277,0
4,0,0.157,80,24.8,11538,0,30.0,18.3,191,0.277,0
16,0,0.156,82,23.8,11539,0,29.6,19.3,196,0.277,0
13,0,0.156,82,24.5,11540,1,29.5,17.9,195,0.277,0
16,0,0.156,80,22.0,11541,4,29.5,17.8,194,0.277,0
3,0,0.156,77,21.2,11542,6,29.5,14.5,194,0.277,0
4,0,0.156,77,15.8,11543,40,29.4,12.4,182,0.277,0
11,1,0.156,71,20.5,11544,100,30.4,14.3,175,0.277,0
10,4,0.159,72,22.3,11545,95,30.8,11.6,172,0.277,0
12,3,0.158,65,28.8,11546,100,32.0,15.2,176,0.277,0
3,3,0.158,60,29.9,11547,96,33.0,13.7,180,0.277,0
5,5,0.158,55,33.1,11548,89,34.3,15.7,181,0.277,0
6,18,0.157,52,36.7,11549,99,34.4,18.0,181,0.277,0
2,20,0.156,55,46.8,11550,95,33.8,26.2,168,0.277,0
19,13,0.168,69,49.3,11551,100,31.0,19.8,158,0.277,1
1,10,0.166,67,38.2,11552,100,31.2,19.5,150,0.277,0
0,10,0.165,63,34.6,11553,100,31.9,15.9,158,0.277,0
0,4,0.164,68,31.7,11554,100,30.9,16.1,166,0.277,0
0,0,0.163,73,29.2,11555,100,29.9,16.0,169,0.277,0
0,0,0.163,76,25.6,11556,100,29.5,16.5,186,0.277,0
0,1,0.142,72,26.3,11557,100,31.2,19.0,168,0.277,0
11,0,0.142,71,27.0,11558,100,30.8,19.0,185,0.277,0
9,1,0.142,72,26.3,11559,100,30.6,18.6,176,0.277,0
0,0,0.142,74,25.6,11560,100,30.4,16.8,167,0.277,0
0,0,0.142,77,22.3,11561,100,30.0,15.2,166,0.277,0
3,0,0.142,78,19.1,11562,100,29.9,14.6,177,0.277,0
17,0,0.142,79,17.3,11563,100,29.8,14.3,169,0.277,0
8,17,0.142,79,17.3,11564,100,29.6,14.4,176,0.277,0
7,5,0.142,80,16.6,11565,100,29.5,13.7,169,0.277,0
9,0,0.142,80,15.8,11566,100,29.4,13.9,166,0.277,0
10,2,0.143,82,16.9,11567,100,29.0,13.9,170,0.277,0
16,3,0.144,77,21.6,11568,99,29.6,14.4,167,0.277,0
23,0,0.154,69,18.0,11569,100,30.5,8.7,173,0.277,0
28,3,0.155,65,22.0,11570,100,31.8,9.8,175,0.277,0
32,5,0.157,63,27.0,11571,100,32.4,12.4,177,0.277,1
43,64,0.233,82,36.0,11572,100,28.1,14.2,172,0.277,1
79,1,0.232,79,25.2,11573,100,28.7,13.6,169,0.277,0
15,1,0.229,73,26.3,11574,100,30.4,14.2,162,0.277,0
31,5,0.236,71,27.7,11575,100,30.4,13.4,168,0.277,1
8,5,0.233,72,24.8,11576,100,30.3,11.2,154,0.277,0
29,1,0.23,73,22.3,11577,100,30.4,10.9,163,0.277,0
6,1,0.227,76,23.0,11578,100,29.8,12.4,166,0.277,0
0,0,0.226,79,22.3,11579,100,28.8,11.4,164,0.277,0
0,0,0.225,82,16.9,11580,100,28.5,11.3,149,0.277,0
0,10,0.169,76,23.4,11581,100,29.6,13.1,179,0.277,0
10,0,0.168,80,23.0,11582,100,29.1,16.5,215,0.277,0
4,8,0.168,82,22.3,11583,100,28.2,8.9,222,0.277,0
1,0,0.168,84,13.3,11584,100,27.9,9.5,243,0.277,0
5,0,0.167,85,13.7,11585,100,27.5,9.4,271,0.277,0
13,1,0.167,85,12.6,11586,100,27.1,9.2,281,0.277,0
15,3,0.167,85,11.9,11587,97,27.0,6.9,277,0.277,0
25,4,0.167,86,7.6,11588,99,26.8,4.7,266,0.277,0
26,4,0.166,86,5.8,11589,97,26.8,6.4,248,0.277,0
34,3,0.166,86,5.4,11590,100,26.9,3.9,214,0.277,0
4,3,0.166,88,4.0,11591,100,26.9,3.8,161,0.277,0
12,3,0.166,82,8.6,11592,89,28.1,6.9,143,0.277,0
22,17,0.166,73,20.9,11593,94,29.9,10.8,177,0.277,0
16,9,0.167,69,20.9,11594,97,30.9,8.7,176,0.277,1
11,7,0.168,66,22.0,11595,98,31.5,8.5,168,0.277,0
3,2,0.166,59,23.8,11596,100,33.0,8.4,165,0.277,0
1,8,0.164,54,24.5,11597,100,34.0,9.1,173,0.277,0
1,4,0.162,52,28.4,11598,99,34.1,11.9,177,0.277,0
2,10,0.161,51,29.5,11599,85,33.8,11.6,173,0.277,0
1,9,0.159,48,36.0,11600,89,34.2,17.9,162,0.277,0
0,7,0.159,52,35.3,11601,81,33.5,17.5,170,0.277,0
0,5,0.158,58,36.4,11602,13,32.0,17.7,176,0.277,0
0,3,0.158,63,31.0,11603,6,31.1,15.4,173,0.277,0
0,2,0.157,70,25.9,11604,83,30.4,14.7,173,0.277,0
6,6,0.167,73,12.2,11605,100,28.5,4.9,266,0.277,0
2,6,0.166,76,11.2,11606,100,28.4,4.1,221,0.277,0
2,4,0.166,78,6.8,11607,100,28.4,3.6,213,0.277,0
0,4,0.166,80,7.9,11608,100,28.5,8.5,162,0.277,0
0,7,0.165,82,14.4,11609,100,28.5,13.9,139,0.277,0
14,5,0.165,85,23.4,11610,100,27.9,18.1,111,0.277,0
1,10,0.165,87,22.3,11611,96,27.4,11.0,120,0.277,0
3,2,0.165,89,15.8,11612,100,27.0,12.1,93,0.277,0
13,2,0.165,91,16.9,11613,100,26.5,11.2,92,0.277,0
14,3,0.164,92,15.1,11614,100,26.1,10.1,93,0.277,0
17,5,0.164,93,13.7,11615,6,26.0,9.9,94,0.277,0
24,8,0.164,89,17.3,11616,92,26.6,10.3,87,0.277,0
95,8,0.195,79,24.8,11617,100,27.5,14.2,106,0.277,1
28,5,0.198,78,24.8,11618,100,28.2,7.9,77,0.277,1
23,3,0.196,71,19.1,11619,100,29.8,6.2,57,0.277,0
1,2,0.193,64,18.0,11620,100,30.9,4.9,39,0.277,0
6,5,0.19,58,16.2,11621,100,31.8,2.6,34,0.277,0
3,4,0.186,52,12.6,11622,100,33.0,1.9,68,0.277,0
1,3,0.182,48,12.2,11623,100,33.5,1.7,108,0.277,0
3,7,0.179,45,15.8,11624,100,34.0,4.9,147,0.277,0
4,5,0.176,49,21.6,11625,73,33.5,9.3,158,0.277,0
1,1,0.173,54,24.8,11626,74,32.5,12.9,161,0.277,0
0,0,0.172,58,25.2,11627,19,31.0,15.2,173,0.277,0
0,0,0.171,65,23.0,11628,0,30.0,16.8,174,0.277,0
0,0,0.161,55,13.7,11629,1,31.6,9.8,197,0.277,0
0,5,0.16,60,11.5,11630,15,31.0,7.6,187,0.277,0
0,4,0.16,65,7.2,11631,0,30.7,5.4,206,0.277,0
6,7,0.16,71,4.7,11632,0,30.4,3.6,221,0.277,0
10,7,0.16,71,2.9,11633,0,30.0,2.4,153,0.277,0
0,6,0.16,72,5.0,11634,1,29.4,2.2,55,0.277,0
21,40,0.16,72,6.5,11635,9,28.8,1.6,270,0.277,0
9,19,0.159,75,6.5,11636,20,28.4,5.2,90,0.277,0
7,9,0.159,80,7.2,11637,98,28.0,4.2,102,0.277,0
0,3,0.159,83,9.7,11638,100,27.6,8.0,100,0.277,0
1,5,0.159,86,11.5,11639,98,27.1,9.9,125,0.277,0
0,7,0.159,81,11.9,11640,7,27.7,5.8,126,0.277,0
0,2,0.18,71,9.7,11641,98,29.5,2.6,348,0.277,0
0,2,0.178,60,14.0,11642,99,31.9,3.9,22,0.277,0
13,15,0.176,52,17.6,11643,100,33.5,5.6,92,0.277,0
8,12,0.172,47,21.2,11644,36,34.6,7.6,126,0.277,0
10,11,0.169,44,22.7,11645,25,35.5,7.7,143,0.277,0
10,22,0.166,42,25.2,11646,99,36.2,9.0,151,0.277,0
5,20,0.163,45,32.0,11647,33,35.8,13.2,168,0.277,0
2,15,0.162,50,37.8,11648,21,34.0,17.8,160,0.277,0
0,0,0.16,50,34.9,11649,28,34.5,14.7,168,0.277,0
0,0,0.159,54,31.0,11650,27,33.5,14.2,176,0.277,0
1,2,0.159,58,27.4,11651,29,32.4,14.5,185,0.277,0
0,5,0.159,65,24.1,11652,39,31.1,15.3,183,0.277,0
0,0,0.161,70,21.6,11653,80,31.1,16.5,190,0.277,0
0,0,0.161,71,23.8,11654,97,30.8,17.8,202,0.277,0
0,0,0.16,73,22.7,11655,70,30.5,16.3,208,0.277,0
5,77,0.166,77,18.7,11656,39,29.2,9.8,41,0.277,1
77,24,0.467,96,29.9,11657,100,24.6,6.4,74,0.277,1
0,13,0.466,96,19.1,11658,98,25.4,19.9,135,0.277,1
7,41,0.461,95,19.8,11659,100,25.5,14.9,108,0.277,0
0,45,0.456,93,16.2,11660,100,25.9,14.0,160,0.277,0
75,79,0.484,94,25.9,11661,100,24.9,16.9,40,0.277,1
5,100,0.491,96,22.7,11662,100,25.0,15.9,154,0.277,1
8,63,0.498,96,14.8,11663,100,25.5,10.9,121,0.277,1
14,17,0.486,96,12.2,11664,100,25.8,8.9,82,0.277,1
0,0,0.391,88,10.8,11665,100,27.4,3.1,273,0.277,0
1,0,0.387,81,10.8,11666,100,29.3,2.1,239,0.277,0
5,4,0.382,76,16.9,11667,100,30.8,5.4,307,0.277,0
28,13,0.375,74,20.2,11668,100,31.5,6.8,333,0.277,0
68,20,0.367,70,20.2,11669,100,32.1,5.6,360,0.277,0
3,8,0.359,65,18.7,11670,100,32.8,5.5,13,0.277,0
4,11,0.351,63,17.6,11671,99,33.2,4.9,36,0.277,0
7,15,0.343,57,16.9,11672,92,33.7,6.2,54,0.277,0
2,8,0.336,55,16.6,11673,78,33.5,4.9,73,0.277,0
4,6,0.331,55,12.2,11674,39,33.3,5.0,111,0.277,0
2,14,0.329,67,13.3,11675,2,31.7,11.2,158,0.277,0
3,17,0.327,79,19.4,11676,1,30.0,16.8,162,0.277,0
0,5,0.328,75,16.6,11677,93,30.2,14.1,208,0.277,0
0,4,0.327,81,14.0,11678,98,30.0,6.1,208,0.277,0
0,6,0.327,82,6.1,11679,89,29.6,3.0,17,0.277,0
1,8,0.326,85,10.1,11680,59,29.1,9.7,62,0.277,0
0,1,0.326,84,14.0,11681,26,28.7,16.0,59,0.277,0
3,7,0.325,85,14.8,11682,0,28.2,15.0,79,0.277,0
4,0,0.325,88,13.3,11683,10,27.9,6.3,92,0.277,0
8,10,0.324,89,9.4,11684,66,27.5,7.7,239,0.277,0
2,13,0.324,90,13.3,11685,100,27.4,12.1,228,0.277,0
14,41,0.348,90,11.9,11686,100,26.1,6.2,10,0.277,1
7,11,0.38,92,16.2,11687,100,25.5,8.6,160,0.277,1
3,6,0.38,92,13.0,11688,100,25.5,2.9,184,0.277,0
8,15,0.451,89,14.0,11689,100,26.2,5.9,40,0.277,1
16,10,0.447,83,18.7,11690,100,28.0,10.2,30,0.277,0
0,3,0.441,74,18.0,11691,100,29.7,3.3,54,0.277,0
2,2,0.432,67,11.5,11692,100,31.4,2.0,10,0.277,0
0,7,0.422,63,12.2,11693,98,32.5,1.8,24,0.277,0
0,5,0.411,60,12.6,11694,83,33.3,1.3,34,0.277,0
0,5,0.402,56,11.5,11695,7,33.8,1.8,204,0.277,0
2,10,0.392,58,16.2,11696,15,33.5,5.9,203,0.277,0
32,49,0.394,60,17.3,11697,22,32.6,7.9,180,0.277,1
0,35,0.391,68,19.1,11698,85,31.3,10.8,183,0.277,0
0,15,0.388,73,18.0,11699,99,30.5,12.1,190,0.277,0
1,10,0.386,81,15.1,11700,100,29.5,12.8,190,0.277,0
0,3,0.355,83,9.0,11701,87,29.9,12.6,207,0.277,0
0,12,0.355,84,9.0,11702,74,29.5,10.6,208,0.277,0
3,19,0.354,84,10.8,11703,91,29.0,12.9,247,0.277,0
7,3,0.353,86,16.6,11704,100,28.1,16.5,300,0.277,0
4,45,0.353,89,15.1,11705,100,27.4,9.1,333,0.277,0
5,2,0.352,90,10.1,11706,100,27.1,3.0,65,0.277,0
0,4,0.352,93,10.1,11707,100,26.9,7.0,42,0.277,0
1,6,0.352,95,10.8,11708,100,26.8,9.0,78,0.277,0
4,16,0.351,96,10.4,11709,100,26.9,8.3,92,0.277,0
19,11,0.37,91,8.3,11710,100,26.7,8.3,108,0.277,1
28,2,0.373,95,10.4,11711,100,26.2,4.7,4,0.277,1
38,7,0.373,95,15.1,11712,100,26.1,8.6,59,0.277,0
11,6,0.409,92,14.4,11713,100,26.5,8.9,132,0.277,1
27,0,0.41,86,21.2,11714,100,27.8,12.4,167,0.277,1
29,1,0.407,81,22.0,11715,100,28.6,9.5,169,0.277,0
26,1,0.403,77,18.7,11716,100,29.5,7.7,181,0.277,0
11,1,0.398,74,16.6,11717,100,30.0,6.3,198,0.277,0
2,1,0.392,72,15.8,11718,100,30.7,4.9,180,0.277,0
11,11,0.385,70,16.6,11719,99,31.4,3.0,166,0.277,0
4,12,0.379,70,14.0,11720,100,31.4,2.4,189,0.277,0
3,6,0.374,70,14.8,11721,100,31.0,6.5,188,0.277,0
1,10,0.369,73,19.1,11722,100,30.4,10.3,174,0.277,0
1,7,0.367,75,19.8,11723,100,29.5,14.9,162,0.277,0
1,5,0.365,81,18.4,11724,100,28.7,13.7,171,0.277,0
1,0,0.362,85,9.0,11725,100,27.8,6.9,143,0.277,0
1,3,0.361,87,9.7,11726,100,27.7,9.5,159,0.277,0
7,0,0.361,89,8.6,11727,100,27.7,7.0,168,0.277,0
7,0,0.361,90,3.2,11728,100,27.5,3.6,213,0.277,0
11,0,0.361,92,4.7,11729,88,27.1,6.3,235,0.277,0
26,13,0.361,92,11.5,11730,84,26.6,12.9,208,0.277,0
32,15,0.361,90,13.3,11731,5,26.8,10.0,203,0.277,0
0,24,0.362,91,11.5,11732,90,26.5,9.9,176,0.277,0
20,12,0.362,92,8.3,11733,94,26.5,8.7,173,0.277,0
0,7,0.362,91,5.8,11734,95,26.6,8.7,159,0.277,0
0,14,0.361,91,8.6,11735,96,26.7,11.2,165,0.277,0
2,1,0.361,88,8.3,11736,87,27.7,8.5,167,0.277,0
6,5,0.357,79,10.4,11737,95,29.0,4.0,162,0.277,0
6,10,0.354,72,15.5,11738,100,30.1,6.2,163,0.277,0
8,13,0.348,70,16.9,11739,98,31.0,6.0,173,0.277,0
18,25,0.342,69,17.3,11740,94,31.5,5.9,191,0.277,0
8,13,0.335,68,19.1,11741,84,31.8,6.5,203,0.277,0
2,14,0.327,66,19.4,11742,78,32.3,5.3,204,0.277,0
9,12,0.32,66,19.1,11743,75,32.5,4.0,170,0.277,0
2,4,0.313,66,20.9,11744,86,32.5,7.2,174,0.277,0
36,21,0.317,68,22.3,11745,59,31.4,10.7,193,0.277,1
19,17,0.313,70,21.2,11746,91,30.8,9.9,178,0.277,0
13,14,0.311,73,17.6,11747,100,30.0,10.0,187,0.277,0
8,13,0.31,77,14.0,11748,100,29.2,13.0,179,0.277,0
1,2,0.309,80,15.8,11749,100,28.8,13.0,170,0.277,0
0,2,0.308,81,10.4,11750,100,28.6,13.4,156,0.277,0
0,0,0.308,82,10.4,11751,100,28.5,12.6,158,0.277,0
0,4,0.307,83,7.9,11752,100,28.5,11.6,185,0.277,0
0,13,0.307,80,12.6,11753,100,28.5,16.9,205,0.277,0
0,1,0.306,82,13.3,11754,99,28.4,16.6,198,0.277,0
0,2,0.306,83,12.2,11755,89,28.3,16.0,192,0.277,0
0,0,0.306,84,12.2,11756,99,28.2,15.9,186,0.277,0
3,0,0.305,87,12.6,11757,99,27.6,13.0,194,0.277,0
5,0,0.305,87,7.6,11758,98,27.6,10.3,209,0.277,0
8,0,0.305,89,6.1,11759,100,27.4,9.3,226,0.277,0
7,1,0.305,86,9.0,11760,100,28.4,9.0,218,0.277,0
10,5,0.304,75,14.0,11761,100,29.9,7.5,201,0.277,0
7,2,0.301,71,14.4,11762,100,30.8,5.3,190,0.277,0
9,5,0.296,67,17.6,11763,100,31.7,7.2,166,0.277,0
7,5,0.29,66,20.9,11764,100,32.2,9.0,170,0.277,0
1,4,0.283,63,21.2,11765,100,32.3,9.2,164,0.277,0
5,10,0.277,59,25.6,11766,100,32.8,12.4,167,0.277,0
5,9,0.269,59,27.7,11767,100,32.8,14.1,159,0.277,0
3,8,0.264,64,28.8,11768,100,31.8,15.7,163,0.277,0
2,5,0.259,67,31.3,11769,100,31.3,18.8,175,0.277,0
1,8,0.256,72,31.7,11770,100,30.5,19.6,181,0.277,0
0,2,0.254,76,29.5,11771,100,30.0,17.0,174,0.277,0
1,5,0.253,79,22.7,11772,100,29.4,18.9,182,0.277,0
0,4,0.24,72,20.9,11773,100,30.2,21.3,178,0.277,0
1,3,0.239,74,20.5,11774,100,30.0,20.4,190,0.277,0
1,3,0.238,78,22.0,11775,100,29.2,18.3,190,0.277,0
8,16,0.238,83,18.0,11776,85,29.0,15.0,193,0.277,0
5,1,0.237,85,11.9,11777,100,28.6,13.4,197,0.277,0
4,0,0.237,85,14.4,11778,94,28.5,16.7,194,0.277,0
2,1,0.237,84,14.4,11779,98,28.4,15.5,192,0.277,0
5,8,0.236,87,13.0,11780,100,28.0,11.1,209,0.277,0
0,13,0.236,89,6.8,11781,100,27.7,9.4,238,0.277,0
0,11,0.236,92,6.5,11782,100,27.4,7.9,266,0.277,0
3,5,0.236,92,5.4,11783,100,27.1,3.8,287,0.277,0
0,0,0.236,89,8.6,11784,100,27.9,5.0,44,0.277,0
7,9,0.239,90,13.3,11785,100,27.9,9.9,125,0.277,1
0,10,0.239,84,15.8,11786,100,28.9,9.1,131,0.277,0
1,1,0.236,73,20.2,11787,100,31.0,9.3,146,0.277,0
3,8,0.235,69,24.5,11788,100,31.5,11.8,157,0.277,1
13,14,0.232,70,27.4,11789,100,31.2,13.7,175,0.277,1
18,23,0.229,73,28.4,11790,81,31.0,9.4,175,0.277,1
23,9,0.225,68,28.1,11791,97,31.8,13.8,187,0.277,0
38,18,0.236,69,33.1,11792,88,31.0,17.5,199,0.277,1
30,16,0.233,71,32.4,11793,100,30.5,18.3,195,0.277,0
17,15,0.241,76,31.0,11794,100,29.7,15.0,187,0.277,1
10,10,0.239,75,24.1,11795,100,29.6,12.9,198,0.277,0
18,0,0.238,80,17.6,11796,100,28.9,15.7,186,0.277,0
0,5,0.23,78,19.4,11797,100,30.2,14.1,182,0.277,0
2,3,0.23,81,20.9,11798,100,29.9,18.7,211,0.277,0
55,8,0.251,82,19.1,11799,100,28.8,12.8,259,0.277,1
4,6,0.251,86,11.5,11800,100,28.1,6.5,236,0.277,0
0,4,0.251,89,5.0,11801,100,27.5,5.0,257,0.277,0
2,4,0.251,90,8.3,11802,99,27.1,9.4,257,0.277,0
5,7,0.251,90,7.6,11803,100,26.8,7.0,257,0.277,0
12,14,0.251,90,4.7,11804,100,26.8,5.6,225,0.277,0
4,12,0.25,90,7.2,11805,100,26.8,7.8,116,0.277,0
0,8,0.25,92,11.2,11806,100,26.8,10.5,125,0.277,0
5,17,0.25,93,10.4,11807,100,26.9,11.9,122,0.277,0
23,11,0.25,90,13.3,11808,100,27.8,14.0,142,0.277,0
0,0,0.234,88,18.7,11809,100,27.4,10.3,123,0.277,1
0,0,0.232,83,18.4,11810,100,29.0,9.7,133,0.277,0
3,1,0.23,74,21.2,11811,100,31.0,10.0,150,0.277,0
4,4,0.226,70,25.2,11812,100,31.9,12.3,158,0.277,0
18,21,0.222,71,29.5,11813,100,31.5,15.2,164,0.277,0
18,17,0.218,71,31.0,11814,100,31.5,16.1,158,0.277,0
9,9,0.213,67,33.1,11815,100,32.0,15.8,159,0.277,0
21,15,0.225,67,35.3,11816,100,31.3,19.3,176,0.277,1
12,4,0.229,73,33.1,11817,100,30.5,16.4,176,0.277,1
3,0,0.227,75,27.4,11818,100,30.2,15.6,174,0.277,0
15,3,0.225,78,28.1,11819,100,29.5,18.0,182,0.277,0
2,3,0.224,81,25.6,11820,100,29.0,15.3,168,0.277,0
10,20,0.197,80,17.6,11821,100,29.6,16.1,191,0.277,0
3,9,0.197,79,17.3,11822,100,29.5,16.3,169,0.277,0
1,1,0.196,77,16.6,11823,100,29.4,17.5,168,0.277,0
14,4,0.196,77,19.4,11824,99,29.2,19.1,181,0.277,0
14,14,0.195,80,19.4,11825,100,29.0,18.8,189,0.277,0
11,5,0.195,82,20.5,11826,100,28.8,19.0,187,0.277,0
9,3,0.195,83,19.8,11827,100,28.5,15.7,189,0.277,0
18,2,0.194,85,14.0,11828,100,28.4,14.5,199,0.277,0
11,0,0.194,88,11.5,11829,97,28.0,11.0,205,0.277,0
8,0,0.194,91,6.5,11830,99,27.5,7.7,234,0.277,0
8,1,0.194,92,10.1,11831,100,27.2,10.1,274,0.277,0
0,5,0.194,89,11.5,11832,100,27.9,10.4,284,0.277,0
7,23,0.198,80,19.8,11833,96,28.3,3.5,39,0.277,1
2,23,0.197,73,13.0,11834,90,30.5,4.0,357,0.277,0
2,5,0.195,67,15.8,11835,100,32.0,4.7,351,0.277,0
10,7,0.191,61,17.3,11836,99,33.3,2.7,328,0.277,0
44,11,0.186,55,16.9,11837,100,34.3,3.2,196,0.277,0
6,32,0.182,56,23.0,11838,100,34.3,7.9,168,0.277,0
25,19,0.18,58,25.2,11839,100,34.0,10.1,185,0.277,1
22,23,0.177,60,26.6,11840,100,33.5,12.9,208,0.277,0
2,2,0.175,63,29.2,11841,100,32.5,11.4,176,0.277,0
13,6,0.173,65,24.5,11842,100,32.0,13.4,202,0.277,0
17,7,0.172,73,29.9,11843,100,30.5,19.0,211,0.277,0
5,10,0.171,76,29.2,11844,99,29.9,15.5,208,0.277,0
2,5,0.2,82,20.5,11845,100,29.6,14.6,176,0.277,0
0,2,0.199,83,15.1,11846,100,29.6,14.4,171,0.277,0
0,1,0.199,84,14.8,11847,100,29.5,15.2,174,0.277,0
3,4,0.198,85,14.8,11848,100,29.4,15.7,174,0.277,0
11,8,0.198,84,14.4,11849,100,29.4,15.4,186,0.277,0
0,0,0.198,84,13.7,11850,100,29.3,14.7,188,0.277,0
9,5,0.197,87,12.6,11851,100,28.8,13.0,186,0.277,0
0,4,0.197,90,10.1,11852,100,28.5,9.0,206,0.277,0
1,3,0.197,90,6.1,11853,100,28.1,7.8,279,0.277,0
0,2,0.197,92,7.9,11854,100,27.8,9.6,313,0.277,0
0,1,0.197,92,7.9,11855,98,27.5,8.9,332,0.277,0
0,1,0.196,87,9.0,11856,100,28.4,7.7,344,0.277,0
0,0,0.195,75,9.4,11857,100,30.6,2.2,279,0.277,0
7,2,0.193,66,10.4,11858,100,32.1,1.5,234,0.277,0
15,5,0.19,58,14.0,11859,100,33.4,2.8,215,0.277,0
16,10,0.188,55,16.2,11860,100,34.1,4.0,216,0.277,1
13,13,0.187,55,17.3,11861,97,34.4,4.8,200,0.277,1
25,9,0.183,54,19.1,11862,92,35.0,5.9,198,0.277,0
100,11,0.179,54,21.2,11863,54,34.8,8.2,199,0.277,0
16,5,0.176,56,21.6,11864,85,34.5,8.3,182,0.277,0
0,3,0.173,56,22.7,11865,70,34.4,10.5,183,0.277,0
2,3,0.171,57,26.3,11866,81,33.3,13.9,174,0.277,0
1,7,0.169,61,25.9,11867,100,32.0,10.6,161,0.277,0
1,1,0.168,77,25.2,11868,100,28.6,18.1,236,0.277,0
0,7,0.155,74,21.6,11869,65,31.0,13.8,198,0.277,0
0,2,0.155,76,18.7,11870,100,30.8,15.8,195,0.277,0
1,0,0.155,78,18.4,11871,100,30.8,11.4,193,0.277,0
4,4,0.155,82,12.6,11872,100,30.0,9.4,234,0.277,0
6,0,0.155,84,12.6,11873,100,29.1,7.3,254,0.277,0
1,0,0.155,85,9.7,11874,100,28.6,7.0,273,0.277,0
1,0,0.155,85,11.9,11875,100,28.0,7.7,301,0.277,0
0,0,0.155,86,10.1,11876,100,27.8,4.8,312,0.277,0
0,1,0.155,86,6.5,11877,100,27.7,3.9,336,0.277,0
0,1,0.155,87,5.0,11878,100,27.7,3.8,357,0.277,0
0,5,0.155,89,3.6,11879,100,27.7,3.3,45,0.277,0
0,3,0.155,82,7.2,11880,100,28.6,3.5,51,0.277,0
0,100,0.15,82,8.3,11881,100,28.2,1.5,36,0.277,0
2,2,0.15,66,16.6,11882,100,31.5,6.1,336,0.277,0
10,43,0.151,58,26.6,11883,100,33.1,12.9,306,0.277,0
16,63,0.152,54,28.8,11884,100,33.9,12.2,298,0.277,0
12,29,0.153,50,27.7,11885,100,34.8,10.2,302,0.277,0
10,14,0.153,47,26.6,11886,100,35.5,9.8,293,0.277,0
11,10,0.153,47,25.2,11887,100,35.7,8.0,232,0.277,0
18,9,0.176,57,27.4,11888,100,33.5,11.8,141,0.277,1
0,18,0.18,67,26.6,11889,100,31.9,2.4,144,0.277,1
4,19,0.179,67,14.8,11890,100,31.7,6.2,100,0.277,0
100,49,0.283,86,23.4,11891,100,27.1,19.0,252,0.277,1
100,47,0.346,94,24.5,11892,100,25.9,11.3,241,0.277,1
0,100,0.28,93,11.5,11893,100,25.8,2.3,184,0.277,1
0,100,0.347,94,7.6,11894,100,25.9,3.5,159,0.277,1
0,10,0.379,94,9.0,11895,100,25.9,4.2,185,0.277,1
0,0,0.385,91,6.5,11896,100,26.0,3.5,246,0.277,1
5,1,0.385,92,6.5,11897,100,25.9,3.7,191,0.277,0
0,2,0.385,93,5.8,11898,51,25.8,1.3,225,0.277,0
0,0,0.384,96,2.9,11899,70,25.5,0.8,243,0.277,0
6,0,0.384,97,8.3,11900,38,25.2,3.3,41,0.277,0
14,9,0.383,97,9.7,11901,93,25.1,6.5,85,0.277,0
36,3,0.383,97,9.7,11902,99,25.1,5.6,88,0.277,0
14,4,0.382,96,10.4,11903,9,25.1,6.1,85,0.277,0
8,12,0.381,94,16.2,11904,1,25.5,10.5,86,0.277,0
21,24,0.219,87,16.6,11905,91,27.0,8.1,107,0.277,0
25,64,0.219,82,21.6,11906,88,28.3,9.0,137,0.277,1
1,88,0.219,78,22.3,11907,98,29.5,6.7,164,0.277,1
13,1,0.217,73,24.5,11908,99,30.5,8.1,168,0.277,1
100,1,0.214,67,24.1,11909,100,31.6,8.8,147,0.277,0
91,57,0.223,68,28.1,11910,98,30.3,13.1,162,0.277,1
7,40,0.228,75,28.1,11911,64,29.5,11.6,167,0.277,1
15,9,0.225,72,27.4,11912,35,30.5,13.8,212,0.277,0
13,12,0.236,76,27.7,11913,66,29.6,12.6,223,0.277,1
12,6,0.234,77,23.8,11914,97,29.2,8.5,208,0.277,0
13,7,0.233,78,15.5,11915,97,29.0,3.8,183,0.277,0
12,4,0.233,82,10.4,11916,100,28.6,7.2,184,0.277,0
17,7,0.305,87,15.5,11917,86,27.4,15.6,186,0.277,0
0,9,0.305,88,15.1,11918,100,27.5,11.3,205,0.277,0
5,9,0.305,90,6.5,11919,99,27.5,4.8,207,0.277,0
12,1,0.305,92,5.0,11920,88,27.4,1.0,59,0.277,0
13,5,0.305,94,5.0,11921,30,27.3,3.6,143,0.277,0
5,3,0.305,95,9.7,11922,12,27.2,8.7,96,0.277,0
27,2,0.309,95,9.7,11923,77,26.8,7.9,60,0.277,1
50,21,0.332,93,7.9,11924,92,25.8,3.9,53,0.277,1
32,21,0.332,96,9.4,11925,97,25.6,7.8,38,0.277,0
27,25,0.332,97,12.6,11926,100,25.5,10.8,15,0.277,0
55,21,0.336,98,22.0,11927,100,24.4,19.0,35,0.277,1
100,36,0.339,94,22.3,11928,100,24.8,16.6,61,0.277,1
36,17,0.299,91,24.1,11929,100,25.6,13.2,95,0.277,0
23,1,0.297,83,21.6,11930,100,27.2,6.4,63,0.277,0
15,2,0.293,76,21.2,11931,100,29.0,6.4,32,0.277,0
4,6,0.288,72,19.1,11932,100,30.0,5.3,35,0.277,0
7,9,0.282,68,20.2,11933,100,31.0,3.7,61,0.277,0
100,10,0.275,63,18.0,11934,100,32.0,4.0,120,0.277,0
71,25,0.305,68,28.8,11935,100,30.5,13.9,137,0.277,1
0,10,0.326,79,31.7,11936,99,28.4,9.9,153,0.277,1
4,85,0.323,77,19.1,11937,100,29.1,9.4,162,0.277,0
6,23,0.33,79,19.8,11938,100,28.8,7.0,183,0.277,1
23,12,0.329,82,13.7,11939,100,28.1,5.5,163,0.277,0
23,56,0.345,85,10.1,11940,100,27.4,7.3,126,0.277,1
14,63,0.38,92,16.9,11941,100,25.6,12.7,97,0.277,1
12,53,0.384,93,15.8,11942,100,25.5,11.5,93,0.277,1
7,20,0.388,94,14.0,11943,100,25.5,8.1,86,0.277,1
0,13,0.392,96,11.5,11944,100,25.5,9.4,91,0.277,1
6,4,0.394,96,10.4,11945,100,25.4,9.4,89,0.277,1
10,5,0.396,95,10.8,11946,100,25.2,11.0,90,0.277,1
22,5,0.399,95,10.8,11947,100,25.1,10.0,83,0.277,1
27,20,0.401,96,10.8,11948,80,25.0,11.2,87,0.277,1
100,51,0.424,97,11.5,11949,67,24.5,8.9,96,0.277,1
85,34,0.445,98,9.7,11950,67,24.5,9.7,88,0.277,1
57,86,0.444,97,17.3,11951,97,24.5,16.6,94,0.277,0
54,33,0.446,96,17.3,11952,99,24.9,11.4,96,0.277,1
12,100,0.462,94,11.2,11953,100,25.8,10.7,119,0.277,1
12,28,0.461,92,16.9,11954,100,26.4,11.5,131,0.277,1
87,25,0.456,84,20.9,11955,100,28.0,9.4,138,0.277,0
30,30,0.449,77,21.6,11956,100,29.1,10.7,173,0.277,0
15,54,0.442,74,24.1,11957,100,29.8,9.3,189,0.277,0
11,1,0.435,73,20.5,11958,100,29.6,10.7,187,0.277,0
7,3,0.428,70,23.8,11959,100,30.0,12.6,175,0.277,0
9,12,0.42,72,26.3,11960,100,29.9,14.2,179,0.277,0
0,27,0.415,76,25.9,11961,100,29.4,12.6,177,0.277,0
11,31,0.41,78,23.4,11962,100,29.2,13.3,183,0.277,0
5,11,0.41,79,22.3,11963,100,28.6,8.6,170,0.277,1
18,31,0.408,84,11.2,11964,100,28.2,11.2,182,0.277,0
6,13,0.407,81,13.3,11965,100,28.5,15.8,150,0.277,0
15,13,0.406,84,18.7,11966,100,28.0,17.7,141,0.277,0
22,100,0.405,87,16.9,11967,100,27.6,12.9,140,0.277,0
27,34,0.404,89,11.2,11968,100,27.4,11.5,134,0.277,0
19,13,0.404,91,11.2,11969,100,27.0,12.0,120,0.277,0
19,11,0.404,92,10.4,11970,100,26.9,11.2,125,0.277,0
100,25,0.447,96,13.3,11971,99,25.5,13.6,165,0.277,1
99,50,0.476,97,12.6,11972,100,24.9,9.9,177,0.277,1
12,63,0.496,97,9.0,11973,100,25.1,10.6,133,0.277,1
83,0,0.489,98,13.0,11974,100,25.2,11.5,101,0.277,1
60,5,0.483,98,13.7,11975,100,25.1,13.9,100,0.277,1
93,33,0.478,94,16.2,11976,100,25.8,11.5,125,0.277,1
7,14,0.427,88,19.8,11977,100,27.4,12.9,132,0.277,1
13,3,0.426,83,23.8,11978,97,28.5,11.4,151,0.277,1
29,9,0.421,78,27.4,11979,87,29.5,13.4,160,0.277,0
60,42,0.422,74,35.3,11980,93,29.4,20.2,177,0.277,1
16,22,0.457,85,36.7,11981,100,27.7,13.4,176,0.277,1
35,6,0.451,78,23.4,11982,100,29.0,14.2,178,0.277,0
25,38,0.444,75,34.2,11983,100,29.5,21.1,187,0.277,0
15,7,0.437,77,35.6,11984,100,29.6,18.9,180,0.277,0
19,27,0.432,76,33.5,11985,100,29.5,19.1,176,0.277,0
52,18,0.432,81,32.0,11986,100,28.5,19.4,186,0.277,1
58,56,0.435,85,33.8,11987,100,27.0,28.2,188,0.277,1
0,31,0.435,91,35.6,11988,100,26.4,14.7,169,0.277,1
18,41,0.457,86,14.0,11989,100,27.5,14.3,165,0.277,0
22,22,0.454,82,19.8,11990,100,27.7,19.6,167,0.277,0
25,11,0.451,85,19.4,11991,100,27.5,18.5,169,0.277,0
31,98,0.461,93,22.7,11992,100,26.0,18.8,140,0.277,1
2,2,0.466,96,19.8,11993,100,25.7,12.3,134,0.277,1
22,16,0.469,96,13.0,11994,100,25.8,13.8,123,0.277,1
42,34,0.467,96,15.5,11995,100,25.9,17.3,121,0.277,1
100,44,0.494,98,18.7,11996,100,25.1,14.5,143,0.277,1
44,16,0.488,95,15.5,11997,100,25.6,5.1,141,0.277,1
40,43,0.487,97,3.6,11998,100,25.5,4.5,182,0.277,1
95,3,0.487,98,8.3,11999,100,25.4,6.7,96,0.277,1
40,7,0.488,97,11.2,12000,100,25.5,6.5,124,0.277,1
8,15,0.5,95,16.2,12001,100,25.9,11.9,150,0.277,1
3,48,0.497,89,15.5,12002,100,27.1,7.0,130,0.277,1
11,7,0.491,85,23.8,12003,100,28.5,8.6,157,0.277,1
10,12,0.48,79,27.0,12004,100,29.5,10.2,163,0.277,1
10,1,0.47,75,24.5,12005,100,30.0,12.0,166,0.277,0
9,0,0.46,74,27.7,12006,99,30.4,14.1,163,0.277,0
6,1,0.45,75,28.1,12007,99,30.3,14.0,171,0.277,0
5,3,0.442,74,27.0,12008,96,30.2,13.5,178,0.277,0
4,0,0.435,74,26.6,12009,98,30.1,14.4,198,0.277,0
2,0,0.431,77,25.2,12010,100,29.5,11.1,196,0.277,0
1,1,0.428,79,18.0,12011,100,29.1,7.8,187,0.277,0
19,13,0.427,84,11.2,12012,100,28.5,8.7,148,0.277,0
5,35,0.428,96,24.1,12013,100,26.6,9.7,124,0.277,0
4,12,0.429,95,15.8,12014,100,26.3,13.3,77,0.277,1
0,0,0.431,93,15.8,12015,100,26.1,15.4,85,0.277,1
0,1,0.43,94,15.8,12016,100,25.8,10.3,63,0.277,0
0,0,0.429,95,9.7,12017,100,25.7,10.9,73,0.277,0
1,0,0.428,96,12.6,12018,100,25.6,13.7,80,0.277,0
5,0,0.428,97,14.4,12019,99,25.5,13.8,75,0.277,0
3,0,0.427,97,13.7,12020,93,25.4,11.2,78,0.277,0
11,1,0.426,98,9.7,12021,100,25.2,8.4,70,0.277,0
18,1,0.426,97,6.5,12022,100,25.2,6.6,74,0.277,0
18,1,0.425,98,7.2,12023,100,25.1,7.9,73,0.277,0
9,4,0.424,94,10.4,12024,100,25.8,5.5,73,0.277,0
7,17,0.407,89,10.8,12025,100,27.9,3.5,62,0.277,0
5,6,0.405,83,14.0,12026,100,29.1,1.8,84,0.277,0
9,3,0.402,77,17.3,12027,100,30.4,3.1,103,0.277,0
9,3,0.397,73,18.4,12028,70,31.2,2.8,101,0.277,0
48,4,0.391,69,17.3,12029,90,31.9,4.4,111,0.277,1
60,20,0.413,68,24.1,12030,97,31.0,10.8,185,0.277,1
1,24,0.435,79,27.7,12031,100,29.4,7.6,168,0.277,1
14,0,0.431,81,20.5,12032,100,29.0,10.4,198,0.277,0
23,2,0.429,82,18.4,12033,99,28.8,9.5,194,0.277,0
31,9,0.426,82,19.8,12034,100,29.0,10.2,190,0.277,0
29,13,0.423,83,17.3,12035,100,28.8,9.3,209,0.277,0
25,16,0.422,88,14.4,12036,100,27.8,11.9,215,0.277,0
8,16,0.395,90,11.5,12037,100,28.0,1.9,197,0.277,1
13,16,0.395,92,4.7,12038,100,27.9,5.2,153,0.277,0
3,14,0.395,92,2.5,12039,100,28.0,5.4,194,0.277,0
8,7,0.394,92,2.9,12040,95,27.8,8.5,180,0.277,0
9,3,0.394,92,2.9,12041,100,27.7,5.8,171,0.277,0
20,2,0.395,92,1.4,12042,100,27.5,6.3,175,0.277,0
15,8,0.395,94,1.4,12043,100,27.1,4.2,170,0.277,0
25,20,0.397,97,5.0,12044,100,26.8,4.4,71,0.277,1
41,19,0.426,95,7.9,12045,99,26.0,6.7,121,0.277,1
43,14,0.426,98,5.0,12046,100,26.1,0.6,124,0.277,0
99,20,0.435,98,8.6,12047,89,25.9,3.6,84,0.277,1
3,19,0.434,96,9.4,12048,91,26.2,3.0,33,0.277,0
3,1,0.38,88,13.0,12049,100,28.0,2.8,50,0.277,0
11,11,0.378,79,12.6,12050,99,29.6,1.1,72,0.277,1
9,7,0.374,75,15.1,12051,100,30.8,1.6,174,0.277,0
18,14,0.37,72,18.4,12052,87,31.5,5.1,197,0.277,1
22,12,0.489,73,24.8,12053,81,30.2,9.6,193,0.277,1
6,27,0.479,82,24.8,12054,99,28.9,9.1,216,0.277,0
17,2,0.471,78,21.2,12055,100,29.5,11.2,201,0.277,0
9,1,0.467,82,23.4,12056,100,28.5,13.8,196,0.277,1
19,18,0.462,84,23.0,12057,100,28.4,13.8,191,0.277,0
31,21,0.458,83,26.6,12058,100,28.5,16.9,197,0.277,0
5,29,0.455,86,26.3,12059,100,28.0,10.7,197,0.277,0
10,15,0.453,89,14.4,12060,100,27.6,11.1,192,0.277,0
9,100,0.463,86,8.6,12061,100,28.1,10.5,158,0.277,0
5,62,0.462,89,6.8,12062,100,27.8,7.7,152,0.277,0
1,16,0.462,91,4.7,12063,100,27.5,4.3,107,0.277,0
4,7,0.46,93,6.8,12064,100,27.4,4.4,58,0.277,0
0,97,0.458,95,10.1,12065,100,27.0,7.8,19,0.277,0
0,17,0.459,96,9.7,12066,100,26.8,6.3,357,0.277,1
0,80,0.458,97,8.6,12067,100,26.6,9.3,13,0.277,0
1,9,0.457,98,11.5,12068,100,26.4,10.8,44,0.277,0
1,18,0.455,98,10.8,12069,100,26.0,8.6,36,0.277,0
0,2,0.454,98,6.5,12070,100,25.6,7.9,63,0.277,0
0,0,0.453,98,6.8,12071,100,25.5,8.5,86,0.277,0
1,10,0.452,95,10.1,12072,100,26.3,7.4,90,0.277,0
29,11,0.469,89,13.0,12073,100,28.0,5.5,79,0.277,0
26,99,0.464,83,14.4,12074,99,29.1,4.1,61,0.277,0
6,98,0.46,78,12.6,12075,97,29.8,1.8,53,0.277,0
8,83,0.454,73,11.2,12076,96,30.6,2.2,351,0.277,0
8,6,0.447,67,11.2,12077,9,31.6,1.0,121,0.277,0
6,5,0.437,62,14.8,12078,56,32.5,4.4,168,0.277,0
4,10,0.428,62,18.0,12079,83,32.5,7.2,174,0.277,0
3,8,0.42,63,21.6,12080,88,32.1,10.6,182,0.277,0
0,5,0.414,66,22.7,12081,38,31.6,11.9,184,0.277,0
1,3,0.409,71,22.7,12082,57,30.8,11.7,182,0.277,0
3,6,0.406,79,20.5,12083,97,29.8,11.4,191,0.278,0
3,11,0.405,85,14.8,12084,100,28.9,10.8,198,0.278,0
6,11,0.392,84,8.3,12085,98,29.3,11.3,163,0.278,0
2,27,0.391,86,10.4,12086,100,29.0,13.0,170,0.278,0
5,24,0.391,86,10.4,12087,100,29.0,12.4,181,0.278,0
6,8,0.39,86,7.9,12088,100,28.9,12.6,202,0.278,0
2,12,0.39,85,8.3,12089,100,28.9,10.2,214,0.278,0
1,11,0.39,88,3.6,12090,100,28.3,3.5,249,0.278,0
34,9,0.409,88,6.1,12091,100,27.5,3.4,58,0.278,1
21,23,0.421,93,8.6,12092,100,27.1,7.2,87,0.278,1
13,16,0.421,96,11.5,12093,96,26.8,6.9,104,0.278,0
3,3,0.421,96,6.5,12094,99,26.6,7.9,125,0.278,0
2,2,0.421,96,6.1,12095,100,26.5,4.7,148,0.278,0
1,0,0.42,95,10.1,12096,100,27.4,5.2,117,0.278,0
0,0,0.44,88,13.3,12097,100,27.9,8.0,80,0.278,0
0,4,0.437,82,16.2,12098,100,29.5,5.5,128,0.278,0
6,2,0.432,77,21.2,12099,86,30.8,10.0,157,0.278,0
5,4,0.424,73,25.6,12100,83,31.6,12.3,168,0.278,0
12,9,0.417,74,25.6,12101,99,31.3,12.4,178,0.278,0
18,10,0.409,76,27.0,12102,77,31.2,13.9,181,0.278,0
19,64,0.406,77,32.8,12103,52,30.5,15.5,178,0.278,1
7,22,0.4,77,27.7,12104,34,30.8,14.2,195,0.278,0
9,12,0.396,75,29.5,12105,66,30.4,17.6,194,0.278,0
13,11,0.4,77,29.5,12106,70,30.0,14.6,200,0.278,1
19,13,0.398,78,22.7,12107,98,29.5,14.7,188,0.278,0
9,9,0.396,84,18.4,12108,98,28.7,11.9,194,0.278,0
14,4,0.419,82,16.9,12109,100,29.0,16.9,173,0.278,0
18,2,0.418,83,15.8,12110,100,28.9,16.0,177,0.278,0
8,5,0.417,85,14.0,12111,100,28.6,13.9,193,0.278,0
1,29,0.416,86,10.4,12112,100,28.5,12.8,191,0.278,0
8,12,0.416,88,9.0,12113,88,28.2,11.6,193,0.278,0
14,10,0.415,88,6.8,12114,99,28.2,8.8,195,0.278,0
14,2,0.415,88,3.2,12115,100,28.0,8.4,199,0.278,0
12,11,0.415,90,5.0,12116,99,27.8,9.3,198,0.278,0
2,5,0.414,89,5.8,12117,94,27.7,9.2,179,0.278,0
5,7,0.414,89,5.0,12118,58,27.8,7.8,172,0.278,0
7,2,0.413,90,3.6,12119,96,27.5,8.0,174,0.278,0
14,13,0.413,87,4.7,12120,94,28.5,3.5,192,0.278,0
12,29,0.409,82,9.4,12121,98,29.4,6.0,153,0.278,0
11,97,0.409,77,13.7,12122,99,29.5,6.0,189,0.278,1
0,98,0.406,74,13.0,12123,100,29.9,5.8,202,0.278,0
1,85,0.402,70,13.7,12124,99,30.8,6.6,201,0.278,0
2,98,0.396,68,16.9,12125,100,31.4,7.8,189,0.278,0
4,49,0.39,67,20.2,12126,100,31.6,9.5,182,0.278,0
2,0,0.383,65,22.0,12127,98,32.1,10.3,185,0.278,0
2,0,0.375,66,22.7,12128,92,31.8,10.8,181,0.278,0
0,0,0.369,65,22.3,12129,98,31.6,10.1,181,0.278,0
0,0,0.365,69,19.8,12130,98,30.8,12.1,175,0.278,0
1,1,0.362,75,19.8,12131,100,30.0,11.4,174,0.278,0
1,0,0.361,79,14.0,12132,100,29.1,16.0,165,0.278,0
0,9,0.35,76,15.1,12133,100,29.8,17.8,160,0.278,0
0,4,0.349,77,16.6,12134,100,29.6,19.6,167,0.278,0
0,2,0.349,77,17.6,12135,100,29.4,20.6,176,0.278,0
0,7,0.348,79,18.4,12136,99,29.4,20.2,181,0.278,0
0,13,0.347,81,18.0,12137,100,29.2,19.0,189,0.278,0
7,1,0.346,82,17.3,12138,100,29.1,18.6,184,0.278,0
10,9,0.346,84,16.9,12139,100,28.7,17.0,170,0.278,0
18,11,0.346,85,15.8,12140,100,28.4,17.5,182,0.278,0
1,1,0.345,85,17.3,12141,94,28.3,16.7,187,0.278,0
6,8,0.345,88,15.8,12142,100,27.9,12.2,194,0.278,0
9,10,0.345,89,8.3,12143,100,27.9,11.5,202,0.278,0
10,19,0.344,86,10.4,12144,100,28.9,11.4,209,0.278,0
2,21,0.34,77,20.9,12145,98,30.2,13.3,193,0.278,0
4,33,0.339,75,22.0,12146,85,30.5,12.7,196,0.278,1
38,56,0.358,76,28.4,12147,99,29.5,16.1,208,0.278,1
12,99,0.356,82,27.0,12148,100,29.0,9.6,201,0.278,0
7,0,0.359,84,16.6,12149,100,28.6,6.8,162,0.278,1
11,100,0.363,79,19.4,12150,100,29.8,5.3,172,0.278,1
0,2,0.362,81,13.7,12151,100,29.2,2.5,184,0.278,0
9,0,0.358,76,11.5,12152,100,30.6,2.5,225,0.278,0
12,2,0.353,72,11.5,12153,100,31.1,3.1,201,0.278,0
10,1,0.35,73,12.2,12154,100,30.8,5.4,184,0.278,0
13,15,0.348,82,20.9,12155,100,29.5,14.6,177,0.278,0
10,6,0.347,86,20.5,12156,100,28.6,13.6,173,0.278,0
0,4,0.387,84,9.0,12157,100,28.9,6.8,92,0.278,0
0,2,0.386,86,7.9,12158,100,28.5,10.4,113,0.278,0
0,2,0.386,90,8.3,12159,100,28.2,8.5,132,0.278,0
2,1,0.386,90,5.0,12160,100,28.2,2.8,140,0.278,0
3,1,0.385,92,8.3,12161,100,27.8,5.2,319,0.278,0
3,1,0.385,94,8.6,12162,100,27.4,5.8,321,0.278,0
21,5,0.385,95,4.7,12163,94,27.1,6.1,313,0.278,0
26,3,0.385,95,5.8,12164,100,27.0,4.5,275,0.278,0
4,1,0.385,95,3.2,12165,93,26.8,1.7,131,0.278,0
0,1,0.385,95,4.3,12166,77,26.7,4.6,144,0.278,0
1,0,0.385,95,4.3,12167,31,26.8,3.7,141,0.278,0
3,0,0.384,93,9.4,12168,20,27.5,4.5,97,0.278,0
0,1,0.382,85,7.6,12169,63,29.0,1.3,214,0.278,0
11,17,0.378,75,13.0,12170,100,30.5,4.5,209,0.278,0
12,3,0.373,70,16.6,12171,99,31.3,6.6,225,0.278,0
18,13,0.366,67,19.8,12172,67,31.9,8.4,223,0.278,0
22,16,0.358,68,22.3,12173,93,31.9,9.8,198,0.278,0
26,17,0.351,75,25.6,12174,79,31.1,11.3,198,0.278,0
5,12,0.345,74,24.8,12175,95,31.2,10.9,193,0.278,0
11,13,0.34,74,24.8,12176,97,31.0,13.3,180,0.278,0
13,6,0.346,78,25.2,12177,97,30.0,13.5,177,0.278,1
13,6,0.342,76,25.2,12178,99,30.1,15.9,192,0.278,0
13,4,0.34,80,25.6,12179,100,29.6,17.5,192,0.278,0
9,4,0.339,83,22.3,12180,99,29.0,15.2,190,0.278,0
0,37,0.419,80,14.4,12181,100,29.3,15.8,179,0.278,0
0,77,0.418,80,12.2,12182,99,29.2,14.5,186,0.278,0
0,97,0.417,83,12.2,12183,100,29.1,15.5,211,0.278,0
2,31,0.416,88,12.6,12184,100,28.8,12.4,231,0.278,0
4,6,0.415,90,9.0,12185,100,28.5,9.9,233,0.278,0
0,30,0.414,91,9.0,12186,100,28.4,10.2,249,0.278,0
1,38,0.414,92,12.2,12187,100,27.9,11.7,274,0.278,0
0,49,0.413,89,7.9,12188,100,27.7,12.9,290,0.278,0
0,100,0.412,83,16.6,12189,100,27.6,18.3,288,0.278,0
1,19,0.411,81,16.6,12190,100,27.4,14.9,285,0.278,0
0,3,0.41,83,10.4,12191,100,27.1,10.1,287,0.278,0
0,30,0.409,79,6.8,12192,100,28.1,10.1,274,0.278,0
0,96,0.405,71,20.2,12193,100,29.5,19.0,301,0.278,0
2,93,0.402,69,14.4,12194,100,30.3,10.5,308,0.278,0
0,44,0.397,64,18.0,12195,100,31.9,9.3,314,0.278,0
0,30,0.39,60,18.0,12196,100,32.8,6.5,293,0.278,0
0,16,0.381,56,16.2,12197,100,33.8,6.3,239,0.278,0
0,2,0.372,60,24.5,12198,97,33.2,12.1,195,0.278,0
12,15,0.369,67,28.4,12199,99,32.1,14.4,190,0.278,1
0,25,0.362,66,28.1,12200,100,32.3,14.4,171,0.278,0
9,37,0.356,70,28.1,12201,100,31.5,16.4,171,0.278,0
0,18,0.352,76,28.8,12202,100,30.6,19.6,183,0.278,0
12,21,0.35,78,30.2,12203,100,29.9,24.7,201,0.278,0
22,15,0.36,83,32.0,12204,100,28.8,22.0,195,0.278,1
9,17,0.325,76,19.4,12205,100,29.5,17.9,177,0.278,0
13,24,0.324,77,17.6,12206,100,29.0,18.2,206,0.278,0
21,52,0.326,85,18.0,12207,100,27.8,5.5,289,0.278,1
11,30,0.326,90,10.1,12208,100,27.3,6.3,51,0.278,0
2,15,0.328,94,10.1,12209,100,26.9,4.3,15,0.278,1
0,22,0.328,95,7.9,12210,100,26.5,4.4,341,0.278,0
0,5,0.328,96,5.4,12211,100,26.4,4.3,285,0.278,0
2,18,0.327,95,4.0,12212,100,26.4,4.3,318,0.278,0
0,100,0.327,96,4.0,12213,100,26.1,3.3,338,0.278,0
0,100,0.327,94,4.0,12214,100,26.4,3.2,360,0.278,0
0,27,0.327,94,7.9,12215,100,26.3,7.1,43,0.278,0
0,23,0.327,89,10.4,12216,100,26.9,6.2,57,0.278,0
0,59,0.322,77,7.2,12217,100,28.7,2.6,231,0.278,0
0,1,0.32,73,11.2,12218,100,29.5,4.1,255,0.278,0
0,13,0.315,68,11.2,12219,99,30.9,1.8,264,0.278,0
14,15,0.308,65,13.3,12220,100,32.0,2.7,212,0.278,0
13,12,0.301,62,16.2,12221,100,32.4,5.7,189,0.278,0
32,27,0.296,64,24.1,12222,100,31.7,11.5,181,0.278,1
31,36,0.304,64,28.4,12223,100,31.4,15.4,175,0.278,1
10,22,0.305,73,29.9,12224,100,30.1,17.3,172,0.278,1
19,23,0.305,69,31.0,12225,100,30.2,19.0,167,0.278,1
7,19,0.302,76,29.9,12226,100,29.5,19.2,163,0.278,0
1,12,0.301,80,29.2,12227,100,29.0,19.2,161,0.278,0
17,15,0.3,81,25.2,12228,100,28.8,20.3,163,0.278,0
25,100,0.295,88,22.0,12229,100,28.1,16.3,153,0.278,0
11,70,0.345,90,23.4,12230,100,26.6,22.2,153,0.278,1
0,83,0.347,92,25.2,12231,100,26.4,11.1,155,0.278,1
9,100,0.348,91,9.7,12232,87,26.6,7.6,155,0.278,0
25,88,0.35,92,6.8,12233,97,26.9,8.2,116,0.278,1
38,19,0.356,90,13.7,12234,100,26.5,15.1,110,0.278,1
31,10,0.357,94,14.4,12235,98,26.2,12.4,107,0.278,0
100,49,0.362,92,13.7,12236,100,25.9,13.0,109,0.278,1
94,45,0.418,96,19.8,12237,100,25.0,16.2,88,0.278,1
3,24,0.436,96,19.1,12238,100,24.9,13.3,111,0.278,1
42,15,0.437,96,13.3,12239,93,24.9,12.8,92,0.278,1
94,55,0.45,93,17.3,12240,100,25.3,10.7,74,0.278,1
1,24,0.413,89,20.5,12241,100,27.3,11.6,84,0.278,0
6,20,0.409,80,22.0,12242,99,28.9,11.2,101,0.278,0
4,20,0.403,78,22.0,12243,93,29.9,10.2,122,0.278,0
9,22,0.398,76,25.6,12244,94,30.4,13.1,139,0.278,0
49,17,0.406,73,33.1,12245,79,30.4,18.1,151,0.278,1
19,10,0.423,77,34.2,12246,96,29.4,14.9,158,0.278,1
19,18,0.415,76,30.2,12247,99,30.0,16.3,161,0.278,0
19,17,0.41,75,31.3,12248,95,29.9,17.8,164,0.278,1
21,17,0.405,76,34.2,12249,97,29.5,21.1,163,0.278,1
34,52,0.403,78,34.6,12250,89,28.8,21.7,159,0.278,1
8,4,0.405,83,32.8,12251,89,28.1,17.9,167,0.278,1
55,49,0.434,90,23.0,12252,100,26.2,20.9,181,0.278,1
1,64,0.412,90,28.8,12253,100,26.7,18.6,150,0.278,1
30,84,0.433,92,19.4,12254,99,26.7,19.3,152,0.278,1
13,56,0.434,92,18.7,12255,93,27.0,18.0,159,0.278,1
12,73,0.433,92,17.6,12256,100,27.0,13.7,162,0.278,0
16,99,0.431,92,10.8,12257,100,27.0,9.7,180,0.278,0
12,62,0.431,90,2.5,12258,99,27.2,5.4,188,0.278,0
100,38,0.513,89,12.6,12259,98,26.6,14.3,119,0.278,1
21,56,0.495,96,18.4,12260,99,25.4,16.1,158,0.278,1
4,44,0.487,93,14.8,12261,99,25.8,13.1,144,0.278,1
17,19,0.479,95,11.9,12262,98,25.9,13.6,130,0.278,0
10,14,0.473,96,11.2,12263,69,25.8,10.9,123,0.278,0
22,71,0.469,90,16.6,12264,99,26.5,13.3,103,0.278,0
20,45,0.477,89,21.6,12265,100,27.0,12.1,113,0.278,0
32,59,0.47,83,25.2,12266,100,28.2,13.4,137,0.278,1
38,39,0.466,81,25.9,12267,100,28.6,14.2,144,0.278,1
3,67,0.495,84,27.7,12268,64,27.5,11.9,149,0.278,1
16,32,0.481,78,30.2,12269,93,29.5,16.3,163,0.278,1
100,18,0.469,75,31.0,12270,100,29.9,17.1,161,0.278,0
26,18,0.47,79,32.4,12271,100,29.1,18.0,164,0.278,1
29,29,0.462,80,32.8,12272,100,28.5,18.2,173,0.278,0
19,35,0.456,75,35.3,12273,100,29.1,20.1,175,0.278,0
100,49,0.453,84,37.4,12274,98,27.0,26.1,182,0.278,1
46,73,0.47,91,34.6,12275,100,26.5,13.8,189,0.278,1
19,42,0.467,92,15.8,12276,99,26.9,16.9,158,0.278,0
10,100,0.483,88,19.8,12277,100,27.2,17.1,183,0.278,1
2,95,0.477,89,15.8,12278,100,27.1,17.5,178,0.278,0
0,44,0.473,88,16.2,12279,100,27.1,17.4,172,0.278,0
4,13,0.469,87,15.8,12280,100,27.2,17.2,169,0.278,0
25,25,0.466,86,15.1,12281,100,27.2,15.5,167,0.278,0
10,29,0.463,85,12.2,12282,100,27.2,16.1,174,0.278,0
6,16,0.46,86,13.0,12283,100,27.2,16.4,179,0.278,0
21,21,0.46,87,13.0,12284,92,26.5,13.3,193,0.278,1
32,27,0.46,87,9.0,12285,67,26.4,11.9,165,0.278,1
18,44,0.459,89,15.5,12286,83,26.2,16.5,172,0.278,1
25,24,0.457,91,15.5,12287,99,26.2,13.0,166,0.278,0
24,63,0.457,91,15.1,12288,99,26.8,13.2,173,0.278,1
5,94,0.469,88,16.2,12289,99,27.2,14.4,181,0.278,1
17,82,0.468,83,23.0,12290,100,27.6,15.4,166,0.278,1
37,100,0.463,81,30.6,12291,100,28.4,16.6,160,0.278,0
12,100,0.459,82,27.4,12292,100,28.0,14.7,168,0.278,0
19,100,0.456,83,24.8,12293,100,27.9,14.9,179,0.278,1
22,15,0.449,77,27.7,12294,100,29.8,15.0,177,0.278,0
49,70,0.457,77,30.2,12295,100,29.4,16.5,198,0.278,1
11,53,0.458,81,28.8,12296,99,28.8,13.4,200,0.278,1
2,27,0.452,78,23.4,12297,100,29.5,12.1,192,0.278,0
7,15,0.447,80,23.0,12298,98,29.1,13.2,183,0.278,0
1,37,0.444,82,21.2,12299,100,28.8,9.0,167,0.278,0
9,22,0.442,87,13.3,12300,100,28.0,9.8,162,0.278,0
0,100,0.452,88,7.6,12301,100,28.1,5.5,161,0.278,0
1,100,0.451,87,3.2,12302,100,28.1,6.9,185,0.278,0
0,94,0.449,87,4.0,12303,100,28.1,7.6,176,0.278,0
0,88,0.448,87,6.1,12304,100,28.0,9.3,171,0.278,0
0,100,0.447,87,5.0,12305,100,27.9,9.6,186,0.278,0
0,100,0.446,86,7.2,12306,100,27.8,10.8,181,0.278,0
0,96,0.445,87,7.2,12307,100,27.8,9.2,206,0.278,0
0,26,0.447,88,2.9,12308,100,27.4,6.6,225,0.278,1
1,76,0.446,90,2.9,12309,100,27.0,7.0,235,0.278,0
3,100,0.445,91,2.2,12310,100,26.9,3.6,189,0.278,0
11,71,0.445,92,1.4,12311,100,26.9,5.4,186,0.278,0
8,30,0.444,92,6.1,12312,100,27.5,3.7,227,0.278,0
0,100,0.428,94,7.6,12313,100,28.0,1.5,216,0.278,0
5,28,0.428,86,10.8,12314,100,29.0,3.2,223,0.278,1
9,8,0.424,71,20.2,12315,100,30.7,9.3,189,0.278,0
14,21,0.419,69,22.7,12316,100,31.3,9.6,186,0.278,1
10,6,0.412,69,25.2,12317,100,31.6,11.2,185,0.278,0
2,3,0.405,66,26.3,12318,100,31.9,11.9,180,0.278,0
0,5,0.396,66,26.3,12319,100,31.9,13.2,176,0.278,0
1,17,0.389,66,26.3,12320,100,31.5,13.1,178,0.278,0
3,14,0.383,66,25.2,12321,100,31.0,13.2,182,0.278,0
2,7,0.379,71,23.4,12322,100,30.4,13.8,187,0.278,0
8,21,0.376,76,20.9,12323,100,29.8,14.0,204,0.278,0
0,16,0.375,82,16.2,12324,100,29.0,15.4,198,0.279,0
2,43,0.359,85,18.7,12325,93,28.6,12.0,237,0.279,1
0,46,0.393,85,16.2,12326,100,28.2,15.5,219,0.279,1
0,80,0.401,91,11.5,12327,99,28.1,9.6,213,0.279,1
0,100,0.403,90,6.5,12328,100,28.0,10.3,183,0.279,1
0,84,0.404,92,9.0,12329,100,28.2,11.7,167,0.279,0
0,8,0.404,94,7.2,12330,100,27.9,10.5,188,0.279,0
0,0,0.404,93,5.4,12331,100,27.9,9.7,207,0.279,0
0,6,0.403,93,3.2,12332,100,27.8,8.6,200,0.279,0
0,18,0.403,92,4.3,12333,100,27.8,10.7,222,0.279,0
0,11,0.403,91,5.8,12334,100,27.7,10.9,186,0.279,0
0,3,0.403,90,5.8,12335,98,27.6,11.2,179,0.279,0
10,17,0.403,86,14.8,12336,100,29.0,15.7,195,0.279,0
0,50,0.354,79,22.7,12337,100,29.1,19.2,199,0.279,0
0,19,0.351,77,22.3,12338,100,29.7,9.6,168,0.279,0
1,3,0.347,72,25.2,12339,99,31.1,11.7,184,0.279,0
16,49,0.354,73,31.7,12340,100,30.5,14.5,191,0.279,1
2,21,0.348,69,29.9,12341,100,31.5,13.7,189,0.279,0
21,39,0.345,67,31.3,12342,100,31.4,13.4,200,0.279,1
7,24,0.34,70,27.4,12343,99,31.0,14.2,189,0.279,0
4,100,0.339,77,32.4,12344,96,29.5,13.5,239,0.279,1
7,8,0.338,80,22.0,12345,96,29.0,9.5,251,0.279,0
0,13,0.335,78,17.6,12346,86,29.7,6.1,223,0.279,0
6,32,0.333,80,13.3,12347,88,29.4,6.9,189,0.279,0
7,95,0.332,85,11.2,12348,100,28.6,7.2,177,0.279,0
7,83,0.343,92,6.8,12349,99,27.5,10.6,170,0.279,0
11,99,0.343,91,5.8,12350,100,27.8,8.9,159,0.279,0
3,100,0.343,91,6.1,12351,100,28.4,8.8,184,0.279,0
0,62,0.348,87,5.0,12352,99,28.6,11.5,211,0.279,1
0,91,0.348,86,8.6,12353,100,28.8,14.5,227,0.279,0
1,42,0.348,89,9.4,12354,100,28.4,13.6,231,0.279,0
0,92,0.348,91,12.2,12355,100,28.0,15.1,218,0.279,0
1,94,0.348,89,15.1,12356,100,28.1,16.1,209,0.279,0
2,99,0.348,88,12.2,12357,100,28.0,13.1,189,0.279,0
0,39,0.349,85,20.2,12358,100,27.9,20.4,196,0.279,0
0,100,0.35,87,20.2,12359,100,27.8,19.9,198,0.279,0
8,33,0.349,86,18.0,12360,100,28.3,13.8,201,0.279,0
0,20,0.386,85,22.7,12361,100,28.1,13.0,194,0.279,0
1,30,0.384,83,20.2,12362,100,28.5,12.9,195,0.279,0
1,1,0.379,76,27.4,12363,100,30.4,14.0,189,0.279,0
8,15,0.373,76,36.4,12364,100,30.7,20.1,193,0.279,0
18,94,0.368,76,36.4,12365,100,30.5,18.3,194,0.279,0
18,22,0.383,73,34.6,12366,100,30.2,20.0,189,0.279,1
34,17,0.393,72,37.1,12367,100,30.5,20.1,198,0.279,1
20,41,0.43,79,35.3,12368,100,29.6,17.7,193,0.279,1
99,12,0.484,84,38.2,12369,98,27.7,25.4,218,0.279,1
0,64,0.482,87,32.4,12370,100,27.6,11.6,213,0.279,1
0,80,0.488,89,15.8,12371,100,27.8,9.4,206,0.279,1
0,5,0.489,93,7.6,12372,100,27.6,10.3,195,0.279,1
2,97,0.44,84,9.7,12373,100,28.9,12.9,219,0.272,0
0,100,0.439,83,7.6,12374,100,28.9,13.2,217,0.272,0
0,100,0.445,83,7.2,12375,100,28.6,10.9,231,0.272,1
0,69,0.462,89,3.2,12376,100,28.0,7.2,257,0.272,1
0,99,0.472,90,3.2,12377,100,27.6,8.7,243,0.272,1
0,100,0.473,91,4.3,12378,100,27.5,9.8,211,0.272,1
0,100,0.471,88,10.8,12379,100,27.5,13.9,203,0.272,0
1,100,0.469,88,11.9,12380,100,27.5,15.7,195,0.272,0
3,91,0.467,89,16.9,12381,100,27.6,20.0,202,0.272,0
0,86,0.465,88,19.1,12382,100,27.5,20.4,212,0.272,0
1,22,0.463,87,18.7,12383,99,27.6,20.0,198,0.272,0
4,53,0.461,85,22.3,12384,100,28.4,20.9,195,0.272,0
1,67,0.476,84,15.5,12385,100,29.0,15.2,185,0.272,1
2,100,0.471,75,27.7,12386,100,30.0,22.6,186,0.272,0
0,80,0.474,79,33.5,12387,97,29.0,19.5,197,0.272,1
0,100,0.471,81,21.6,12388,100,29.6,16.1,198,0.272,0
1,23,0.466,76,29.9,12389,100,30.0,20.6,194,0.272,0
22,16,0.471,71,37.8,12390,90,30.4,23.4,200,0.272,1
38,40,0.505,76,39.6,12391,92,29.4,24.6,214,0.272,1
0,100,0.502,86,36.4,12392,92,28.0,18.0,230,0.272,1
0,12,0.495,86,28.4,12393,100,28.0,12.0,208,0.272,1
0,7,0.488,84,19.8,12394,100,28.6,9.9,176,0.272,0
3,2,0.483,85,18.0,12395,100,28.5,13.7,163,0.272,0
2,19,0.48,87,17.6,12396,100,28.2,17.5,179,0.272,0
0,100,0.493,93,12.2,12397,100,26.2,10.3,174,0.272,1
0,35,0.496,94,12.2,12398,100,26.5,10.3,182,0.272,1
0,96,0.5,93,6.8,12399,91,26.8,12.1,205,0.272,1
0,91,0.498,93,7.6,12400,89,26.9,12.1,173,0.272,1
9,17,0.493,95,18.7,12401,100,27.0,20.0,154,0.272,0
0,74,0.489,95,18.7,12402,86,27.0,18.1,164,0.272,0
2,98,0.486,93,15.5,12403,9,27.2,16.7,179,0.272,0
10,100,0.484,90,15.1,12404,57,27.5,18.2,194,0.272,0
3,100,0.481,87,16.6,12405,54,27.8,19.6,212,0.272,0
3,100,0.479,84,20.5,12406,96,27.9,21.9,203,0.272,0
0,10,0.477,84,22.3,12407,99,28.0,21.2,204,0.273,0
0,29,0.475,83,22.0,12408,99,28.5,20.9,202,0.273,0
2,100,0.477,74,27.7,12409,98,28.8,26.3,205,0.273,0
1,98,0.472,69,32.4,12410,99,29.7,23.8,207,0.273,0
0,100,0.467,69,32.8,12411,92,29.9,20.2,219,0.273,0
1,76,0.462,71,29.5,12412,93,29.5,16.5,211,0.273,0
6,99,0.456,69,26.3,12413,99,30.8,13.9,216,0.273,0
0,2,0.449,68,24.8,12414,83,31.2,13.4,208,0.273,0
10,32,0.441,68,37.1,12415,36,31.5,16.2,214,0.273,0
21,8,0.451,71,36.7,12416,44,30.9,17.7,215,0.273,1
6,100,0.494,84,36.0,12417,99,28.5,12.7,262,0.273,1
0,8,0.494,85,20.2,12418,99,28.2,8.1,212,0.273,1
1,37,0.491,86,12.6,12419,93,28.5,6.9,163,0.273,1
0,7,0.488,88,10.8,12420,68,28.1,12.0,133,0.273,0
0,20,0.459,83,16.6,12421,87,28.4,19.4,242,0.273,0
0,89,0.458,81,16.6,12422,87,28.3,20.8,239,0.273,0
0,94,0.457,78,18.7,12423,94,28.1,19.1,235,0.273,0
0,100,0.456,77,16.9,12424,91,28.1,20.3,215,0.273,0
0,100,0.454,79,16.9,12425,36,28.1,19.2,202,0.273,0
3,100,0.453,80,15.8,12426,21,28.1,17.7,207,0.274,0
7,51,0.452,82,14.8,12427,17,28.1,18.2,203,0.274,0
14,20,0.452,84,18.7,12428,20,28.2,20.2,213,0.274,0
17,38,0.451,83,28.4,12429,2,27.9,23.5,229,0.274,0
15,60,0.451,88,29.5,12430,10,27.0,17.3,213,0.274,0
1,22,0.451,88,15.8,12431,12,27.1,17.3,208,0.274,0
0,0,0.45,85,15.1,12432,27,28.1,14.4,209,0.274,0
4,32,0.441,79,21.6,12433,83,29.2,14.6,180,0.274,0
3,45,0.446,77,34.2,12434,90,29.6,13.7,210,0.274,1
37,11,0.445,74,33.8,12435,97,30.0,15.6,209,0.274,1
21,4,0.442,72,32.8,12436,96,30.9,13.7,198,0.274,1
6,17,0.478,79,32.8,12437,86,30.2,13.9,197,0.274,1
12,20,0.472,73,33.8,12438,94,31.2,14.9,199,0.274,1
96,4,0.463,72,38.9,12439,87,31.4,17.2,214,0.274,0
5,31,0.471,80,39.2,12440,95,29.1,19.4,203,0.274,1
3,9,0.465,75,27.4,12441,97,30.0,15.6,204,0.274,0
5,3,0.461,76,25.6,12442,97,30.0,16.8,186,0.274,0
11,21,0.458,81,25.6,12443,99,29.4,20.0,191,0.274,0
5,100,0.496,87,31.7,12444,95,27.5,24.6,227,0.275,1
7,46,0.483,89,6.8,12445,99,28.2,8.3,275,0.275,1
12,17,0.481,87,13.0,12446,100,28.1,13.8,297,0.275,0
3,20,0.479,87,14.0,12447,100,27.8,14.1,193,0.275,0
5,36,0.477,89,14.8,12448,95,27.0,11.4,207,0.275,0
12,27,0.482,91,24.8,12449,99,26.2,15.4,185,0.275,1
2,50,0.48,92,15.1,12450,100,26.3,12.0,196,0.275,0
5,10,0.478,93,8.6,12451,100,26.4,11.8,213,0.275,0
1,13,0.477,91,8.6,12452,100,26.6,13.6,233,0.275,0
1,0,0.475,89,11.5,12453,100,26.8,13.6,240,0.275,0
0,16,0.474,91,9.7,12454,100,26.2,9.7,252,0.275,0
1,29,0.473,92,6.8,12455,100,26.2,8.9,242,0.275,0
1,29,0.471,89,9.0,12456,100,27.0,10.4,238,0.275,0
0,100,0.458,89,14.0,12457,67,27.8,13.0,242,0.275,0
0,100,0.457,86,13.0,12458,93,28.1,7.6,255,0.276,0
0,100,0.454,80,13.3,12459,100,29.2,5.8,265,0.276,0
4,100,0.45,75,18.7,12460,100,30.0,9.5,309,0.276,0
8,100,0.445,73,20.5,12461,100,30.5,10.8,308,0.276,0
0,90,0.44,70,21.6,12462,100,30.9,11.2,291,0.276,0
15,87,0.434,68,31.7,12463,100,31.2,18.5,277,0.276,0
13,100,0.429,68,31.7,12464,100,31.0,16.2,278,0.276,0
2,99,0.425,71,28.4,12465,100,30.4,14.8,267,0.276,0
2,100,0.423,73,22.3,12466,100,29.9,15.0,249,0.276,0
0,100,0.421,77,19.1,12467,100,29.0,14.7,237,0.276,0
2,100,0.421,79,14.0,12468,100,28.6,14.8,237,0.276,0
2,24,0.395,83,15.5,12469,100,28.4,18.3,185,0.276,0
0,5,0.394,80,17.6,12470,100,28.6,19.5,192,0.276,0
12,12,0.394,83,16.9,12471,99,28.5,17.9,195,0.276,0
0,14,0.393,84,15.1,12472,99,28.4,16.3,201,0.276,0
0,19,0.393,86,11.9,12473,100,27.9,14.1,233,0.276,0
0,1,0.393,87,14.0,12474,100,27.4,16.8,260,0.276,0
0,15,0.392,87,14.0,12475,100,26.6,15.7,265,0.276,0
0,0,0.392,88,12.2,12476,100,26.2,15.5,269,0.276,0
0,5,0.392,88,13.0,12477,100,26.0,16.7,271,0.276,0
0,3,0.391,88,13.0,12478,100,25.9,15.5,273,0.276,0
0,3,0.391,89,11.2,12479,98,25.7,13.2,259,0.276,0
0,0,0.391,87,8.6,12480,76,26.6,10.4,260,0.276,0
0,20,0.393,79,8.6,12481,99,29.1,7.0,238,0.276,0
0,25,0.39,72,14.8,12482,71,30.4,7.6,245,0.276,0
1,2,0.385,66,25.9,12483,18,31.5,10.0,262,0.276,0
3,3,0.378,62,28.4,12484,49,32.2,10.6,267,0.276,0
6,6,0.37,58,28.4,12485,93,33.0,10.9,264,0.276,0
8,11,0.361,57,26.6,12486,45,33.5,10.1,251,0.276,0
4,12,0.353,59,27.4,12487,66,32.9,9.3,209,0.276,0
11,21,0.356,65,28.4,12488,98,32.2,8.6,150,0.276,1
1,31,0.351,71,22.3,12489,95,31.1,12.4,170,0.276,0
9,31,0.356,70,22.7,12490,97,30.5,13.2,231,0.276,1
13,57,0.509,89,28.4,12491,91,26.8,12.8,232,0.276,1
1,14,0.496,91,14.4,12492,98,26.6,7.1,196,0.276,0
2,84,0.428,85,14.4,12493,100,28.4,15.3,205,0.276,0
7,100,0.427,84,14.0,12494,99,28.5,13.6,195,0.276,0
1,6,0.426,83,14.8,12495,97,28.6,17.0,212,0.276,0
3,19,0.425,86,16.2,12496,99,28.4,18.0,214,0.276,0
0,16,0.425,89,14.8,12497,100,28.1,15.4,235,0.276,0
0,100,0.424,92,12.2,12498,100,27.6,13.8,262,0.276,0
0,5,0.423,93,11.5,12499,32,27.2,10.8,267,0.276,0
0,16,0.423,94,6.1,12500,27,26.5,8.7,287,0.276,0
0,6,0.423,93,5.0,12501,99,26.2,9.4,294,0.276,0
0,1,0.422,91,6.8,12502,100,26.1,11.2,271,0.276,0
0,0,0.422,90,6.8,12503,99,26.1,10.8,275,0.276,0
0,0,0.421,85,10.8,12504,100,27.1,12.2,262,0.276,0
0,12,0.415,74,13.0,12505,99,29.5,9.2,253,0.276,0
0,7,0.41,67,20.5,12506,100,30.8,11.9,259,0.276,0
0,2,0.403,65,27.7,12507,100,31.7,12.7,264,0.277,0
6,8,0.396,61,27.7,12508,100,32.5,12.5,277,0.277,0
10,7,0.387,59,29.2,12509,100,33.2,12.1,273,0.277,0
13,13,0.378,60,29.2,12510,100,33.0,10.7,239,0.277,0
5,23,0.383,68,27.0,12511,100,31.9,9.9,195,0.277,1
2,35,0.398,72,28.8,12512,100,31.0,11.7,169,0.277,1
0,24,0.395,75,23.4,12513,100,30.4,11.3,213,0.277,0
23,41,0.428,71,24.5,12514,82,30.5,15.9,227,0.277,1
0,8,0.428,82,25.9,12515,57,28.5,8.2,247,0.277,1
0,16,0.427,87,10.8,12516,22,28.1,12.1,208,0.277,0
8,49,0.458,84,24.8,12517,100,28.1,15.3,236,0.277,0
12,21,0.456,80,15.1,12518,97,28.1,18.0,214,0.277,0
9,41,0.456,79,14.8,12519,86,28.1,14.7,213,0.277,1
0,29,0.454,81,10.4,12520,96,28.0,13.2,230,0.277,0
0,9,0.452,85,10.4,12521,100,27.8,12.4,249,0.277,0
0,22,0.451,88,9.0,12522,99,27.4,12.5,262,0.277,0
0,24,0.449,88,9.0,12523,100,27.0,12.7,259,0.277,0
4,63,0.448,88,7.9,12524,99,26.7,11.6,252,0.277,0
4,33,0.446,86,11.9,12525,95,26.9,15.6,263,0.277,0
2,19,0.445,87,11.9,12526,100,26.6,13.3,257,0.277,0
0,23,0.444,87,8.3,12527,100,26.4,11.8,257,0.277,0
0,17,0.442,84,9.0,12528,100,27.0,12.4,272,0.277,0
0,20,0.437,81,10.4,12529,100,29.0,6.2,255,0.277,0
0,15,0.432,72,15.5,12530,100,30.3,7.6,245,0.277,0
1,12,0.427,68,17.6,12531,100,31.0,8.7,249,0.277,0
6,19,0.42,63,20.2,12532,100,31.8,10.1,274,0.277,0
10,11,0.412,60,25.6,12533,100,32.5,11.0,268,0.277,0
6,8,0.403,58,25.6,12534,100,33.2,9.4,268,0.277,0
8,11,0.396,58,24.1,12535,100,33.2,7.6,267,0.277,0
21,25,0.388,61,21.6,12536,100,32.9,8.7,194,0.277,0
2,20,0.383,72,29.9,12537,100,31.2,17.1,171,0.277,0
0,20,0.378,72,29.9,12538,98,30.6,13.5,164,0.277,0
3,7,0.376,74,20.5,12539,99,30.2,14.0,173,0.277,0
2,15,0.374,78,19.8,12540,100,29.5,19.3,189,0.277,0
6,13,0.369,82,17.6,12541,100,29.9,19.7,190,0.277,0
6,28,0.369,87,17.6,12542,100,29.4,16.9,214,0.277,0
21,37,0.368,89,15.1,12543,100,29.1,16.0,219,0.277,0
21,3,0.368,89,14.8,12544,99,29.0,16.6,220,0.277,0
29,23,0.369,91,14.8,12545,100,28.4,13.6,215,0.277,0
5,8,0.369,91,11.5,12546,100,28.1,9.0,193,0.277,0
1,4,0.369,92,5.8,12547,100,27.7,3.6,250,0.277,0
0,3,0.368,95,7.2,12548,100,27.3,8.8,316,0.277,0
0,1,0.368,92,7.6,12549,100,27.1,10.6,314,0.277,0
0,0,0.368,88,11.2,12550,100,26.8,13.0,288,0.277,0
0,0,0.368,89,10.8,12551,100,26.4,11.0,266,0.277,0
1,3,0.367,86,8.3,12552,100,27.1,9.7,273,0.277,0
0,5,0.362,75,10.4,12553,20,29.4,5.3,262,0.277,0
0,18,0.358,70,16.6,12554,100,30.7,8.0,265,0.277,0
0,1,0.352,67,18.0,12555,100,31.6,8.3,266,0.277,0
2,10,0.345,64,24.1,12556,68,32.5,9.7,273,0.277,0
10,20,0.338,62,24.5,12557,87,33.0,10.3,267,0.277,0
8,7,0.33,62,24.5,12558,96,33.5,8.1,231,0.277,0
4,5,0.323,67,26.3,12559,96,32.6,9.3,188,0.277,0
6,11,0.375,71,26.6,12560,85,31.5,11.6,152,0.277,1
3,8,0.371,70,24.8,12561,45,31.6,11.9,183,0.277,0
40,20,0.474,81,30.6,12562,93,28.1,23.4,234,0.277,1
15,27,0.473,85,31.0,12563,97,27.3,9.3,257,0.277,1
3,2,0.47,89,12.6,12564,97,27.2,8.1,197,0.277,0
1,4,0.375,82,23.4,12565,96,29.0,21.3,191,0.277,0
0,2,0.375,85,21.6,12566,100,28.9,18.6,192,0.277,0
2,4,0.374,86,19.4,12567,99,28.9,18.4,200,0.277,0
6,8,0.374,86,18.0,12568,99,28.6,15.7,227,0.277,0
0,10,0.373,86,13.7,12569,100,28.2,15.3,246,0.277,0
0,1,0.373,87,13.3,12570,99,27.5,14.8,254,0.277,0
3,0,0.372,86,12.6,12571,100,26.9,14.4,257,0.277,0
5,0,0.372,86,13.3,12572,100,26.3,14.8,270,0.277,0
0,1,0.371,87,11.9,12573,4,26.0,12.5,285,0.277,0
0,0,0.371,88,7.9,12574,27,25.9,7.9,286,0.277,0
0,1,0.371,90,4.3,12575,92,25.7,7.1,291,0.277,0
0,7,0.37,84,7.2,12576,100,26.8,4.3,237,0.277,0
2,2,0.363,78,9.0,12577,99,29.5,2.4,253,0.277,0
14,11,0.361,71,10.1,12578,100,30.6,2.2,246,0.277,1
13,3,0.356,66,15.8,12579,100,31.4,4.8,209,0.277,0
23,10,0.35,67,18.4,12580,100,31.8,6.6,189,0.277,0
13,6,0.343,69,22.3,12581,48,31.6,9.4,176,0.277,0
18,6,0.335,66,24.1,12582,83,32.2,11.3,180,0.277,0
17,6,0.33,68,27.4,12583,33,31.6,13.8,173,0.277,1
16,3,0.327,69,29.5,12584,13,31.4,16.0,179,0.277,1
11,6,0.321,69,29.9,12585,2,30.9,15.3,184,0.277,0
24,13,0.317,71,28.1,12586,5,30.5,18.2,188,0.277,0
4,19,0.314,76,29.9,12587,15,29.7,19.4,190,0.277,0
1,0,0.313,83,27.4,12588,34,28.5,20.1,187,0.277,0
0,59,0.31,84,20.5,12589,100,29.1,19.2,174,0.277,0
2,3,0.309,84,23.0,12590,97,29.4,21.4,178,0.277,0
7,10,0.309,85,23.0,12591,20,29.4,21.5,188,0.277,0
19,53,0.308,83,26.3,12592,50,28.9,22.4,195,0.277,0
7,11,0.307,84,24.5,12593,65,28.8,16.7,209,0.277,0
8,34,0.307,84,14.8,12594,100,28.4,16.7,236,0.277,0
11,28,0.306,85,17.6,12595,100,27.9,16.2,249,0.277,0
7,9,0.306,88,14.8,12596,100,27.6,6.8,272,0.277,0
1,32,0.306,88,2.2,12597,100,27.4,5.3,225,0.277,0
4,4,0.308,88,2.2,12598,100,27.3,5.5,221,0.277,0
10,0,0.31,90,2.2,12599,100,27.0,6.0,243,0.277,1
9,4,0.31,88,7.2,12600,100,27.4,5.1,280,0.277,0
0,11,0.325,79,7.2,12601,100,29.0,0.7,166,0.277,0
2,3,0.321,70,10.1,12602,100,30.4,2.2,194,0.277,0
41,8,0.316,64,18.0,12603,100,31.5,7.9,177,0.277,0
20,7,0.315,64,24.1,12604,100,31.5,11.9,185,0.277,1
11,13,0.31,64,26.3,12605,99,31.9,12.6,182,0.277,1
25,27,0.31,62,27.4,12606,96,31.9,13.7,184,0.277,1
43,35,0.316,58,28.8,12607,97,32.5,14.6,198,0.277,1
33,27,0.351,67,35.3,12608,94,30.6,23.0,212,0.277,1
9,9,0.35,80,36.7,12609,100,28.6,14.3,220,0.277,1
2,19,0.348,80,23.4,12610,100,28.7,8.4,211,0.277,0
1,14,0.346,80,13.7,12611,100,28.8,5.7,198,0.277,0
12,16,0.346,84,7.6,12612,100,28.4,8.4,200,0.277,0
1,28,0.308,82,24.1,12613,100,28.6,14.9,203,0.277,0
13,35,0.307,84,13.7,12614,99,28.5,12.6,218,0.277,0
0,8,0.307,85,9.7,12615,100,28.1,12.5,231,0.277,0
2,29,0.307,88,9.4,12616,100,27.9,8.6,254,0.277,0
6,99,0.307,89,8.3,12617,100,27.5,9.9,280,0.277,0
6,57,0.306,86,12.2,12618,99,27.4,14.3,253,0.277,0
3,39,0.306,84,14.8,12619,100,26.9,15.0,250,0.277,0
0,29,0.305,85,13.7,12620,100,26.5,15.5,252,0.277,0
0,41,0.305,85,13.7,12621,100,26.4,15.7,257,0.277,0
0,59,0.304,85,15.1,12622,100,26.1,17.1,255,0.277,0
5,57,0.304,85,15.1,12623,96,26.3,15.9,250,0.277,0
0,7,0.303,80,22.7,12624,100,27.2,16.1,254,0.277,0
4,28,0.338,80,11.5,12625,98,28.8,7.0,238,0.277,0
7,7,0.335,69,24.5,12626,97,30.1,14.1,248,0.277,0
11,8,0.33,65,28.1,12627,97,31.0,11.8,241,0.277,0
9,28,0.323,64,26.6,12628,100,31.8,10.2,226,0.277,0
28,38,0.316,65,27.0,12629,100,31.9,10.5,217,0.277,0
100,8,0.308,63,27.4,12630,100,32.3,11.6,213,0.277,0
18,34,0.301,63,30.6,12631,100,31.9,12.8,209,0.277,0
13,46,0.304,70,32.0,12632,100,30.6,12.7,187,0.277,1
1,31,0.3,69,23.0,12633,100,30.8,12.7,192,0.277,0
3,32,0.297,72,22.3,12634,100,30.3,11.9,170,0.277,0
5,100,0.296,75,19.1,12635,100,29.7,16.2,154,0.277,0
4,25,0.295,79,19.4,12636,100,29.3,14.9,153,0.277,0
3,48,0.283,81,13.0,12637,100,29.4,10.1,183,0.277,0
0,34,0.283,81,7.6,12638,100,29.2,12.0,198,0.277,0
0,30,0.282,80,12.2,12639,100,29.0,16.2,238,0.277,0
0,64,0.282,77,15.8,12640,100,28.4,17.4,250,0.277,0
1,37,0.281,75,22.7,12641,99,27.8,23.5,250,0.277,0
5,86,0.28,76,24.5,12642,98,27.6,22.9,248,0.277,0
0,53,0.279,78,28.8,12643,42,27.2,25.1,242,0.277,0
0,30,0.278,81,29.2,12644,99,26.5,24.0,242,0.277,0
1,89,0.278,82,26.6,12645,100,26.2,20.8,248,0.277,0
1,48,0.277,83,20.9,12646,99,26.1,19.6,244,0.277,0
0,79,0.277,85,23.4,12647,98,26.1,16.9,235,0.277,0
0,41,0.276,86,15.8,12648,97,26.6,15.2,220,0.277,0
0,82,0.276,74,16.9,12649,100,28.7,12.5,255,0.277,0
0,37,0.273,69,24.8,12650,100,29.6,15.4,259,0.277,0
0,73,0.269,65,25.9,12651,100,30.4,11.5,262,0.277,0
9,41,0.265,63,22.0,12652,100,30.7,8.7,262,0.277,0
10,36,0.261,63,27.4,12653,100,31.2,7.1,255,0.277,0
19,3,0.258,65,25.6,12654,100,30.9,6.7,261,0.277,0
98,14,0.252,61,25.2,12655,100,32.4,8.5,241,0.277,0
97,19,0.248,61,23.8,12656,100,32.2,10.9,225,0.277,0
30,92,0.244,66,27.4,12657,100,30.6,12.6,202,0.277,0
17,82,0.242,71,23.4,12658,100,29.8,10.8,210,0.277,0
31,72,0.241,73,17.6,12659,100,29.5,10.8,218,0.277,0
12,80,0.24,76,12.6,12660,100,29.2,13.5,213,0.277,0
15,32,0.254,87,6.8,12661,100,28.8,4.6,149,0.277,0
6,95,0.254,82,18.4,12662,100,28.6,17.7,213,0.277,0
17,40,0.266,82,19.8,12663,100,28.3,13.6,200,0.277,1
0,17,0.275,86,12.2,12664,100,27.7,14.2,181,0.277,1
0,39,0.277,88,11.5,12665,100,27.5,15.8,215,0.277,0
1,83,0.277,89,15.8,12666,100,27.1,15.1,245,0.277,0
21,91,0.277,90,11.5,12667,100,26.9,12.9,255,0.277,0
0,100,0.277,88,10.8,12668,100,26.8,12.6,246,0.277,0
0,100,0.278,86,14.8,12669,100,26.7,16.8,235,0.277,0
4,99,0.279,86,17.6,12670,100,26.4,15.7,234,0.277,0
0,100,0.289,88,15.1,12671,100,25.8,11.0,252,0.277,1
1,100,0.294,88,7.9,12672,100,25.9,9.8,239,0.277,1
0,26,0.267,76,16.9,12673,100,29.0,10.9,239,0.277,0
2,23,0.263,68,23.4,12674,100,30.2,13.0,246,0.277,0
8,15,0.259,66,27.4,12675,100,31.1,12.6,241,0.277,0
10,15,0.253,64,29.9,12676,100,31.9,13.1,234,0.277,0
13,50,0.247,64,32.4,12677,100,32.2,13.7,236,0.277,0
68,92,0.242,64,32.8,12678,100,32.2,14.7,231,0.277,0
69,94,0.33,84,34.2,12679,100,27.9,17.5,201,0.277,1
8,91,0.329,83,27.7,12680,100,28.3,9.5,201,0.277,0
3,36,0.334,78,13.7,12681,100,29.4,4.4,168,0.277,1
0,28,0.338,78,10.8,12682,100,29.6,6.1,177,0.277,1
0,100,0.338,77,14.0,12683,100,29.4,11.2,192,0.277,0
4,39,0.337,78,13.0,12684,100,29.2,13.1,205,0.277,0
0,100,0.431,85,18.0,12685,100,27.8,20.2,217,0.277,0
1,28,0.429,83,22.3,12686,100,28.0,23.2,219,0.277,0
0,0,0.427,81,23.4,12687,100,27.9,21.0,225,0.277,0
1,5,0.425,82,19.8,12688,100,27.6,20.9,227,0.277,0
0,13,0.423,83,19.8,12689,100,27.3,20.0,236,0.277,0
1,30,0.422,86,18.4,12690,100,26.7,14.1,251,0.277,0
4,3,0.42,90,10.8,12691,100,26.1,11.2,264,0.277,0
0,3,0.419,91,7.6,12692,100,25.8,11.4,249,0.277,0
1,10,0.418,88,10.4,12693,100,26.0,15.4,243,0.277,0
1,16,0.417,86,13.3,12694,100,26.0,15.6,243,0.277,0
2,100,0.415,86,12.2,12695,100,26.0,13.2,232,0.277,0
1,100,0.415,84,10.1,12696,100,26.9,12.5,233,0.277,0
3,40,0.411,78,10.4,12697,100,28.5,6.8,228,0.277,0
4,40,0.41,76,17.3,12698,100,29.0,10.2,206,0.277,1
18,93,0.427,79,34.9,12699,100,28.5,16.2,218,0.277,1
11,56,0.426,87,27.0,12700,100,27.7,10.7,200,0.277,1
9,30,0.425,79,26.6,12701,100,29.3,14.3,205,0.277,1
30,45,0.42,76,37.4,12702,100,29.8,20.2,217,0.277,1
12,100,0.425,80,38.2,12703,100,29.0,18.1,217,0.277,1
3,100,0.424,82,35.6,12704,100,28.6,15.8,209,0.277,1
7,100,0.425,82,22.0,12705,100,28.5,16.0,203,0.277,1
11,75,0.425,83,23.8,12706,100,28.5,17.0,208,0.277,1
0,4,0.425,84,20.9,12707,100,28.2,17.4,207,0.277,1
0,100,0.423,86,18.7,12708,100,28.0,17.8,211,0.277,0
1,83,0.458,89,20.5,12709,100,27.1,19.4,203,0.277,1
1,77,0.458,90,18.7,12710,100,27.0,17.8,213,0.277,1
2,37,0.456,90,17.3,12711,100,27.0,19.2,216,0.277,0
2,21,0.453,89,17.6,12712,100,27.0,19.9,217,0.277,0
2,32,0.451,87,19.4,12713,100,27.1,20.8,210,0.277,0
1,97,0.448,86,19.4,12714,100,27.0,20.1,212,0.277,0
7,18,0.445,86,20.5,12715,100,27.0,20.5,212,0.277,0
6,22,0.443,86,20.5,12716,100,27.0,18.9,207,0.277,0
2,12,0.441,85,19.4,12717,100,27.1,20.0,211,0.277,0
1,42,0.438,85,19.8,12718,100,27.2,20.3,210,0.277,0
6,100,0.436,84,22.0,12719,97,27.5,21.7,205,0.277,0
2,100,0.434,83,23.0,12720,59,27.9,21.8,201,0.277,0
20,100,0.437,87,24.8,12721,100,27.1,20.4,202,0.277,1
32,82,0.437,81,32.4,12722,100,28.1,20.0,214,0.277,1
1,94,0.448,83,33.8,12723,100,27.9,18.6,216,0.277,1
12,94,0.446,84,34.2,12724,100,28.2,15.7,210,0.277,1
4,48,0.44,77,34.2,12725,100,29.6,14.7,203,0.277,0
6,10,0.431,71,36.7,12726,100,30.7,17.0,207,0.277,0
10,4,0.423,72,42.8,12727,100,30.5,20.0,212,0.277,0
49,80,0.445,79,43.2,12728,100,28.5,20.4,229,0.277,1
1,3,0.445,80,31.3,12729,100,28.9,11.8,205,0.277,1
7,17,0.443,80,28.8,12730,100,29.0,10.7,221,0.277,1
4,3,0.442,82,24.5,12731,91,28.6,8.0,222,0.277,0
2,56,0.441,87,8.6,12732,100,28.0,7.9,223,0.277,0
0,100,0.49,88,14.4,12733,100,27.4,18.3,220,0.277,1
0,100,0.493,91,28.8,12734,100,27.1,19.7,209,0.277,1
0,87,0.49,92,25.9,12735,100,27.0,19.3,213,0.277,1
1,100,0.497,93,16.2,12736,100,26.8,18.3,206,0.277,1
0,69,0.488,91,16.9,12737,100,26.9,18.7,214,0.277,1
0,4,0.48,90,15.5,12738,100,26.9,18.5,216,0.277,0
3,65,0.474,90,17.6,12739,100,26.7,19.5,214,0.277,0
0,3,0.47,89,18.0,12740,100,26.7,17.6,214,0.277,0
1,22,0.466,89,14.8,12741,99,26.5,15.4,212,0.277,0
2,9,0.463,89,11.2,12742,99,26.5,15.5,211,0.277,0
0,2,0.46,89,10.4,12743,98,26.5,15.5,205,0.277,0
0,8,0.457,86,15.8,12744,96,27.8,16.7,206,0.277,0
6,27,0.421,85,25.2,12745,99,28.5,15.0,212,0.277,0
1,9,0.419,79,31.7,12746,100,29.2,15.9,214,0.277,0
5,100,0.415,74,28.1,12747,100,30.1,15.8,224,0.277,1
8,100,0.41,72,28.1,12748,100,30.2,15.3,226,0.277,0
20,100,0.405,72,26.6,12749,100,30.2,16.1,230,0.277,0
9,86,0.401,71,27.0,12750,100,30.1,16.0,234,0.277,0
10,6,0.395,69,27.4,12751,100,30.6,14.6,236,0.277,0
14,1,0.389,66,28.8,12752,100,31.0,15.8,246,0.277,0
25,4,0.385,71,29.2,12753,100,30.0,17.6,244,0.277,0
20,0,0.387,78,27.0,12754,100,28.9,13.8,227,0.277,1
1,0,0.389,85,19.4,12755,100,28.1,12.0,208,0.277,1
0,0,0.396,88,12.2,12756,100,27.5,8.8,192,0.277,1
3,9,0.359,83,13.3,12757,100,27.4,15.7,254,0.277,0
0,0,0.359,86,13.3,12758,100,27.1,13.3,243,0.277,0
0,1,0.358,88,8.6,12759,100,27.0,8.8,231,0.277,0
0,2,0.358,88,4.3,12760,100,27.1,9.2,228,0.277,0
0,9,0.358,88,7.9,12761,100,27.0,12.5,243,0.277,0
0,1,0.358,86,8.6,12762,100,26.6,12.6,253,0.277,0
0,7,0.357,87,9.4,12763,100,26.1,11.8,250,0.277,0
0,20,0.357,89,7.9,12764,100,25.9,8.6,254,0.277,0
0,2,0.357,89,6.1,12765,100,25.6,10.1,237,0.277,0
0,2,0.357,88,4.7,12766,100,25.8,8.0,232,0.277,0
0,12,0.356,88,4.3,12767,100,25.9,7.5,237,0.277,0
0,15,0.356,84,6.1,12768,38,27.0,8.2,221,0.277,0
3,30,0.364,80,12.2,12769,84,28.8,6.4,144,0.277,0
10,63,0.36,67,15.5,12770,100,30.6,7.7,191,0.277,0
10,100,0.366,75,19.4,12771,92,29.5,10.0,201,0.277,1
3,59,0.367,79,19.8,12772,79,28.8,8.7,204,0.277,1
35,51,0.362,69,21.2,12773,68,30.8,10.8,226,0.277,0
27,12,0.355,64,24.5,12774,92,31.6,12.8,219,0.277,0
13,12,0.347,62,25.6,12775,11,32.2,12.4,229,0.277,0
26,18,0.341,62,29.5,12776,85,32.1,11.7,225,0.277,0
16,15,0.336,66,24.8,12777,86,31.4,13.4,211,0.277,0
12,15,0.332,70,24.8,12778,95,30.5,9.7,199,0.277,0
4,14,0.33,74,17.3,12779,99,29.8,11.2,186,0.277,0
0,12,0.329,82,15.8,12780,100,28.5,12.0,189,0.277,0
0,5,0.43,88,11.5,12781,100,28.0,10.5,273,0.277,0
0,100,0.429,86,9.7,12782,100,27.9,14.3,264,0.277,0
0,50,0.427,82,13.3,12783,99,28.1,15.7,261,0.277,0
0,41,0.425,83,12.6,12784,100,27.5,14.0,269,0.277,0
0,47,0.424,84,10.1,12785,100,27.1,14.8,280,0.277,0
0,34,0.422,84,10.4,12786,100,26.9,14.3,284,0.277,0
0,91,0.421,83,12.2,12787,99,26.5,15.2,275,0.277,0
0,54,0.419,84,12.6,12788,100,26.2,12.9,262,0.277,0
0,19,0.418,86,8.3,12789,100,26.0,9.0,257,0.277,0
0,1,0.417,86,7.6,12790,100,25.5,11.7,269,0.277,0
0,0,0.416,87,7.9,12791,100,25.4,10.4,268,0.277,0
0,3,0.415,84,7.9,12792,100,26.4,10.2,249,0.277,0
0,15,0.408,79,11.2,12793,100,28.8,7.4,244,0.277,0
0,11,0.404,68,19.8,12794,100,30.3,11.3,241,0.277,0
0,17,0.397,64,23.0,12795,100,31.2,12.2,243,0.277,0
8,3,0.389,63,27.7,12796,100,31.9,12.0,238,0.277,0
12,2,0.38,63,27.4,12797,100,32.4,8.9,246,0.277,0
16,2,0.372,63,24.1,12798,100,32.7,5.5,238,0.277,0
100,1,0.364,65,22.7,12799,100,32.6,6.4,218,0.277,0
15,42,0.392,75,26.3,12800,100,30.0,12.6,217,0.277,1
1,29,0.389,70,24.1,12801,100,30.6,13.0,211,0.277,1
2,12,0.385,72,24.5,12802,100,29.9,12.2,214,0.277,0
1,5,0.383,76,19.1,12803,100,29.2,10.3,203,0.277,0
0,3,0.381,83,12.2,12804,100,28.4,11.0,206,0.277,0
0,15,0.36,85,10.4,12805,100,28.9,14.6,199,0.277,0
4,21,0.36,86,11.5,12806,100,28.7,12.5,221,0.277,0
12,26,0.359,88,8.3,12807,100,28.5,9.7,245,0.277,0
25,15,0.362,87,11.5,12808,100,28.1,13.1,283,0.277,1
3,3,0.362,89,9.7,12809,100,27.8,9.8,296,0.277,0
0,10,0.362,85,10.4,12810,100,27.5,14.3,297,0.277,0
0,1,0.361,84,11.2,12811,100,26.7,12.9,286,0.277,0
0,1,0.361,84,7.2,12812,100,26.4,8.6,292,0.277,0
0,10,0.361,83,6.1,12813,100,26.1,10.8,285,0.277,0
0,7,0.36,84,10.1,12814,100,25.9,13.5,265,0.277,0
0,1,0.36,88,10.1,12815,100,25.5,11.3,263,0.277,0
0,1,0.359,86,7.2,12816,100,26.4,9.1,260,0.277,0
0,5,0.348,72,13.3,12817,100,29.0,9.6,298,0.277,0
0,3,0.345,64,16.2,12818,100,30.3,8.5,288,0.277,0
0,8,0.339,60,18.7,12819,100,31.4,9.1,279,0.277,0
0,3,0.331,58,19.8,12820,100,32.5,8.3,283,0.277,0
0,10,0.323,58,18.7,12821,100,33.0,7.0,283,0.277,0
9,3,0.315,59,24.1,12822,100,33.3,7.7,273,0.277,0
19,3,0.313,58,27.7,12823,58,33.2,12.0,217,0.277,1
8,9,0.307,63,26.6,12824,100,32.0,10.5,192,0.277,0
1,3,0.301,62,21.2,12825,97,32.2,8.6,182,0.277,0
5,8,0.297,65,29.5,12826,93,31.2,18.8,198,0.277,0
0,7,0.294,70,29.9,12827,98,30.2,14.1,190,0.277,0
3,8,0.293,77,17.6,12828,100,29.2,14.5,192,0.277,0
0,7,0.299,90,16.2,12829,100,26.7,18.3,252,0.277,1
1,4,0.299,86,16.6,12830,100,27.0,14.3,230,0.277,0
0,0,0.299,85,11.9,12831,100,27.3,14.8,234,0.277,0
0,0,0.299,86,13.0,12832,100,27.2,16.2,229,0.277,0
0,0,0.298,88,13.0,12833,100,27.2,13.7,226,0.277,0
0,0,0.298,88,11.5,12834,100,27.0,14.0,233,0.277,0
0,0,0.298,88,11.5,12835,100,26.9,15.2,244,0.277,0
0,0,0.298,86,15.1,12836,100,26.8,17.8,259,0.277,0
0,0,0.297,84,14.8,12837,100,26.3,16.2,271,0.277,0
0,0,0.297,87,12.2,12838,100,25.9,11.3,278,0.277,0
0,6,0.297,84,12.6,12839,100,25.9,16.2,267,0.277,0
0,26,0.296,83,18.7,12840,100,26.6,19.3,269,0.277,0
2,4,0.31,80,6.8,12841,100,28.4,5.3,262,0.277,0
5,2,0.307,72,15.1,12842,100,29.8,8.1,270,0.277,0
8,7,0.303,67,23.4,12843,100,31.1,11.4,273,0.277,0
7,2,0.298,65,24.8,12844,95,31.9,10.3,275,0.277,0
11,12,0.292,62,23.0,12845,99,33.0,8.6,290,0.277,0
15,6,0.285,61,27.7,12846,100,33.0,12.6,294,0.277,0
6,22,0.277,60,29.2,12847,100,33.2,13.5,303,0.277,0
11,29,0.273,61,32.4,12848,99,31.9,18.0,286,0.277,0
10,19,0.269,61,31.7,12849,100,32.0,13.5,280,0.277,0
35,19,0.28,73,24.1,12850,100,29.9,14.7,276,0.277,1
14,42,0.279,76,20.2,12851,100,29.2,18.2,250,0.277,0
4,16,0.278,79,22.0,12852,100,28.4,11.3,226,0.277,0
1,63,0.283,86,21.6,12853,100,27.1,15.9,242,0.277,0
0,94,0.285,86,18.4,12854,100,26.6,10.9,253,0.277,1
0,60,0.294,86,9.4,12855,100,26.5,13.4,262,0.277,1
0,8,0.313,91,11.2,12856,100,26.0,15.6,256,0.277,1
0,97,0.333,92,10.8,12857,100,26.0,12.5,252,0.277,1
0,41,0.358,92,8.6,12858,100,26.0,12.2,262,0.277,1
0,2,0.384,93,9.7,12859,100,26.0,8.9,256,0.277,1
0,97,0.405,93,8.6,12860,100,25.8,12.8,253,0.277,1
0,45,0.422,92,12.6,12861,100,25.7,16.4,255,0.277,1
0,100,0.421,91,15.5,12862,100,25.5,14.4,262,0.277,0
0,100,0.42,91,11.9,12863,100,25.5,10.9,261,0.277,0
1,100,0.419,90,7.9,12864,100,25.9,5.1,228,0.277,0
0,5,0.307,83,11.5,12865,100,27.5,8.0,252,0.277,0
1,0,0.304,72,17.6,12866,100,29.1,9.4,253,0.277,0
6,6,0.299,67,32.0,12867,100,30.5,12.9,263,0.277,0
15,11,0.294,66,35.3,12868,100,31.2,14.6,266,0.277,0
100,8,0.288,65,33.8,12869,100,31.8,13.9,269,0.277,0
9,36,0.283,65,31.7,12870,100,31.4,10.8,238,0.277,0
11,24,0.283,70,28.4,12871,100,30.4,8.7,225,0.277,1
31,24,0.282,68,31.3,12872,100,30.3,16.0,247,0.277,1
10,6,0.279,67,27.0,12873,100,30.5,15.6,237,0.277,0
3,16,0.276,68,26.6,12874,100,30.2,13.7,230,0.277,0
6,13,0.274,72,22.0,12875,100,29.8,12.4,211,0.277,0
2,17,0.273,79,16.2,12876,100,28.9,12.3,218,0.277,0
4,100,0.262,77,15.1,12877,99,28.4,15.7,214,0.277,1
7,95,0.265,88,21.6,12878,100,27.5,18.9,188,0.277,1
4,98,0.266,87,21.6,12879,100,27.6,18.4,216,0.277,0
2,100,0.266,83,17.6,12880,100,27.6,17.7,237,0.277,0
9,48,0.265,79,18.0,12881,100,27.1,18.9,256,0.277,0
7,21,0.264,79,17.6,12882,100,26.6,17.5,244,0.277,0
5,30,0.264,79,15.1,12883,100,26.4,15.5,243,0.277,0
9,42,0.263,80,11.9,12884,100,26.4,15.4,232,0.277,0
0,39,0.263,81,11.2,12885,100,26.4,12.6,236,0.277,0
3,55,0.262,84,8.6,12886,100,26.2,10.7,230,0.277,0
0,2,0.262,83,7.6,12887,100,26.5,11.5,236,0.277,0
3,7,0.262,81,8.6,12888,100,27.0,10.4,238,0.277,0
3,74,0.246,72,12.2,12889,100,29.3,7.1,207,0.277,0
1,18,0.243,68,18.0,12890,100,30.3,9.0,215,0.277,0
10,16,0.239,62,20.9,12891,100,31.5,9.5,231,0.277,0
11,15,0.234,56,20.5,12892,100,32.6,7.7,239,0.277,0
18,14,0.229,53,20.2,12893,100,33.2,8.7,227,0.277,0
7,18,0.225,57,24.1,12894,99,32.7,9.2,186,0.277,1
4,1,0.22,60,25.6,12895,100,32.7,9.9,168,0.277,0
18,21,0.215,61,26.6,12896,100,32.2,11.7,194,0.277,0
63,14,0.226,66,27.7,12897,98,31.1,16.6,217,0.277,1
13,31,0.29,82,34.2,12898,100,28.0,15.5,193,0.277,1
0,25,0.29,81,23.0,12899,100,28.0,11.9,211,0.277,0
6,56,0.29,85,22.3,12900,100,27.3,17.8,191,0.277,0
9,25,0.213,84,18.4,12901,100,28.6,16.6,177,0.277,0
13,37,0.212,84,19.1,12902,100,28.2,16.1,198,0.277,0
37,24,0.222,84,17.3,12903,100,28.0,12.0,210,0.277,1
14,48,0.252,90,10.1,12904,100,27.2,9.6,229,0.277,1
23,42,0.281,90,6.8,12905,100,26.5,8.4,233,0.277,1
46,90,0.288,91,7.6,12906,100,26.2,5.7,283,0.277,1
1,0,0.29,96,7.9,12907,100,26.0,9.9,235,0.277,1
13,25,0.292,95,5.8,12908,99,25.8,11.0,232,0.277,1
5,32,0.293,92,7.9,12909,100,26.0,12.9,237,0.277,0
14,22,0.293,92,8.6,12910,100,25.8,11.5,236,0.277,0
15,32,0.293,91,7.6,12911,100,25.8,11.2,244,0.277,0
0,5,0.293,88,11.2,12912,100,26.5,12.5,234,0.277,0
14,38,0.21,70,16.2,12913,100,29.5,9.5,194,0.277,0
13,30,0.208,63,23.4,12914,100,30.5,12.7,195,0.277,0
14,13,0.204,59,25.9,12915,100,31.5,12.9,210,0.277,0
18,7,0.2,58,31.7,12916,100,32.0,16.3,212,0.277,0
14,9,0.205,57,33.1,12917,100,32.1,17.3,205,0.277,1
12,11,0.208,56,34.9,12918,100,32.2,18.3,200,0.277,1
27,29,0.209,57,42.8,12919,100,32.0,24.8,205,0.277,1
8,12,0.212,68,42.8,12920,100,30.8,22.7,201,0.277,1
6,11,0.208,63,40.0,12921,100,31.4,24.4,194,0.277,0
31,50,0.206,63,40.3,12922,100,30.0,25.1,211,0.277,0
20,36,0.204,68,34.6,12923,99,29.7,19.3,194,0.277,0
25,22,0.203,76,30.2,12924,100,28.6,23.1,183,0.277,0
8,99,0.19,82,13.3,12925,100,27.9,10.0,171,0.277,0
3,100,0.191,84,11.5,12926,100,27.8,8.7,186,0.277,0
3,100,0.192,86,7.9,12927,100,27.6,7.8,195,0.277,0
0,91,0.192,85,10.1,12928,100,27.6,13.2,232,0.277,0
0,100,0.191,80,18.7,12929,100,27.6,18.5,245,0.277,0
0,15,0.192,79,20.5,12930,100,26.9,18.1,238,0.277,0
0,40,0.193,79,19.8,12931,100,26.5,19.1,244,0.277,0
0,31,0.198,82,19.4,12932,100,26.1,15.3,250,0.277,1
0,31,0.215,90,13.7,12933,100,25.7,10.0,237,0.277,1
1,13,0.221,90,5.8,12934,100,26.0,8.5,209,0.277,1
2,93,0.23,93,5.8,12935,99,25.9,11.5,222,0.277,1
7,14,0.233,90,13.0,12936,97,26.6,13.6,210,0.277,1
4,26,0.196,75,11.5,12937,100,29.0,5.3,170,0.277,0
7,20,0.195,65,27.4,12938,99,30.3,10.6,215,0.277,0
10,21,0.192,61,30.2,12939,93,30.8,15.7,218,0.277,0
9,26,0.189,59,34.2,12940,55,31.7,14.7,216,0.277,0
7,7,0.185,56,39.2,12941,44,32.5,16.7,209,0.277,0
93,2,0.181,57,41.4,12942,32,32.5,19.8,211,0.277,0
14,50,0.248,70,42.5,12943,48,30.0,18.8,207,0.277,1
38,30,0.261,64,42.5,12944,82,30.8,23.3,203,0.277,1
7,6,0.327,74,41.8,12945,96,29.5,20.3,199,0.277,1
9,39,0.326,70,42.1,12946,98,29.5,25.2,205,0.277,1
2,19,0.323,72,36.7,12947,67,29.4,21.9,211,0.277,0
5,77,0.321,71,27.4,12948,80,29.0,21.0,216,0.277,0
3,57,0.196,83,19.8,12949,100,27.5,19.4,197,0.277,0
0,100,0.195,83,20.5,12950,100,27.8,18.7,199,0.277,0
0,91,0.195,83,20.2,12951,100,28.0,19.2,208,0.277,0
0,99,0.195,83,19.8,12952,100,27.8,18.0,226,0.277,0
0,71,0.194,84,17.6,12953,34,27.3,16.4,231,0.277,0
0,8,0.194,86,14.8,12954,93,26.8,15.3,228,0.277,0
0,36,0.194,86,13.3,12955,97,26.5,15.6,229,0.277,0
0,86,0.193,86,13.0,12956,100,26.4,15.3,228,0.277,0
0,54,0.193,85,12.2,12957,89,26.5,15.3,218,0.277,0
0,25,0.193,84,11.9,12958,99,26.3,13.8,212,0.277,0
1,37,0.193,84,9.4,12959,75,26.1,13.6,204,0.277,0
4,15,0.192,76,14.0,12960,46,27.7,16.8,197,0.277,0
19,35,0.197,72,23.4,12961,69,28.9,11.8,191,0.277,0
28,100,0.2,69,33.8,12962,87,29.2,17.1,188,0.277,1
5,100,0.2,77,30.6,12963,99,28.1,16.5,190,0.277,1
16,100,0.199,77,27.0,12964,98,28.2,15.5,198,0.277,0
18,100,0.201,72,29.9,12965,100,29.0,17.9,211,0.277,1
21,98,0.199,70,31.3,12966,100,29.5,18.7,220,0.277,0
14,94,0.197,66,32.0,12967,98,30.2,16.7,220,0.277,0
20,25,0.194,63,31.7,12968,99,31.0,16.9,225,0.277,0
19,51,0.191,62,30.2,12969,92,31.1,17.1,217,0.277,0
15,4,0.189,63,29.9,12970,95,30.8,17.1,212,0.277,0
14,21,0.187,65,28.8,12971,96,30.1,17.0,204,0.277,0
1,28,0.186,69,23.8,12972,100,29.1,19.5,197,0.277,0
1,17,0.178,80,18.7,12973,100,28.8,18.3,165,0.277,0
3,8,0.177,79,21.6,12974,100,28.8,19.9,170,0.277,0
6,4,0.177,80,21.2,12975,100,28.5,18.2,179,0.277,0
5,9,0.176,82,18.0,12976,99,28.5,18.4,184,0.277,0
0,1,0.176,83,17.3,12977,100,28.4,17.6,213,0.277,0
0,6,0.176,81,19.8,12978,91,27.6,19.6,250,0.277,0
0,7,0.176,80,19.8,12979,100,26.6,17.9,251,0.277,0
3,9,0.175,81,18.0,12980,100,26.4,19.1,249,0.277,0
2,35,0.175,81,18.0,12981,100,26.4,15.9,247,0.277,0
0,28,0.175,83,13.3,12982,100,26.3,12.0,251,0.277,0
8,30,0.175,84,11.2,12983,100,26.2,13.4,250,0.277,0
2,55,0.175,81,10.8,12984,100,27.0,9.8,234,0.277,0
0,3,0.239,79,12.2,12985,99,28.1,8.1,273,0.277,0
13,4,0.237,69,23.0,12986,98,29.8,10.2,239,0.277,0
14,12,0.233,66,25.9,12987,99,31.0,11.0,229,0.277,0
11,1,0.228,64,27.7,12988,100,31.4,12.5,233,0.277,0
12,3,0.223,63,28.4,12989,100,32.0,12.9,235,0.277,0
28,7,0.218,63,29.5,12990,93,32.2,11.4,221,0.277,0
60,12,0.258,65,34.6,12991,100,31.1,17.7,209,0.277,1
20,14,0.262,76,34.9,12992,99,29.0,8.6,216,0.277,1
11,66,0.26,75,17.3,12993,100,29.2,4.0,180,0.277,0
44,12,0.258,76,19.4,12994,100,29.4,11.5,170,0.277,0
18,38,0.258,79,25.2,12995,100,28.9,9.7,177,0.277,1
0,13,0.258,84,18.4,12996,100,28.0,16.4,156,0.277,0
0,23,0.212,84,15.8,12997,100,28.2,15.8,173,0.277,0
1,9,0.211,84,15.1,12998,97,28.3,15.8,180,0.277,0
1,7,0.211,86,16.6,12999,100,28.2,16.8,189,0.277,0
4,16,0.211,88,14.4,13000,100,28.0,13.9,193,0.277,0
1,23,0.21,89,11.9,13001,100,28.0,13.9,197,0.277,0
0,26,0.21,90,11.5,13002,100,27.6,11.1,219,0.277,0
0,9,0.21,91,14.0,13003,50,27.2,16.8,264,0.277,0
0,10,0.21,84,18.4,13004,18,26.7,18.9,267,0.277,0
1,17,0.209,83,17.3,13005,24,26.2,18.9,270,0.277,0
0,37,0.209,84,17.6,13006,100,25.9,15.6,276,0.277,0
1,33,0.209,86,12.6,13007,100,25.6,12.1,265,0.277,0
0,2,0.208,84,11.5,13008,76,26.4,14.2,252,0.277,0
0,8,0.199,68,16.9,13009,3,29.4,11.1,254,0.277,0
0,30,0.196,61,24.5,13010,12,30.9,13.1,257,0.277,0
0,20,0.193,57,29.2,13011,21,31.8,12.7,249,0.277,0
4,27,0.189,55,29.9,13012,2,32.5,12.9,242,0.277,0
8,75,0.186,55,31.3,13013,22,32.9,12.5,226,0.277,0
2,97,0.182,56,33.5,13014,36,32.9,14.0,211,0.277,0
13,93,0.179,56,36.4,13015,88,32.8,16.5,209,0.277,0
2,71,0.175,56,36.0,13016,100,32.8,16.3,222,0.277,0
0,98,0.174,66,31.7,13017,100,30.6,17.8,181,0.277,0
5,100,0.173,62,29.9,13018,100,31.1,17.1,192,0.277,0
11,94,0.172,66,25.6,13019,100,29.8,16.1,216,0.277,0
2,98,0.204,86,27.0,13020,100,27.8,15.8,180,0.277,1
0,9,0.165,69,17.3,13021,100,29.5,15.5,255,0.277,0
0,100,0.165,74,14.4,13022,100,28.7,14.1,276,0.277,0
0,34,0.164,73,17.6,13023,100,28.6,18.3,283,0.277,0
0,34,0.164,66,22.0,13024,100,28.5,20.2,279,0.277,0
0,69,0.166,70,25.9,13025,100,27.5,23.1,272,0.277,1
0,81,0.199,86,27.7,13026,100,25.2,22.3,271,0.277,1
0,100,0.208,88,24.1,13027,100,24.6,18.0,295,0.277,1
0,18,0.211,89,17.6,13028,100,24.6,13.3,278,0.277,1
0,15,0.211,88,11.5,13029,100,24.6,9.8,257,0.277,0
0,6,0.211,89,11.5,13030,86,24.7,13.7,267,0.277,0
1,31,0.211,89,16.6,13031,88,24.5,18.4,258,0.277,0
1,44,0.211,87,17.3,13032,98,25.5,17.0,255,0.277,0
0,41,0.179,73,17.3,13033,100,28.7,9.8,220,0.277,0
0,24,0.177,66,23.8,13034,100,30.1,12.4,213,0.277,0
8,96,0.175,60,34.9,13035,100,31.3,14.5,221,0.277,0
9,100,0.173,57,37.1,13036,100,31.7,15.7,224,0.277,0
16,93,0.171,59,37.1,13037,100,31.1,15.6,211,0.277,0
6,92,0.17,60,35.3,13038,100,31.2,15.5,212,0.277,0
7,12,0.168,59,37.4,13039,100,31.5,17.2,209,0.277,0
9,55,0.174,64,38.2,13040,100,30.5,16.3,197,0.277,1
15,64,0.174,63,32.0,13041,100,30.8,12.4,234,0.277,1
17,41,0.175,64,28.1,13042,100,30.1,12.1,226,0.277,1
26,87,0.177,72,24.8,13043,100,28.8,17.3,191,0.277,1
0,87,0.199,85,26.6,13044,100,26.8,16.0,229,0.277,1
0,100,0.464,94,12.6,13045,100,25.5,13.4,223,0.277,1
0,100,0.491,94,16.9,13046,100,25.6,20.0,224,0.277,1
0,99,0.488,92,20.2,13047,100,25.6,20.4,226,0.277,1
3,44,0.491,92,20.5,13048,100,25.4,20.9,223,0.277,1
0,97,0.492,91,20.5,13049,100,25.1,20.0,239,0.277,1
0,99,0.502,94,18.0,13050,100,24.9,16.9,236,0.277,1
0,73,0.492,94,13.7,13051,100,25.0,17.7,248,0.277,1
0,99,0.49,91,15.5,13052,100,25.0,18.0,256,0.277,1
0,73,0.482,91,15.5,13053,99,25.0,16.0,240,0.277,0
0,100,0.475,91,12.6,13054,99,25.0,12.6,234,0.277,0
0,96,0.47,90,7.9,13055,100,25.4,11.9,239,0.277,0
0,55,0.471,89,7.9,13056,100,25.9,10.6,224,0.277,1
0,99,0.466,90,7.2,13057,100,26.2,6.2,240,0.277,0
0,19,0.468,85,9.7,13058,100,27.0,4.3,202,0.277,1
10,4,0.462,79,15.5,13059,100,28.3,7.1,240,0.277,0
9,16,0.455,74,27.7,13060,100,29.1,11.3,224,0.277,0
14,61,0.449,72,29.5,13061,100,29.4,11.7,216,0.277,0
14,47,0.443,73,30.2,13062,100,29.4,12.6,211,0.277,0
2,2,0.44,74,22.0,13063,100,29.1,11.4,201,0.277,1
3,9,0.436,74,20.5,13064,100,29.1,10.7,196,0.277,0
35,29,0.433,72,30.6,13065,98,29.3,15.2,217,0.277,1
3,7,0.433,78,30.6,13066,100,28.5,9.7,196,0.277,1
14,10,0.432,80,15.5,13067,97,28.3,12.8,186,0.277,0
3,18,0.43,82,17.3,13068,97,27.8,17.8,196,0.277,0
12,28,0.474,94,22.3,13069,100,26.1,17.0,220,0.277,1
0,9,0.469,92,15.1,13070,100,26.2,16.4,241,0.277,0
0,11,0.465,89,13.7,13071,100,25.9,14.9,255,0.277,0
0,23,0.462,87,14.0,13072,100,25.9,17.4,240,0.277,0
1,19,0.46,85,21.6,13073,100,25.6,22.7,236,0.277,0
1,39,0.457,86,22.0,13074,100,25.6,20.7,231,0.277,0
1,60,0.454,86,18.7,13075,100,25.8,19.2,225,0.277,0
0,100,0.453,87,18.0,13076,100,25.8,19.0,210,0.277,0
0,100,0.454,89,19.8,13077,100,25.6,19.3,207,0.277,1
0,100,0.455,90,19.4,13078,100,25.6,18.0,207,0.277,1
0,100,0.458,91,16.6,13079,100,25.6,17.9,214,0.277,1
0,100,0.459,90,18.4,13080,100,26.0,19.1,215,0.277,1
1,100,0.468,90,16.6,13081,76,26.6,16.2,195,0.277,1
7,75,0.464,85,27.0,13082,71,27.4,12.2,196,0.277,0
14,54,0.458,75,33.8,13083,89,29.1,13.9,217,0.277,0
10,100,0.45,72,33.8,13084,69,30.0,14.3,216,0.277,0
4,89,0.443,71,35.6,13085,98,30.0,14.5,218,0.277,0
100,98,0.437,72,34.2,13086,100,30.0,11.0,215,0.277,0
36,75,0.519,79,34.2,13087,100,28.0,15.8,203,0.277,1
13,100,0.493,85,25.9,13088,99,27.5,9.5,159,0.277,0
10,100,0.483,76,15.8,13089,88,29.1,10.2,240,0.277,0
3,92,0.476,69,17.6,13090,88,29.6,13.9,249,0.277,0
5,96,0.47,73,18.4,13091,96,29.0,14.3,256,0.277,0
10,100,0.466,79,13.7,13092,100,28.0,12.2,257,0.277,0
0,52,0.503,97,12.2,13093,100,25.0,17.4,237,0.277,1
0,9,0.498,94,13.3,13094,100,25.1,14.0,234,0.277,1
0,9,0.497,93,9.0,13095,100,25.3,11.0,222,0.277,1
0,1,0.491,93,4.7,13096,100,25.5,10.1,209,0.277,1
0,14,0.485,91,7.6,13097,100,25.6,11.6,213,0.277,0
0,51,0.486,88,7.6,13098,100,25.8,14.6,232,0.277,1
1,86,0.494,90,14.8,13099,100,25.6,17.2,217,0.277,1
0,28,0.489,91,14.4,13100,100,25.5,15.6,206,0.277,1
0,26,0.484,92,13.0,13101,100,25.5,16.0,195,0.277,0
0,4,0.483,94,13.7,13102,100,25.4,15.8,199,0.277,1
2,27,0.491,94,10.4,13103,100,25.5,14.9,195,0.277,1
1,77,0.487,92,19.1,13104,95,26.0,19.8,196,0.277,1
7,18,0.463,79,23.8,13105,90,28.3,11.3,181,0.277,0
47,55,0.466,72,33.5,13106,89,28.6,17.2,196,0.277,1
33,100,0.47,74,33.5,13107,99,28.9,13.1,198,0.277,1
28,74,0.476,82,36.4,13108,100,26.9,23.4,196,0.277,1
2,19,0.472,85,33.8,13109,100,27.0,14.2,192,0.277,1
38,22,0.466,78,27.0,13110,100,28.6,16.5,203,0.277,0
35,100,0.46,75,29.5,13111,100,29.2,13.9,218,0.277,0
18,9,0.456,76,24.1,13112,100,29.0,10.4,195,0.277,0
10,41,0.451,75,19.1,13113,100,29.5,8.2,213,0.277,0
14,3,0.448,73,15.1,13114,100,29.6,8.7,233,0.277,0
21,8,0.445,76,14.0,13115,100,29.4,8.0,252,0.277,0
7,2,0.444,80,6.5,13116,100,28.4,9.7,252,0.277,0
0,3,0.4,83,18.4,13117,100,26.9,19.5,233,0.277,0
0,34,0.399,84,19.8,13118,100,26.5,20.5,235,0.277,0
0,96,0.398,83,19.8,13119,100,26.2,19.0,235,0.277,0
0,3,0.397,83,17.6,13120,100,26.1,18.3,226,0.277,0
0,58,0.397,84,16.9,13121,100,26.1,15.7,220,0.277,0
0,100,0.396,83,13.0,13122,100,26.2,16.5,225,0.277,0
0,100,0.396,82,15.1,13123,100,26.2,18.0,234,0.277,0
0,100,0.395,83,14.4,13124,100,26.2,17.7,230,0.277,0
0,100,0.394,85,15.1,13125,100,26.2,17.2,224,0.277,0
0,100,0.394,87,14.4,13126,100,26.2,15.7,220,0.277,0
0,91,0.394,88,11.9,13127,100,26.2,13.4,223,0.277,0
0,97,0.393,86,12.6,13128,100,26.8,15.5,234,0.277,0
2,34,0.402,81,10.4,13129,100,28.3,5.0,218,0.277,1
0,14,0.4,74,14.8,13130,100,29.0,8.9,214,0.278,0
0,11,0.396,69,20.5,13131,100,30.2,11.1,226,0.278,0
14,32,0.39,68,29.2,13132,100,30.4,17.1,238,0.278,0
19,43,0.385,70,33.5,13133,100,30.5,14.1,243,0.278,0
11,35,0.382,70,31.3,13134,100,30.6,9.6,244,0.278,1
69,7,0.378,71,32.0,13135,100,30.5,11.4,232,0.278,0
30,76,0.503,80,34.2,13136,100,28.2,12.5,221,0.278,1
5,40,0.49,79,22.0,13137,100,28.6,6.0,237,0.278,0
2,23,0.483,80,13.0,13138,100,28.5,7.6,195,0.278,0
1,82,0.477,83,14.8,13139,100,28.1,10.5,173,0.278,0
11,11,0.473,87,13.7,13140,100,27.6,13.0,166,0.278,0
0,100,0.508,93,14.4,13141,100,25.5,16.1,211,0.278,1
0,100,0.509,93,16.2,13142,100,25.6,19.9,221,0.278,1
0,98,0.506,93,17.6,13143,100,25.5,18.8,227,0.278,1
0,77,0.504,94,14.4,13144,100,25.6,15.3,214,0.278,1
0,99,0.504,95,16.6,13145,100,25.7,18.2,210,0.278,1
0,100,0.502,94,14.0,13146,100,25.5,16.9,211,0.278,1
0,99,0.506,93,17.6,13147,100,25.3,20.4,211,0.278,1
0,97,0.502,93,18.4,13148,100,25.2,18.8,219,0.278,1
0,74,0.506,92,15.1,13149,100,25.4,16.3,217,0.278,1
0,28,0.497,93,13.0,13150,100,25.4,13.1,226,0.278,0
0,73,0.492,94,9.4,13151,85,25.1,12.0,217,0.278,0
0,74,0.488,92,10.1,13152,84,26.0,10.9,231,0.278,0
0,100,0.474,90,18.0,13153,100,26.8,14.9,181,0.278,1
23,100,0.481,90,21.6,13154,100,26.4,18.0,177,0.278,1
43,100,0.491,90,30.6,13155,100,25.5,19.5,205,0.278,1
61,100,0.506,93,24.8,13156,100,25.3,9.2,208,0.278,1
17,100,0.503,87,18.4,13157,100,26.4,10.1,186,0.278,1
58,100,0.492,82,20.5,13158,100,27.5,10.5,207,0.278,0
56,97,0.485,82,19.8,13159,100,27.5,7.6,207,0.278,0
61,100,0.479,81,18.4,13160,100,28.0,10.2,210,0.278,0
7,100,0.475,83,17.6,13161,92,27.8,10.0,200,0.278,0
4,100,0.471,83,17.3,13162,61,28.0,9.2,196,0.278,0
6,100,0.468,86,15.1,13163,80,27.5,13.3,193,0.278,0
0,100,0.466,88,14.4,13164,97,27.2,15.7,198,0.278,0
6,91,0.467,88,10.4,13165,100,26.9,7.9,193,0.278,0
2,100,0.47,91,22.0,13166,100,25.9,12.6,308,0.278,1
12,96,0.474,92,10.1,13167,100,25.6,5.0,316,0.278,1
0,100,0.473,93,5.4,13168,100,25.4,8.9,223,0.278,0
0,100,0.473,91,6.5,13169,100,25.4,9.9,232,0.278,1
0,100,0.484,93,5.8,13170,100,25.5,7.9,243,0.278,1
0,100,0.491,93,3.6,13171,100,25.5,8.0,232,0.278,1
0,100,0.493,93,4.3,13172,100,25.5,9.2,222,0.278,1
0,8,0.491,93,7.2,13173,100,25.3,11.9,228,0.278,1
0,100,0.504,94,8.3,13174,100,25.1,12.0,227,0.278,1
0,99,0.498,92,14.0,13175,100,25.2,12.3,230,0.278,1
0,72,0.492,91,12.2,13176,100,25.8,9.2,213,0.278,0
0,23,0.481,84,10.4,13177,100,27.4,4.9,176,0.278,0
15,32,0.477,77,15.1,13178,98,28.6,7.8,214,0.279,0
2,78,0.474,74,20.9,13179,24,28.9,9.6,218,0.279,0
11,100,0.468,70,27.4,13180,3,29.8,12.7,216,0.279,0
10,97,0.462,69,24.5,13181,2,29.7,12.7,231,0.279,0
3,100,0.455,66,26.3,13182,24,30.8,9.3,233,0.279,0
13,100,0.45,67,24.8,13183,1,30.3,8.4,228,0.279,0
17,100,0.45,75,24.5,13184,37,28.4,10.3,264,0.279,1
2,100,0.454,80,17.3,13185,87,27.9,7.1,218,0.279,1
5,100,0.452,81,14.0,13186,100,27.8,8.8,189,0.279,0
3,100,0.45,83,14.0,13187,100,27.2,11.7,175,0.279,0
0,100,0.449,85,10.8,13188,100,27.1,9.8,186,0.279,0
30,45,0.503,86,9.7,13189,51,26.7,2.4,318,0.279,1
9,99,0.499,96,20.5,13190,100,25.3,3.2,341,0.279,1
5,100,0.5,98,11.2,13191,100,25.4,6.4,112,0.279,1
0,96,0.5,97,15.8,13192,100,25.0,8.8,137,0.28,1
0,100,0.511,96,12.2,13193,93,25.0,10.9,226,0.28,1
9,100,0.503,94,10.8,13194,82,25.4,8.5,238,0.28,1
3,77,0.5,90,10.1,13195,35,25.6,9.7,222,0.28,0
8,20,0.498,93,7.9,13196,66,25.3,7.1,221,0.281,0
0,77,0.496,91,3.6,13197,88,25.4,6.2,240,0.281,0
0,100,0.499,91,5.8,13198,53,25.2,10.4,238,0.281,1
0,100,0.497,90,5.8,13199,0,25.4,10.7,250,0.281,0
0,100,0.495,89,11.5,13200,5,25.9,13.5,243,0.282,0
1,100,0.497,87,10.1,13201,86,27.5,9.3,241,0.282,0
1,100,0.495,88,10.4,13202,56,27.7,10.0,229,0.282,0
4,100,0.493,82,15.1,13203,89,28.5,9.7,225,0.283,0
8,93,0.49,75,23.0,13204,65,29.6,8.9,251,0.283,1
7,33,0.486,72,27.7,13205,59,30.5,9.7,269,0.283,0
18,32,0.479,68,30.2,13206,88,31.6,10.5,292,0.284,0
25,21,0.499,71,32.0,13207,77,30.7,15.9,250,0.284,1
47,87,0.5,73,28.8,13208,49,29.5,8.8,199,0.284,1
9,32,0.5,77,22.3,13209,100,29.1,6.5,138,0.285,1
20,31,0.496,79,14.4,13210,100,29.4,7.2,141,0.285,0
10,24,0.493,81,15.8,13211,100,28.9,13.4,166,0.285,0
3,17,0.49,83,14.8,13212,100,28.4,12.1,177,0.286,0
0,12,0.466,75,16.6,13213,100,27.8,17.6,247,0.286,0
0,12,0.465,73,17.3,13214,100,27.4,21.6,255,0.286,0
0,0,0.464,75,19.1,13215,100,26.9,22.2,258,0.286,0
0,9,0.463,77,17.6,13216,96,26.6,19.5,260,0.286,0
0,75,0.463,78,17.3,13217,78,26.5,21.0,256,0.287,0
3,55,0.462,79,20.9,13218,83,26.3,22.2,241,0.287,0
5,30,0.462,82,20.2,13219,100,26.2,22.1,241,0.287,0
1,81,0.462,84,20.9,13220,96,26.2,20.3,234,0.287,0
0,44,0.462,86,18.4,13221,95,26.1,18.1,237,0.288,0
0,12,0.462,87,16.6,13222,96,26.0,19.0,232,0.288,0
0,8,0.461,87,18.4,13223,90,26.0,19.1,235,0.288,0
0,15,0.461,85,19.1,13224,99,26.7,18.3,235,0.288,0
0,100,0.486,88,14.0,13225,86,27.4,15.8,217,0.289,0
0,44,0.484,79,18.7,13226,86,28.2,12.2,232,0.289,0
0,27,0.479,71,23.0,13227,42,29.7,12.6,250,0.29,0
8,2,0.472,68,31.0,13228,42,30.6,13.5,257,0.29,0
7,18,0.464,67,34.6,13229,81,31.4,14.2,267,0.29,0
9,34,0.457,63,35.3,13230,65,32.0,12.8,268,0.29,0
17,28,0.45,65,33.8,13231,87,31.5,13.0,227,0.291,0
1,86,0.462,78,32.8,13232,67,29.5,10.8,244,0.291,1
0,42,0.463,75,23.0,13233,89,29.6,8.9,257,0.291,1
1,27,0.461,75,16.9,13234,100,29.6,4.3,204,0.291,0
21,62,0.459,79,19.4,13235,100,29.0,16.2,159,0.292,0
5,50,0.459,83,19.8,13236,100,28.5,14.6,147,0.292,0
0,35,0.487,73,25.6,13237,97,27.8,26.0,267,0.292,0
2,62,0.486,78,30.6,13238,100,26.1,28.8,267,0.293,0
4,15,0.485,82,29.5,13239,100,26.0,17.6,262,0.293,0
0,15,0.485,84,14.4,13240,100,25.9,16.9,248,0.293,0
0,18,0.483,86,14.8,13241,98,25.5,16.0,247,0.293,0
0,30,0.482,85,13.3,13242,37,25.4,18.0,252,0.294,0
0,27,0.481,85,15.8,13243,97,25.4,18.3,255,0.294,0
0,12,0.48,85,15.8,13244,100,25.2,19.1,254,0.294,0
0,13,0.479,86,15.8,13245,100,25.2,17.1,245,0.294,0
1,16,0.479,86,14.4,13246,50,25.5,17.8,240,0.294,0
0,10,0.478,86,14.8,13247,92,25.6,16.0,232,0.295,0
0,34,0.477,86,11.5,13248,68,26.5,12.0,230,0.295,0
0,17,0.472,80,10.1,13249,100,28.2,9.5,213,0.295,0
0,23,0.469,72,17.3,13250,100,29.2,10.4,214,0.295,0
16,9,0.464,69,28.8,13251,100,30.0,13.3,218,0.295,0
19,100,0.459,70,30.6,13252,100,30.2,12.7,224,0.296,0
10,20,0.454,71,32.8,13253,88,30.3,12.7,235,0.296,0
17,13,0.449,70,34.6,13254,78,30.8,13.2,231,0.296,1
25,24,0.443,66,35.3,13255,74,31.4,14.6,237,0.296,0
22,14,0.439,64,35.3,13256,94,31.2,14.8,227,0.296,1
9,59,0.476,79,28.1,13257,100,28.9,12.1,192,0.296,1
1,36,0.475,78,19.4,13258,99,29.0,6.8,177,0.297,1
17,41,0.49,79,11.2,13259,100,28.5,6.9,327,0.297,1
1,38,0.489,90,18.4,13260,100,26.6,8.3,27,0.297,0
6,80,0.468,88,27.0,13261,98,26.8,18.1,217,0.297,0
0,18,0.469,89,19.1,13262,100,26.6,12.9,215,0.297,1
0,13,0.468,89,10.4,13263,93,26.6,13.1,221,0.297,0
4,23,0.468,88,13.0,13264,99,26.9,16.3,217,0.298,0
3,38,0.467,89,14.4,13265,35,26.9,14.6,214,0.298,0
0,100,0.467,89,9.7,13266,27,27.0,14.1,207,0.298,0
0,83,0.466,87,16.6,13267,96,27.3,18.7,227,0.298,0
0,96,0.466,86,22.7,13268,93,27.0,17.6,241,0.298,0
0,31,0.466,87,21.2,13269,100,26.8,17.8,222,0.298,0
0,5,0.465,88,16.6,13270,100,26.4,15.9,208,0.298,0
2,9,0.465,88,16.6,13271,100,26.4,18.4,206,0.298,0
0,24,0.464,86,16.6,13272,100,27.0,13.2,217,0.299,0
0,66,0.461,85,18.7,13273,99,27.5,8.3,224,0.299,0
0,24,0.458,76,18.7,13274,92,29.0,10.2,229,0.299,0
1,29,0.452,72,20.9,13275,49,30.1,10.6,231,0.299,0
12,99,0.448,69,30.6,13276,9,30.8,15.4,232,0.299,0
19,58,0.451,74,36.4,13277,53,29.6,16.8,243,0.299,1
8,9,0.447,72,28.4,13278,46,30.1,12.6,246,0.299,0
11,16,0.442,69,27.0,13279,93,31.0,9.7,220,0.299,0
37,31,0.441,74,31.0,13280,99,29.8,16.6,212,0.3,1
10,16,0.438,76,27.7,13281,100,29.5,15.0,209,0.3,0
3,40,0.44,79,29.9,13282,100,29.1,10.1,209,0.3,1
9,8,0.439,82,17.6,13283,100,28.6,9.3,189,0.3,0
0,6,0.438,84,14.0,13284,94,28.0,11.7,166,0.3,0
3,7,0.48,90,12.6,13285,69,27.6,13.2,212,0.3,0
0,17,0.479,91,10.1,13286,90,27.3,10.1,223,0.3,0
0,31,0.478,92,5.4,13287,99,27.2,8.3,254,0.3,0
0,34,0.477,90,2.9,13288,96,27.2,9.3,252,0.3,0
0,20,0.476,89,7.6,13289,100,26.9,11.0,251,0.3,0
0,27,0.475,89,7.9,13290,100,26.3,6.7,239,0.301,0
0,82,0.474,89,9.0,13291,22,26.1,11.0,222,0.301,0
0,100,0.473,90,9.7,13292,40,26.1,10.5,217,0.301,0
0,74,0.472,90,6.5,13293,13,26.2,10.3,237,0.301,0
1,18,0.472,90,8.6,13294,85,25.9,12.2,233,0.301,0
0,90,0.471,89,9.0,13295,58,26.0,13.6,204,0.301,0
7,53,0.47,87,10.4,13296,63,27.1,12.5,219,0.301,0
5,51,0.463,85,14.4,13297,35,28.6,14.0,187,0.301,0
1,24,0.481,77,20.2,13298,93,29.4,11.9,203,0.301,1
4,22,0.478,76,26.3,13299,100,29.5,15.4,191,0.302,1
18,90,0.503,83,26.6,13300,100,28.5,8.5,176,0.302,1
6,3,0.498,84,15.5,13301,100,28.2,9.1,162,0.302,1
14,7,0.494,78,23.4,13302,100,29.4,14.1,176,0.302,1
7,6,0.491,77,31.3,13303,100,29.8,17.3,202,0.302,1
25,11,0.504,79,32.8,13304,100,28.9,21.8,195,0.302,1
63,19,0.501,88,34.9,13305,100,27.1,15.1,208,0.302,1
0,5,0.497,89,22.3,13306,100,27.6,14.2,198,0.302,0
0,5,0.494,89,17.6,13307,100,28.0,11.5,190,0.303,0
0,6,0.492,90,11.2,13308,100,27.7,11.3,219,0.303,0
8,18,0.494,97,7.2,13309,99,26.5,9.6,217,0.303,1
0,9,0.493,97,5.8,13310,100,26.5,5.4,249,0.303,0
3,41,0.491,96,2.5,13311,100,26.2,8.6,233,0.304,0
0,100,0.489,95,6.5,13312,100,26.1,10.7,248,0.304,0
0,79,0.488,94,10.4,13313,100,26.0,13.0,267,0.304,0
0,100,0.487,93,14.8,13314,100,25.6,18.5,281,0.304,0
0,100,0.485,90,17.6,13315,100,25.6,18.5,286,0.304,0
0,28,0.49,92,15.5,13316,100,25.3,14.2,302,0.304,1
0,98,0.49,94,10.1,13317,100,25.1,12.2,292,0.305,0
0,79,0.489,95,8.3,13318,100,25.0,4.5,268,0.305,0
0,75,0.488,94,2.9,13319,95,25.0,6.2,306,0.305,0
0,2,0.486,93,5.8,13320,45,25.8,3.4,302,0.305,0
1,10,0.479,89,9.7,13321,100,27.8,3.8,225,0.305,0
10,60,0.476,78,17.6,13322,100,29.2,9.9,251,0.305,0
13,21,0.472,75,20.5,13323,100,29.8,10.9,243,0.306,0
23,100,0.467,73,31.7,13324,97,30.5,12.9,216,0.306,0
59,87,0.478,77,28.1,13325,100,28.9,15.1,215,0.306,1
19,43,0.495,77,25.6,13326,100,29.5,12.2,224,0.306,1
16,39,0.49,76,29.9,13327,100,29.4,15.8,227,0.306,0
3,4,0.486,75,30.6,13328,100,29.8,12.4,216,0.306,0
12,19,0.482,75,27.4,13329,100,29.9,9.3,212,0.306,0
5,6,0.479,76,15.8,13330,100,29.8,6.6,197,0.307,0
4,0,0.477,81,10.4,13331,100,29.7,2.8,225,0.307,0
0,1,0.476,84,4.0,13332,100,28.9,7.0,238,0.307,0
0,100,0.439,84,9.0,13333,100,28.3,10.8,227,0.307,0
0,100,0.439,86,9.4,13334,100,28.0,10.4,247,0.307,0
0,100,0.439,83,11.9,13335,100,27.9,15.3,250,0.307,0
0,60,0.439,81,12.6,13336,100,27.4,15.1,255,0.307,0
0,25,0.439,83,11.9,13337,100,26.8,15.4,263,0.307,0
0,43,0.439,84,11.9,13338,100,26.4,16.2,271,0.307,0
0,99,0.439,84,12.6,13339,100,26.3,15.8,272,0.308,0
0,31,0.439,84,14.0,13340,100,26.1,16.9,270,0.308,0
0,12,0.438,85,14.8,13341,100,25.8,17.0,265,0.308,0
0,11,0.438,86,13.7,13342,97,25.4,15.2,260,0.308,0
0,9,0.438,87,11.9,13343,95,25.2,15.8,251,0.308,0
0,85,0.438,86,12.2,13344,96,26.1,13.5,245,0.308,0
0,14,0.437,77,14.8,13345,100,28.6,14.2,258,0.308,0
0,20,0.433,71,22.0,13346,99,29.9,13.3,261,0.308,0
0,8,0.428,68,25.9,13347,99,30.8,14.5,262,0.308,0
2,11,0.423,66,33.5,13348,100,31.2,13.8,264,0.308,0
6,12,0.416,65,34.6,13349,100,31.9,15.1,262,0.309,0
15,19,0.434,73,41.0,13350,100,30.5,18.8,265,0.309,1
15,24,0.428,63,29.5,13351,100,31.6,19.3,262,0.309,0
8,14,0.425,67,31.3,13352,100,31.2,15.0,236,0.309,0
18,21,0.465,73,30.6,13353,100,30.4,10.3,202,0.309,1
0,10,0.464,78,16.9,13354,100,29.5,9.5,179,0.309,0
12,2,0.462,79,13.7,13355,100,29.4,10.5,177,0.309,0
13,9,0.461,83,10.4,13356,100,28.9,13.8,196,0.309,0
9,53,0.391,83,23.4,13357,100,27.1,22.6,211,0.309,0
9,22,0.391,84,20.5,13358,100,27.5,16.9,219,0.309,0
1,19,0.392,82,17.6,13359,100,27.5,20.6,250,0.309,0
1,17,0.392,83,20.5,13360,100,26.9,20.0,254,0.309,0
0,31,0.392,85,17.6,13361,100,26.2,15.2,257,0.309,0
0,8,0.392,86,11.5,13362,100,26.0,14.5,253,0.309,0
0,33,0.393,85,10.8,13363,100,25.9,15.6,256,0.31,0
0,21,0.393,84,16.2,13364,100,25.9,18.8,256,0.31,0
0,91,0.393,85,16.6,13365,100,25.6,16.7,263,0.31,0
1,88,0.394,87,12.6,13366,100,25.5,12.7,262,0.31,0
0,79,0.4,87,9.0,13367,100,25.3,11.8,251,0.31,1
0,90,0.421,86,12.2,13368,100,25.6,11.2,246,0.31,1
6,35,0.391,86,14.4,13369,100,27.4,16.9,247,0.31,0
0,90,0.389,78,16.2,13370,100,29.0,9.8,253,0.31,0
13,71,0.387,73,22.7,13371,100,29.5,14.6,257,0.31,0
12,100,0.382,66,29.9,13372,100,30.9,18.0,263,0.31,0
15,100,0.377,64,38.5,13373,100,30.9,20.2,270,0.31,0
3,100,0.373,65,38.5,13374,100,30.6,21.9,279,0.31,0
1,98,0.368,65,34.6,13375,100,30.6,20.2,275,0.31,0
21,80,0.365,68,31.0,13376,100,30.1,19.3,265,0.31,0
11,80,0.362,69,37.8,13377,100,30.0,20.4,256,0.31,0
11,79,0.36,70,35.6,13378,100,30.0,17.2,257,0.31,0
0,45,0.358,75,23.8,13379,100,29.0,15.2,231,0.31,0
0,80,0.358,80,17.6,13380,100,28.0,16.2,243,0.31,0
0,2,0.356,76,15.8,13381,100,28.0,19.4,253,0.31,0
0,28,0.356,80,17.3,13382,100,27.5,19.9,243,0.31,0
0,12,0.355,82,18.0,13383,100,27.1,17.8,247,0.31,0
0,100,0.355,83,15.1,13384,100,26.9,16.7,242,0.31,0
1,100,0.355,82,16.6,13385,100,26.9,18.6,240,0.31,0
1,100,0.354,81,16.6,13386,100,26.9,16.7,245,0.31,0
1,100,0.354,81,14.8,13387,100,26.9,17.7,237,0.31,0
1,100,0.354,83,16.6,13388,100,26.8,17.4,232,0.31,0
0,98,0.353,84,14.8,13389,100,26.6,16.2,232,0.311,0
0,90,0.354,84,15.5,13390,100,26.5,17.6,230,0.311,0
0,100,0.354,84,15.8,13391,100,26.5,17.0,233,0.311,0
0,63,0.353,82,14.8,13392,100,27.0,16.2,225,0.311,0
7,100,0.355,82,14.0,13393,100,27.6,9.9,202,0.311,0
11,96,0.354,77,9.7,13394,100,28.9,6.7,207,0.311,0
18,22,0.352,69,21.2,13395,100,30.1,12.7,235,0.311,0
17,20,0.348,65,23.8,13396,100,31.0,12.2,256,0.311,0
11,10,0.341,63,30.6,13397,100,32.2,10.9,241,0.311,0
20,29,0.333,66,34.6,13398,100,32.0,13.9,224,0.311,0
11,15,0.327,65,34.9,13399,100,32.0,14.2,210,0.311,0
21,45,0.326,66,34.9,13400,99,31.0,15.1,207,0.311,1
4,55,0.325,75,33.1,13401,99,30.3,13.4,185,0.311,1
5,74,0.322,74,23.0,13402,59,31.0,13.2,178,0.311,0
21,43,0.343,75,27.4,13403,100,30.0,7.4,198,0.311,1
16,76,0.363,95,19.4,13404,100,27.0,5.4,352,0.311,1
0,100,0.33,80,23.8,13405,100,27.2,14.3,259,0.311,0
0,100,0.335,83,14.4,13406,100,26.9,11.5,220,0.311,1
0,55,0.337,83,10.8,13407,100,26.9,11.9,255,0.311,1
0,66,0.347,81,16.2,13408,100,26.7,11.5,243,0.311,1
2,19,0.347,82,6.1,13409,100,26.8,9.1,212,0.311,0
7,10,0.347,85,7.6,13410,97,26.4,12.6,181,0.311,0
4,100,0.347,88,9.0,13411,95,26.5,11.8,164,0.311,0
3,79,0.347,90,9.7,13412,81,26.5,13.0,202,0.311,0
1,71,0.347,89,8.6,13413,95,26.5,13.5,226,0.311,0
0,14,0.348,90,8.6,13414,95,26.1,11.2,228,0.311,0
0,18,0.348,91,5.8,13415,91,25.9,11.8,232,0.311,0
0,3,0.348,86,11.9,13416,98,27.2,14.6,224,0.311,0
13,19,0.352,82,10.4,13417,89,28.9,6.4,225,0.311,0
11,100,0.349,70,20.5,13418,100,30.1,9.1,212,0.311,0
14,98,0.344,69,23.4,13419,99,30.8,9.1,214,0.311,0
6,45,0.338,68,24.5,13420,99,31.2,9.9,207,0.311,0
3,10,0.332,69,24.8,13421,99,31.5,8.7,201,0.311,0
4,8,0.325,68,25.2,13422,96,32.0,7.4,203,0.311,0
88,9,0.319,69,26.3,13423,95,32.0,8.4,205,0.311,0
0,36,0.331,74,27.0,13424,99,30.5,3.2,223,0.311,1
14,20,0.327,73,15.5,13425,100,30.8,6.3,183,0.311,0
40,9,0.474,82,21.6,13426,100,28.0,13.7,226,0.311,1
17,2,0.488,87,22.7,13427,100,27.5,13.0,199,0.311,1
1,10,0.483,91,20.5,13428,100,27.2,12.6,171,0.311,0
0,29,0.43,90,6.5,13429,100,28.0,9.8,197,0.311,0
1,33,0.43,91,8.3,13430,100,27.9,9.9,202,0.311,0
1,93,0.429,91,5.4,13431,100,28.1,8.9,188,0.311,0
2,31,0.428,90,5.0,13432,100,28.1,8.8,203,0.311,0
0,20,0.428,91,5.0,13433,100,28.0,8.8,219,0.311,0
1,23,0.427,91,5.0,13434,100,27.8,8.9,232,0.311,0
3,19,0.427,92,4.7,13435,100,27.5,8.8,251,0.311,0
0,9,0.426,91,7.6,13436,100,27.2,11.0,259,0.311,0
0,17,0.426,89,11.2,13437,100,26.6,12.3,267,0.311,0
0,7,0.425,91,11.2,13438,100,26.0,12.8,276,0.311,0
0,1,0.424,92,13.3,13439,98,25.6,14.0,277,0.311,0
0,10,0.424,90,11.9,13440,75,26.2,9.8,264,0.311,0
0,22,0.442,86,9.4,13441,55,27.8,5.7,229,0.311,0
0,49,0.438,74,18.7,13442,47,29.4,10.5,241,0.311,0
0,10,0.433,72,21.2,13443,94,29.9,9.0,258,0.311,0
0,42,0.425,69,22.0,13444,99,31.0,10.0,237,0.311,0
4,37,0.418,69,25.9,13445,100,31.2,10.2,231,0.311,0
7,8,0.412,71,24.8,13446,99,31.3,10.1,200,0.311,0
8,7,0.404,70,27.0,13447,100,31.5,12.0,189,0.311,0
11,12,0.396,71,25.2,13448,98,30.9,12.7,192,0.311,0
6,8,0.39,69,25.9,13449,100,31.0,14.5,202,0.311,0
26,40,0.386,77,32.0,13450,100,29.4,18.8,227,0.311,0
2,6,0.384,80,28.4,13451,100,28.8,13.2,214,0.311,0
6,27,0.383,85,18.7,13452,100,28.0,14.3,207,0.311,0
0,0,0.402,90,15.1,13453,100,27.4,15.3,204,0.311,0
0,0,0.402,91,16.2,13454,100,27.3,17.2,203,0.311,0
5,7,0.402,91,16.2,13455,100,27.5,16.1,208,0.311,0
0,3,0.402,90,13.3,13456,100,27.6,15.0,219,0.311,0
0,7,0.401,90,11.5,13457,100,27.5,13.3,218,0.311,0
0,21,0.401,90,10.1,13458,100,27.5,13.6,227,0.311,0
0,12,0.401,92,11.2,13459,100,27.2,14.0,223,0.311,0
0,3,0.401,92,11.2,13460,100,27.0,13.0,218,0.311,0
1,10,0.4,90,9.7,13461,100,26.9,13.1,218,0.311,0
2,5,0.4,89,14.0,13462,100,26.8,16.7,233,0.311,0
0,11,0.4,90,14.4,13463,99,26.4,11.9,231,0.311,0
0,14,0.399,88,9.7,13464,96,27.3,9.0,250,0.311,0
0,35,0.393,85,8.6,13465,100,28.5,6.9,223,0.311,0
1,6,0.391,77,11.9,13466,99,29.7,5.2,214,0.311,0
15,8,0.387,72,21.6,13467,100,30.8,8.6,209,0.311,0
18,6,0.382,70,23.4,13468,100,31.2,9.7,195,0.311,1
11,11,0.376,70,27.4,13469,100,31.2,12.7,191,0.311,0
12,6,0.37,69,27.4,13470,100,31.5,10.6,194,0.311,0
36,32,0.365,71,26.3,13471,100,30.6,13.1,193,0.311,1
21,25,0.363,70,26.6,13472,100,30.9,13.9,190,0.311,1
7,16,0.36,74,26.3,13473,100,30.4,8.2,195,0.311,0
8,9,0.356,74,25.6,13474,100,30.0,16.8,176,0.311,0
43,32,0.434,87,28.1,13475,100,26.9,21.0,209,0.311,1
26,8,0.435,92,23.0,13476,100,27.1,15.0,209,0.311,1
1,31,0.335,82,24.1,13477,100,29.2,23.2,179,0.311,0
4,3,0.334,86,25.9,13478,100,29.0,23.6,187,0.311,0
11,10,0.334,87,25.6,13479,100,28.5,19.3,188,0.311,0
3,4,0.333,88,20.9,13480,89,28.2,14.9,195,0.311,0
6,6,0.333,89,13.0,13481,100,28.0,14.5,197,0.311,0
0,2,0.333,91,11.2,13482,100,27.8,12.6,221,0.311,0
2,2,0.333,92,9.4,13483,100,27.5,11.7,245,0.311,0
7,17,0.333,92,10.4,13484,100,27.0,12.9,255,0.311,0
2,16,0.332,90,11.2,13485,100,26.8,13.0,239,0.311,0
2,21,0.332,90,9.7,13486,100,26.5,9.7,245,0.311,0
1,100,0.332,90,5.4,13487,100,26.3,8.3,240,0.311,0
3,8,0.332,86,13.3,13488,100,26.7,14.3,237,0.311,0
6,19,0.372,80,8.3,13489,100,28.0,3.6,243,0.311,0
0,3,0.369,74,9.7,13490,100,29.0,2.7,200,0.311,0
21,17,0.365,72,15.8,13491,100,29.7,7.6,179,0.311,0
37,6,0.364,72,24.1,13492,100,30.0,12.6,170,0.311,1
35,13,0.373,71,26.3,13493,100,30.3,13.3,177,0.311,1
12,3,0.373,73,26.3,13494,100,30.7,11.2,178,0.311,1
35,5,0.371,69,26.6,13495,100,30.7,13.5,178,0.311,1
32,5,0.368,71,29.2,13496,100,30.1,16.1,186,0.311,0
6,9,0.364,78,27.7,13497,100,29.3,15.3,192,0.311,0
3,10,0.361,77,25.2,13498,100,29.4,11.1,187,0.311,0
13,7,0.359,80,28.1,13499,100,28.5,21.6,193,0.311,0
25,17,0.358,84,27.0,13500,100,27.8,15.3,207,0.311,0
9,38,0.371,85,23.8,13501,100,27.8,19.2,175,0.311,0
92,24,0.489,93,24.5,13502,100,25.3,21.7,230,0.311,1
14,7,0.492,93,24.1,13503,100,25.8,16.1,209,0.311,1
21,45,0.488,94,16.2,13504,99,25.8,10.8,242,0.311,1
17,2,0.484,96,7.6,13505,100,25.8,6.2,244,0.311,1
2,25,0.479,95,4.0,13506,100,25.8,7.3,197,0.311,0
6,39,0.475,95,3.6,13507,100,25.9,6.8,215,0.311,0
11,91,0.472,95,2.5,13508,99,25.9,5.2,182,0.311,0
5,100,0.469,97,5.4,13509,100,25.9,3.6,198,0.311,0
19,45,0.483,93,4.3,13510,100,25.9,3.0,155,0.311,1
7,24,0.479,94,4.0,13511,100,25.6,3.3,135,0.311,0
5,8,0.475,94,7.2,13512,100,26.1,5.8,154,0.311,0
13,24,0.387,86,16.6,13513,100,27.7,11.8,159,0.311,1
9,26,0.389,81,19.4,13514,100,28.5,10.6,176,0.311,1
16,13,0.39,77,21.2,13515,100,29.0,12.2,181,0.311,1
11,10,0.386,74,24.8,13516,100,30.0,11.5,188,0.311,1
3,7,0.381,72,24.5,13517,100,30.8,9.5,201,0.311,0
11,8,0.375,72,21.6,13518,100,30.5,10.3,191,0.311,0
4,17,0.37,71,23.8,13519,100,30.8,10.0,198,0.311,0
3,24,0.365,74,25.2,13520,100,30.1,8.5,241,0.311,0
14,99,0.406,80,28.1,13521,100,28.1,15.5,242,0.311,1
4,4,0.408,85,23.4,13522,100,27.5,9.8,211,0.311,1
4,11,0.407,85,14.0,13523,100,27.6,7.1,214,0.311,0
0,22,0.406,88,11.2,13524,100,27.2,7.8,206,0.311,0
3,99,0.362,90,8.6,13525,100,27.1,4.5,217,0.311,0
0,11,0.362,88,9.7,13526,100,27.1,10.8,204,0.311,0
0,28,0.361,88,16.2,13527,98,26.9,15.6,218,0.311,0
0,99,0.361,90,14.8,13528,99,26.9,7.1,214,0.311,0
0,91,0.361,90,11.2,13529,91,26.7,12.9,210,0.311,0
0,53,0.362,90,10.8,13530,30,26.6,12.1,221,0.311,0
0,59,0.362,90,9.0,13531,79,26.5,12.1,228,0.311,0
2,99,0.361,90,9.7,13532,99,26.5,11.4,218,0.311,0
16,98,0.361,89,12.6,13533,100,26.5,15.0,219,0.311,0
9,18,0.361,89,13.0,13534,99,26.5,13.5,223,0.311,0
0,87,0.361,89,9.7,13535,93,26.4,7.2,212,0.311,0
10,99,0.361,88,10.1,13536,87,27.0,12.1,230,0.311,0
22,28,0.367,86,22.3,13537,70,27.5,12.4,190,0.311,0
28,54,0.374,78,36.4,13538,100,27.8,18.7,234,0.311,1
5,29,0.373,81,27.7,13539,100,28.4,11.3,217,0.311,1
10,22,0.369,75,34.6,13540,97,29.9,11.0,222,0.311,1
15,19,0.365,75,34.6,13541,95,29.8,11.9,228,0.311,0
8,22,0.363,75,25.2,13542,100,29.5,14.5,215,0.311,1
23,19,0.358,73,33.5,13543,98,30.1,13.1,218,0.311,0
87,12,0.353,74,33.8,13544,94,30.0,13.0,209,0.311,0
13,30,0.35,73,31.3,13545,99,30.0,12.9,216,0.311,0
37,53,0.349,72,30.2,13546,91,29.8,14.1,212,0.311,1
9,96,0.348,77,21.2,13547,99,28.9,14.1,215,0.311,0
10,74,0.347,78,14.4,13548,82,28.3,14.7,211,0.311,0
0,8,0.458,84,11.9,13549,98,28.0,13.7,208,0.311,0
6,2,0.456,81,15.8,13550,92,28.0,19.8,237,0.311,0
8,18,0.454,78,19.8,13551,82,27.5,21.9,248,0.311,0
4,7,0.452,80,20.2,13552,74,27.1,20.4,243,0.311,0
3,54,0.45,83,17.6,13553,97,26.8,18.9,235,0.311,0
1,100,0.448,85,16.6,13554,100,26.9,18.6,231,0.311,0
0,12,0.447,86,18.4,13555,93,26.7,18.7,237,0.311,0
0,13,0.445,88,18.0,13556,80,26.4,15.7,236,0.311,0
0,30,0.444,88,13.3,13557,82,26.2,16.0,231,0.311,0
1,31,0.443,88,13.7,13558,74,26.2,16.3,229,0.311,0
3,2,0.442,89,13.3,13559,0,26.0,14.0,234,0.311,0
0,0,0.441,88,10.1,13560,0,26.7,11.1,230,0.311,0
10,22,0.435,73,18.4,13561,0,28.9,12.1,207,0.311,0
27,23,0.43,70,23.0,13562,38,29.7,13.9,216,0.311,0
19,15,0.425,70,36.4,13563,70,30.1,15.1,225,0.311,0
14,18,0.419,69,36.0,13564,89,30.9,13.5,236,0.311,0
100,17,0.412,71,36.7,13565,100,30.9,14.7,227,0.311,1
96,25,0.491,85,35.6,13566,100,27.4,18.2,192,0.311,1
8,45,0.498,84,34.6,13567,100,27.4,12.4,150,0.311,1
11,66,0.49,78,22.7,13568,100,28.9,15.2,220,0.311,1
6,20,0.482,75,26.6,13569,100,29.4,14.5,216,0.311,0
17,29,0.477,81,31.7,13570,100,27.8,24.9,213,0.311,0
8,28,0.473,82,31.7,13571,100,27.6,21.3,220,0.311,0
4,66,0.47,80,20.9,13572,99,27.7,18.5,221,0.311,0
6,23,0.491,90,18.4,13573,100,26.8,17.6,207,0.311,0
0,100,0.485,89,17.6,13574,99,26.9,15.3,212,0.311,0
0,84,0.491,88,24.8,13575,100,27.0,15.5,208,0.311,1
1,69,0.486,90,15.1,13576,100,26.9,16.7,210,0.311,0
1,99,0.488,92,15.1,13577,100,26.5,17.7,222,0.311,1
0,100,0.499,95,18.7,13578,100,26.1,20.7,216,0.311,1
0,100,0.497,93,27.0,13579,100,26.2,17.8,213,0.311,1
0,100,0.495,95,26.3,13580,100,25.9,21.7,210,0.311,1
3,75,0.493,93,20.2,13581,100,26.1,18.0,200,0.311,1
7,100,0.488,92,15.8,13582,100,26.1,16.5,204,0.311,0
0,98,0.484,90,14.8,13583,100,26.2,15.8,206,0.311,0
5,69,0.481,89,13.3,13584,100,26.5,13.0,194,0.311,0
0,100,0.485,91,11.5,13585,100,26.9,14.4,217,0.311,0
0,100,0.482,85,17.3,13586,100,27.4,13.2,209,0.311,0
6,100,0.477,79,23.0,13587,100,28.2,14.6,209,0.311,0
5,70,0.472,77,27.7,13588,21,28.5,17.8,220,0.311,0
20,19,0.465,74,40.0,13589,93,29.6,16.2,227,0.311,0
32,92,0.457,72,40.3,13590,98,30.5,14.6,226,0.311,0
60,43,0.458,78,45.0,13591,100,28.2,23.5,211,0.311,1
11,100,0.472,86,45.4,13592,100,26.9,24.4,219,0.311,1
9,72,0.476,84,33.5,13593,100,27.4,15.5,216,0.311,1
6,94,0.476,86,25.6,13594,100,27.6,16.6,197,0.311,1
8,38,0.474,84,25.6,13595,100,27.6,17.4,196,0.311,0
6,100,0.472,84,22.0,13596,100,27.4,18.7,200,0.311,0
0,100,0.476,89,23.8,13597,100,27.0,24.0,206,0.312,0
0,100,0.474,84,28.1,13598,100,27.0,26.3,220,0.312,0
0,100,0.471,83,27.4,13599,100,26.6,21.7,222,0.312,0
4,100,0.47,86,22.0,13600,100,26.2,15.2,226,0.312,0
0,97,0.468,88,13.7,13601,100,26.1,15.6,214,0.312,0
2,100,0.467,89,15.1,13602,100,26.3,16.3,217,0.312,0
3,5,0.466,89,16.2,13603,100,26.3,16.4,218,0.312,0
0,100,0.471,91,14.8,13604,100,26.0,14.4,216,0.312,1
2,13,0.48,95,13.0,13605,100,25.6,15.2,209,0.312,1
1,100,0.484,95,11.2,13606,100,25.7,14.4,214,0.312,1
1,100,0.482,93,11.5,13607,100,26.0,15.3,201,0.312,0
3,100,0.48,91,16.2,13608,100,26.4,18.1,207,0.312,0
0,43,0.473,85,18.4,13609,100,26.4,16.8,218,0.312,0
0,45,0.47,83,19.8,13610,100,27.2,15.2,203,0.312,0
2,35,0.466,79,24.8,13611,100,28.2,15.2,210,0.312,0
18,69,0.463,76,30.2,13612,100,29.0,18.6,218,0.312,0
9,100,0.459,77,47.9,13613,100,29.4,19.0,213,0.312,1
27,98,0.46,77,45.4,13614,100,29.0,19.3,217,0.312,1
16,100,0.455,74,42.1,13615,100,29.6,22.1,225,0.312,0
9,89,0.452,81,34.9,13616,100,28.4,19.2,207,0.312,0
8,78,0.45,82,31.3,13617,100,28.3,21.2,216,0.312,0
1,40,0.452,85,30.6,13618,100,27.8,19.2,214,0.313,1
0,100,0.452,88,23.8,13619,100,27.1,16.4,212,0.313,1
0,58,0.456,88,18.0,13620,100,26.9,18.4,215,0.313,1
26,89,0.462,93,9.7,13621,100,27.1,12.6,218,0.313,0
11,59,0.472,90,24.5,13622,100,26.5,9.8,198,0.313,1
1,100,0.472,90,7.2,13623,100,26.8,13.9,236,0.313,0
16,100,0.471,91,16.6,13624,100,26.8,19.2,260,0.313,0
5,71,0.47,89,22.0,13625,100,26.1,22.6,253,0.313,0
1,7,0.468,87,23.4,13626,100,25.8,22.1,247,0.313,0
3,4,0.467,87,21.6,13627,100,25.5,20.3,246,0.313,0
0,21,0.465,89,19.4,13628,100,25.5,16.9,234,0.313,0
0,5,0.466,91,16.6,13629,100,25.6,16.3,224,0.313,1
0,11,0.466,91,13.3,13630,100,25.7,16.7,220,0.313,1
0,4,0.467,90,18.0,13631,100,25.9,19.8,212,0.313,1
0,8,0.468,89,24.8,13632,100,26.2,24.0,220,0.313,1
4,100,0.475,89,24.5,13633,100,26.5,20.0,229,0.313,1
1,100,0.48,91,21.6,13634,100,26.7,15.3,230,0.313,1
0,99,0.487,93,15.8,13635,100,26.6,14.9,228,0.313,1
7,61,0.492,88,22.7,13636,100,27.4,18.4,217,0.313,1
19,17,0.49,88,24.5,13637,100,27.1,19.3,216,0.313,1
15,7,0.486,82,25.9,13638,100,27.9,18.6,218,0.313,0
11,5,0.482,77,31.7,13639,100,28.7,18.3,217,0.313,1
19,7,0.478,76,30.2,13640,100,29.0,19.8,230,0.313,0
2,3,0.476,75,41.8,13641,100,29.4,20.7,239,0.313,1
0,0,0.475,77,27.7,13642,100,28.9,23.2,241,0.313,1
0,2,0.476,80,28.8,13643,100,28.0,24.3,235,0.313,1
2,8,0.477,83,26.6,13644,100,27.3,22.5,236,0.313,1
5,38,0.488,91,11.9,13645,100,27.0,12.9,233,0.314,1
19,53,0.488,95,15.5,13646,100,26.5,17.6,234,0.314,1
16,100,0.489,94,20.9,13647,100,26.5,18.1,227,0.314,1
13,22,0.487,91,18.4,13648,100,26.3,20.7,214,0.314,0
7,3,0.485,89,25.2,13649,100,26.5,25.0,207,0.314,0
4,23,0.484,87,27.0,13650,100,26.6,25.8,210,0.314,0
1,29,0.485,86,31.0,13651,100,26.5,27.5,219,0.314,1
2,26,0.483,86,31.0,13652,100,26.4,26.8,218,0.314,0
10,26,0.483,86,32.0,13653,100,26.5,27.9,208,0.314,1
4,18,0.483,88,31.7,13654,100,26.5,26.2,206,0.314,1
9,16,0.481,86,31.3,13655,100,26.6,27.8,211,0.314,0
5,25,0.479,84,31.7,13656,100,26.9,27.2,212,0.314,0
1,0,0.492,91,11.9,13657,100,27.0,12.3,203,0.314,1
12,4,0.492,87,29.9,13658,100,28.0,14.4,195,0.314,1
13,20,0.492,81,37.1,13659,100,28.3,19.1,201,0.315,1
18,10,0.492,76,43.9,13660,100,28.4,22.7,211,0.315,1
8,3,0.489,80,45.7,13661,100,28.5,20.4,215,0.315,1
12,6,0.485,77,49.3,13662,100,29.3,19.7,219,0.315,1
14,8,0.48,76,49.0,13663,100,29.4,19.6,226,0.315,0
12,23,0.477,78,42.8,13664,100,29.0,19.1,223,0.315,0
8,10,0.473,71,44.6,13665,100,30.0,21.5,225,0.315,0
13,14,0.469,75,44.3,13666,100,29.4,19.3,222,0.315,0
14,15,0.466,76,28.1,13667,99,28.9,23.8,215,0.315,0
26,26,0.465,81,29.2,13668,100,28.0,24.0,208,0.315,0
5,6,0.48,87,15.5,13669,100,27.5,17.6,209,0.315,0
4,10,0.478,87,15.8,13670,100,27.4,18.7,216,0.315,0
5,42,0.477,86,17.6,13671,100,27.4,19.9,210,0.315,0
1,33,0.475,83,20.9,13672,100,27.5,21.8,203,0.316,0
3,16,0.474,83,21.2,13673,100,27.5,21.2,206,0.316,0
1,46,0.472,83,21.6,13674,100,27.3,21.3,205,0.316,0
3,19,0.471,83,25.9,13675,100,27.3,23.5,206,0.316,0
4,13,0.47,83,25.2,13676,100,27.1,22.6,207,0.316,0
3,26,0.468,83,24.1,13677,100,27.1,23.1,206,0.316,0
12,30,0.467,83,25.2,13678,100,27.2,23.1,207,0.316,0
9,18,0.466,84,24.5,13679,100,27.2,21.5,204,0.316,0
2,12,0.465,84,24.1,13680,100,27.5,22.4,202,0.316,0
2,11,0.461,80,24.1,13681,100,28.4,20.5,193,0.316,0
7,11,0.459,79,25.6,13682,24,28.6,15.8,187,0.316,0
14,14,0.456,73,38.2,13683,100,30.0,18.4,202,0.316,1
16,6,0.451,72,34.6,13684,100,30.1,21.7,207,0.316,0
11,11,0.448,76,35.3,13685,100,29.4,19.0,211,0.317,0
10,6,0.444,74,29.9,13686,100,29.8,19.9,215,0.317,0
9,12,0.44,69,29.5,13687,100,30.7,18.6,227,0.317,0
3,39,0.436,65,27.4,13688,100,31.2,18.7,225,0.317,0
2,10,0.432,69,26.6,13689,100,30.9,15.8,224,0.317,0
3,11,0.43,72,20.9,13690,100,30.5,15.1,225,0.317,0
1,6,0.428,76,18.7,13691,100,29.9,15.8,220,0.317,0
2,8,0.427,80,16.9,13692,100,28.8,18.0,206,0.317,0
3,18,0.411,77,16.2,13693,100,29.0,19.8,216,0.317,0
0,5,0.411,78,19.8,13694,100,28.5,22.0,226,0.317,0
0,8,0.411,81,19.8,13695,100,28.1,21.7,220,0.317,0
0,8,0.411,82,19.8,13696,100,28.0,21.1,220,0.317,0
0,17,0.41,82,19.4,13697,100,27.6,21.0,218,0.317,0
1,17,0.41,82,20.5,13698,100,27.4,20.0,215,0.317,0
1,3,0.41,84,18.7,13699,97,27.0,18.4,215,0.317,0
0,7,0.41,86,16.9,13700,100,26.6,18.9,216,0.318,0
1,3,0.41,85,18.7,13701,100,26.8,19.4,220,0.318,0
1,4,0.41,84,17.6,13702,99,26.7,18.2,219,0.318,0
2,6,0.41,85,15.8,13703,99,26.6,18.2,216,0.318,0
1,7,0.41,83,17.6,13704,100,27.3,18.1,217,0.318,0
2,19,0.408,76,18.0,13705,99,29.4,12.4,208,0.318,0
2,14,0.404,71,23.8,13706,100,30.1,14.0,213,0.318,0
16,11,0.4,69,31.3,13707,97,30.7,17.5,231,0.318,0
20,39,0.393,66,30.2,13708,100,31.5,17.2,243,0.318,0
12,18,0.387,63,32.8,13709,100,31.8,20.2,245,0.318,0
9,23,0.381,63,33.8,13710,100,32.0,19.5,233,0.318,0
15,20,0.378,73,31.0,13711,96,30.5,16.2,184,0.318,0
9,17,0.373,72,29.2,13712,85,30.9,16.3,169,0.318,0
9,11,0.369,76,29.2,13713,97,30.8,15.2,173,0.318,0
12,8,0.367,78,25.9,13714,96,30.2,12.3,170,0.318,0
2,4,0.366,81,18.4,13715,100,30.0,7.8,130,0.318,0
2,5,0.366,88,10.8,13716,98,29.2,2.7,323,0.318,0
0,28,0.357,79,11.2,13717,100,28.8,15.5,239,0.318,0
1,98,0.357,75,14.4,13718,100,28.9,19.4,245,0.318,0
1,4,0.356,71,25.2,13719,100,28.5,24.8,244,0.318,0
1,5,0.356,74,24.5,13720,99,27.9,20.5,249,0.318,0
2,4,0.355,78,16.6,13721,100,27.2,17.3,247,0.318,0
3,1,0.355,82,13.0,13722,100,26.7,14.6,254,0.318,0
1,11,0.356,83,9.7,13723,100,26.6,14.0,248,0.319,0
0,17,0.356,84,11.5,13724,98,26.5,15.1,242,0.319,0
1,2,0.356,86,10.1,13725,100,26.2,12.9,237,0.319,0
1,5,0.356,86,7.9,13726,100,26.4,13.1,236,0.319,0
0,6,0.357,87,12.6,13727,87,26.2,15.9,242,0.319,0
1,4,0.357,86,12.6,13728,100,27.0,13.4,242,0.319,0
3,18,0.359,80,14.0,13729,100,29.3,11.5,224,0.319,0
9,2,0.358,72,24.8,13730,100,30.0,15.5,219,0.319,0
12,4,0.353,69,29.2,13731,100,30.8,17.5,222,0.319,0
15,10,0.348,66,33.8,13732,100,31.2,20.6,234,0.319,0
9,22,0.344,70,37.4,13733,100,30.8,17.8,224,0.319,0
19,10,0.339,67,39.6,13734,99,31.4,19.9,221,0.319,0
15,29,0.334,66,41.4,13735,99,31.7,19.0,228,0.319,0
10,22,0.33,66,40.3,13736,99,31.4,16.5,221,0.319,0
13,47,0.327,70,35.3,13737,100,31.0,9.4,215,0.319,0
6,15,0.326,75,15.5,13738,100,30.3,7.9,215,0.319,0
3,15,0.326,75,11.2,13739,100,30.0,13.2,244,0.319,0
1,60,0.327,74,20.2,13740,100,29.0,20.1,254,0.319,0
3,34,0.371,78,18.7,13741,100,28.6,20.2,266,0.319,0
0,100,0.371,78,29.9,13742,100,27.6,23.4,249,0.319,1
0,65,0.378,79,22.7,13743,100,27.5,19.9,252,0.319,1
0,3,0.385,84,17.3,13744,100,26.8,18.4,244,0.319,1
0,14,0.391,88,16.2,13745,100,26.1,18.8,242,0.319,1
0,1,0.396,90,17.6,13746,100,25.9,20.6,238,0.319,1
0,0,0.4,91,22.3,13747,100,25.9,22.5,235,0.319,1
0,7,0.405,92,21.2,13748,100,25.9,16.4,227,0.319,1
0,14,0.407,93,14.0,13749,100,26.0,16.3,228,0.319,0
0,2,0.407,94,13.0,13750,100,25.9,15.0,226,0.319,0
5,1,0.407,93,11.5,13751,100,26.0,14.4,217,0.319,0
7,0,0.407,91,14.0,13752,100,26.5,15.6,211,0.319,0
1,99,0.39,85,16.2,13753,100,28.1,15.8,201,0.319,0
14,100,0.39,79,25.9,13754,100,28.9,12.5,203,0.319,1
24,99,0.398,82,24.8,13755,100,28.5,13.5,203,0.319,1
23,58,0.399,76,23.0,13756,100,29.4,13.1,212,0.319,1
18,32,0.397,78,22.7,13757,100,29.2,13.7,224,0.319,0
15,100,0.393,75,24.8,13758,100,29.8,14.5,222,0.319,0
19,100,0.391,78,25.2,13759,100,29.2,16.1,219,0.319,0
10,100,0.388,78,30.2,13760,100,29.4,14.8,219,0.319,0
14,98,0.391,80,30.2,13761,100,28.9,12.7,213,0.319,1
10,16,0.39,81,18.4,13762,100,28.8,11.6,204,0.319,0
23,38,0.389,83,17.3,13763,100,28.5,13.9,203,0.319,0
12,6,0.39,87,16.9,13764,100,27.8,15.5,200,0.319,0
12,100,0.396,86,10.8,13765,100,28.0,14.0,237,0.319,0
2,100,0.395,87,14.0,13766,100,27.8,15.6,217,0.319,0
0,99,0.395,88,15.8,13767,100,27.8,17.3,201,0.319,0
1,100,0.394,88,15.5,13768,100,27.8,16.3,211,0.319,0
5,90,0.394,88,16.2,13769,100,27.6,16.6,223,0.319,0
16,85,0.394,87,16.2,13770,100,27.5,17.7,235,0.319,0
11,4,0.393,87,18.0,13771,93,27.2,18.5,236,0.319,0
9,0,0.393,87,18.4,13772,100,27.0,17.7,228,0.319,0
12,11,0.392,86,16.9,13773,100,26.9,18.0,221,0.319,0
4,10,0.392,85,19.1,13774,100,27.0,19.3,219,0.319,0
8,21,0.391,85,19.1,13775,100,27.0,19.3,215,0.319,0
1,36,0.39,84,19.8,13776,100,27.4,18.7,215,0.319,0
1,15,0.43,80,23.0,13777,99,28.9,15.6,203,0.319,0
16,60,0.437,76,31.3,13778,97,29.3,15.4,223,0.319,1
36,89,0.52,82,32.4,13779,99,28.0,16.2,243,0.319,1
34,48,0.481,87,32.4,13780,100,27.5,9.7,211,0.319,0
12,58,0.476,87,18.4,13781,100,27.2,11.7,232,0.319,0
1,8,0.478,83,24.1,13782,100,28.8,14.6,198,0.319,1
30,12,0.474,80,36.7,13783,100,28.7,19.4,191,0.319,1
5,10,0.468,80,37.1,13784,100,29.5,16.8,195,0.319,0
34,25,0.464,79,40.0,13785,100,29.9,20.4,194,0.319,1
25,48,0.461,78,36.4,13786,100,29.4,16.1,215,0.319,1
0,36,0.459,83,22.7,13787,100,28.6,14.1,212,0.319,0
1,0,0.456,82,18.4,13788,100,28.2,19.5,218,0.319,0
4,47,0.465,85,21.6,13789,100,28.4,16.2,210,0.319,0
0,100,0.463,87,13.3,13790,100,28.4,14.7,216,0.319,0
0,100,0.461,88,13.0,13791,100,28.2,15.5,227,0.319,0
3,5,0.458,86,17.6,13792,100,27.9,17.9,231,0.319,0
2,100,0.465,88,19.4,13793,100,27.3,20.8,226,0.319,1
7,42,0.463,88,19.8,13794,100,27.2,19.9,229,0.319,0
2,5,0.462,88,21.2,13795,100,27.0,17.1,228,0.319,0
9,21,0.46,89,14.4,13796,100,26.8,16.8,223,0.319,0
13,14,0.458,88,16.2,13797,100,27.0,18.4,217,0.319,0
1,6,0.456,86,17.3,13798,100,27.1,18.8,214,0.319,0
15,14,0.454,86,18.0,13799,100,27.1,18.0,215,0.319,0
3,7,0.452,86,16.2,13800,100,27.4,16.0,206,0.319,0
84,100,0.444,80,24.5,13801,79,28.9,18.9,189,0.319,0
26,26,0.448,79,28.4,13802,47,29.2,15.3,196,0.319,1
62,30,0.444,77,36.0,13803,100,30.0,18.8,208,0.319,0
4,35,0.466,77,37.4,13804,99,30.2,15.9,203,0.319,1
63,16,0.459,74,38.2,13805,100,30.6,16.6,214,0.319,0
62,49,0.473,75,43.2,13806,100,30.0,22.9,235,0.319,1
32,12,0.472,80,33.5,13807,100,29.2,13.5,214,0.319,1
68,34,0.469,76,42.8,13808,100,29.4,27.3,200,0.319,1
2,63,0.468,86,44.3,13809,100,27.9,16.9,194,0.319,1
1,55,0.464,84,25.9,13810,100,28.4,16.6,197,0.319,0
10,51,0.461,84,23.0,13811,100,28.6,17.8,191,0.319,0
1,2,0.458,84,22.7,13812,99,28.5,16.6,231,0.319,0
7,16,0.452,78,15.1,13813,100,29.0,17.6,247,0.319,0
5,12,0.449,76,20.5,13814,100,28.7,22.3,256,0.319,0
2,15,0.447,77,21.6,13815,100,28.0,21.1,261,0.319,0
3,10,0.448,80,19.8,13816,100,27.5,19.0,257,0.319,1
3,99,0.446,81,17.3,13817,99,27.1,19.8,251,0.319,0
2,100,0.445,80,17.3,13818,91,27.2,19.1,238,0.319,0
1,100,0.443,81,17.3,13819,100,27.3,18.0,236,0.319,0
0,97,0.442,84,15.5,13820,100,27.0,15.9,231,0.319,0
4,20,0.441,86,11.9,13821,100,26.9,15.0,225,0.319,0
5,66,0.44,88,11.2,13822,79,26.8,15.1,211,0.319,0
4,21,0.439,86,15.5,13823,99,27.1,18.5,211,0.319,0
3,30,0.437,84,19.1,13824,100,27.8,19.0,206,0.319,0
4,100,0.434,80,15.1,13825,90,28.6,17.4,207,0.319,0
9,100,0.432,78,22.0,13826,86,29.0,18.2,201,0.319,0
9,100,0.43,77,23.4,13827,89,29.3,14.8,194,0.319,0
9,100,0.427,72,26.6,13828,85,30.1,17.8,227,0.319,0
13,99,0.424,69,33.8,13829,82,30.1,19.4,239,0.319,0
17,93,0.418,65,33.1,13830,92,31.6,20.4,244,0.319,0
10,97,0.412,63,32.8,13831,80,32.0,18.8,247,0.319,0
9,26,0.407,64,29.9,13832,95,31.4,15.2,231,0.319,0
29,86,0.413,81,31.0,13833,100,28.5,13.9,259,0.319,1
1,20,0.413,81,22.3,13834,99,27.8,2.4,103,0.319,1
0,25,0.411,83,10.4,13835,100,27.9,8.3,158,0.319,0
10,9,0.41,86,10.1,13836,100,27.6,8.4,173,0.319,0
16,100,0.487,96,22.0,13837,100,25.5,12.6,242,0.319,1
6,9,0.508,93,13.0,13838,100,26.0,10.5,218,0.319,1
1,5,0.495,95,6.1,13839,97,26.0,6.1,238,0.319,0
0,14,0.487,92,8.6,13840,92,26.2,13.9,219,0.319,0
1,1,0.482,91,16.9,13841,85,26.6,19.9,236,0.319,0
0,2,0.478,89,19.4,13842,100,26.1,20.4,252,0.319,0
1,2,0.474,89,18.4,13843,100,25.6,19.9,261,0.319,0
0,1,0.471,88,17.3,13844,100,25.5,19.0,255,0.319,0
0,2,0.468,87,15.5,13845,100,25.8,18.0,243,0.319,0
1,12,0.465,87,14.8,13846,100,25.9,16.0,232,0.319,0
4,6,0.463,88,11.9,13847,98,25.9,14.8,223,0.319,0
4,2,0.461,86,11.2,13848,100,26.9,14.1,215,0.319,0
14,10,0.433,79,14.8,13849,100,29.1,13.3,210,0.319,0
12,12,0.432,73,24.8,13850,100,30.0,15.5,218,0.319,1
13,6,0.427,70,27.4,13851,99,30.5,16.1,220,0.319,0
21,12,0.421,68,30.2,13852,100,30.9,18.1,226,0.319,0
15,13,0.416,66,31.3,13853,99,31.6,16.6,233,0.319,1
19,20,0.41,68,32.4,13854,97,31.6,14.1,212,0.319,1
19,28,0.404,69,34.2,13855,93,31.9,12.8,199,0.319,0
38,34,0.398,71,29.9,13856,85,31.2,17.3,172,0.319,0
1,14,0.393,70,32.0,13857,86,31.5,9.9,207,0.319,0
5,8,0.388,70,19.8,13858,91,31.5,10.1,175,0.319,0
7,14,0.386,70,16.6,13859,95,31.5,14.8,243,0.319,0
1,12,0.384,65,29.2,13860,98,30.4,27.1,247,0.319,0
4,6,0.441,77,16.2,13861,91,29.0,21.5,230,0.319,0
0,15,0.439,73,22.7,13862,92,28.5,21.7,253,0.319,0
1,16,0.437,76,19.1,13863,98,27.8,18.6,255,0.319,0
0,8,0.435,79,15.5,13864,97,27.3,18.0,251,0.319,0
0,3,0.434,81,14.8,13865,98,26.8,16.9,250,0.319,0
0,0,0.433,83,13.0,13866,99,26.4,15.2,249,0.319,0
0,0,0.432,84,11.5,13867,98,26.2,16.0,243,0.319,0
0,0,0.431,84,13.3,13868,99,26.1,17.5,241,0.319,0
0,0,0.43,84,14.4,13869,35,26.2,18.0,242,0.319,0
0,0,0.429,85,14.0,13870,100,26.0,16.6,248,0.319,0
0,5,0.428,86,12.2,13871,98,25.9,16.2,255,0.319,0
0,0,0.427,84,13.7,13872,62,26.5,16.1,256,0.319,0
0,0,0.425,76,20.2,13873,99,28.9,15.0,238,0.319,0
0,2,0.421,71,24.8,13874,71,30.1,15.1,247,0.319,0
0,1,0.414,67,25.2,13875,64,31.0,12.3,240,0.319,0
16,5,0.407,64,32.0,13876,13,31.9,13.6,253,0.319,0
9,4,0.398,63,32.8,13877,76,32.3,10.7,234,0.319,0
14,9,0.391,64,23.8,13878,96,32.5,11.1,202,0.319,1
49,26,0.385,66,32.4,13879,100,32.3,12.1,183,0.319,0
14,32,0.379,69,25.2,13880,91,31.6,13.7,166,0.319,0
6,50,0.373,67,25.9,13881,98,31.8,13.9,181,0.319,0
9,17,0.368,68,24.5,13882,17,31.1,16.1,174,0.319,0
1,39,0.365,79,30.2,13883,7,29.4,22.0,176,0.319,0
6,14,0.364,85,29.5,13884,93,28.8,19.3,182,0.319,0
1,4,0.363,84,24.5,13885,100,29.2,24.4,188,0.319,0
0,3,0.362,86,26.6,13886,100,29.0,23.5,191,0.319,0
6,4,0.362,89,24.1,13887,99,29.0,19.3,207,0.319,0
0,8,0.361,82,20.5,13888,100,28.8,20.8,250,0.319,0
0,2,0.36,73,22.0,13889,98,27.9,22.4,259,0.319,0
0,1,0.359,72,19.4,13890,93,27.2,22.9,257,0.319,0
0,1,0.358,75,19.4,13891,99,26.9,20.5,248,0.319,0
0,5,0.358,77,16.9,13892,98,26.6,21.3,249,0.319,0
0,5,0.357,79,18.4,13893,98,26.5,20.6,244,0.319,0
0,0,0.356,83,16.6,13894,99,26.1,14.9,242,0.319,0
0,0,0.356,84,9.0,13895,99,26.0,11.0,235,0.319,0
0,0,0.356,80,7.6,13896,100,27.5,9.6,217,0.319,0
0,0,0.355,75,9.0,13897,96,29.5,6.4,205,0.319,0
0,0,0.351,68,15.8,13898,100,30.8,7.7,210,0.319,0
0,0,0.346,64,17.6,13899,100,31.7,7.6,227,0.319,0
0,0,0.339,61,17.6,13900,100,32.6,6.9,208,0.319,0
2,9,0.331,62,20.2,13901,100,32.9,8.2,195,0.319,0
3,11,0.322,64,24.5,13902,100,32.7,11.4,185,0.319,0
0,21,0.315,64,27.4,13903,89,32.5,13.6,175,0.319,0
1,16,0.308,62,27.4,13904,93,32.2,13.8,173,0.319,0
0,4,0.302,61,27.7,13905,91,32.0,15.7,178,0.319,0
4,9,0.297,63,27.0,13906,98,31.5,16.8,176,0.319,0
0,6,0.294,72,27.4,13907,98,30.4,19.8,177,0.319,0
3,6,0.293,81,28.8,13908,96,29.3,23.5,189,0.319,0
2,27,0.296,85,21.2,13909,56,29.5,21.2,190,0.319,0
13,16,0.3,82,28.1,13910,29,29.4,24.7,207,0.319,1
2,9,0.3,82,27.4,13911,35,28.8,21.6,204,0.319,0
2,12,0.299,85,23.0,13912,27,28.3,15.3,219,0.319,0
6,18,0.299,86,12.2,13913,93,27.9,13.4,220,0.319,0
4,8,0.299,85,11.5,13914,96,27.8,15.4,221,0.319,0
0,7,0.299,87,11.5,13915,99,27.4,13.5,237,0.319,0
0,4,0.299,88,9.0,13916,100,27.0,13.6,255,0.319,0
0,2,0.299,86,9.0,13917,100,26.6,14.0,263,0.319,0
0,1,0.299,87,9.0,13918,100,26.2,12.1,255,0.319,0
0,3,0.299,87,7.6,13919,100,26.1,11.4,242,0.319,0
1,10,0.299,83,10.1,13920,100,27.1,12.4,234,0.319,0
0,0,0.291,78,10.8,13921,100,29.2,6.7,262,0.319,0
0,0,0.288,68,15.8,13922,100,30.9,7.6,243,0.319,0
0,0,0.283,60,21.2,13923,100,32.2,11.0,236,0.319,0
1,1,0.276,58,24.5,13924,100,33.0,11.5,231,0.319,0
3,3,0.269,57,26.6,13925,100,33.5,11.9,221,0.319,0
3,7,0.262,57,30.2,13926,100,33.7,13.0,194,0.319,0
7,14,0.255,55,30.6,13927,100,33.7,13.0,182,0.319,0
1,7,0.249,59,32.0,13928,100,32.9,18.1,175,0.319,0
0,5,0.244,62,32.8,13929,100,32.4,15.9,183,0.319,0
0,2,0.241,64,32.8,13930,100,31.4,21.1,182,0.319,0
0,0,0.238,73,31.3,13931,100,30.5,21.1,188,0.319,0
0,1,0.237,80,29.9,13932,100,29.4,22.1,187,0.319,0
0,1,0.243,82,14.8,13933,100,29.6,15.7,189,0.319,0
0,0,0.242,87,19.4,13934,100,29.1,14.9,191,0.319,0
0,0,0.243,88,13.7,13935,100,28.9,13.5,209,0.319,0
0,0,0.243,87,11.5,13936,21,28.6,14.3,208,0.319,0
8,0,0.243,88,11.2,13937,100,28.4,13.2,226,0.319,0
5,0,0.243,88,10.8,13938,96,28.1,14.4,240,0.319,0
0,0,0.243,83,14.8,13939,83,27.7,17.3,258,0.319,0
0,0,0.243,82,14.8,13940,98,27.0,14.9,268,0.319,0
0,1,0.243,83,10.4,13941,90,26.6,12.4,269,0.319,0
0,1,0.243,85,8.6,13942,3,26.4,13.0,264,0.319,0
0,1,0.243,87,8.6,13943,1,26.0,11.8,262,0.319,0
0,1,0.243,84,7.9,13944,100,26.9,11.2,270,0.319,0
0,1,0.243,76,9.0,13945,100,29.0,4.7,274,0.319,0
0,1,0.24,66,15.1,13946,100,30.9,7.1,255,0.319,0
0,0,0.236,59,18.7,13947,100,32.0,8.8,244,0.319,0
0,1,0.231,55,20.5,13948,100,33.2,8.8,237,0.319,0
0,2,0.225,54,20.2,13949,100,33.7,7.9,215,0.319,0
6,10,0.219,54,21.2,13950,100,33.8,8.5,198,0.319,0
8,9,0.213,56,21.2,13951,100,33.8,8.2,190,0.319,0
5,8,0.208,54,23.4,13952,99,34.2,7.9,191,0.319,0
8,9,0.204,58,24.8,13953,96,33.2,12.7,173,0.319,0
5,11,0.201,60,27.7,13954,72,32.2,16.7,179,0.319,0
3,6,0.199,67,29.2,13955,96,31.0,19.3,188,0.319,0
1,10,0.198,75,28.4,13956,9,29.9,20.8,184,0.319,0
1,17,0.206,77,15.5,13957,71,29.9,17.5,179,0.319,0
4,5,0.206,82,17.6,13958,100,29.9,17.7,199,0.319,0
5,2,0.206,87,20.9,13959,81,29.6,19.3,194,0.319,0
4,2,0.206,87,20.9,13960,79,29.4,15.1,207,0.319,0
3,5,0.207,88,13.3,13961,60,29.0,12.4,234,0.319,0
0,6,0.207,87,8.6,13962,53,28.6,12.3,245,0.319,0
0,4,0.207,86,8.6,13963,100,28.2,12.0,246,0.319,0
0,2,0.207,85,9.7,13964,100,27.7,13.2,253,0.319,0
2,1,0.208,84,10.8,13965,100,27.2,13.3,261,0.319,0
1,0,0.208,86,10.4,13966,100,26.8,11.6,263,0.319,0
1,0,0.208,87,7.6,13967,100,26.5,11.2,260,0.319,0
0,0,0.208,83,9.7,13968,98,27.3,11.6,262,0.319,0
0,0,0.209,76,10.8,13969,81,29.5,4.5,299,0.319,0
0,1,0.207,69,15.1,13970,61,31.0,5.7,279,0.319,0
7,5,0.204,62,20.9,13971,100,32.3,6.9,279,0.319,0
8,5,0.2,56,21.2,13972,100,33.5,8.5,252,0.319,0
8,7,0.195,53,24.8,13973,100,34.5,10.8,227,0.319,0
22,27,0.195,56,29.9,13974,100,33.4,14.9,202,0.319,1
6,28,0.194,56,30.2,13975,100,33.5,12.0,196,0.319,1
1,22,0.19,55,28.8,13976,100,33.3,15.2,175,0.319,0
0,16,0.187,52,29.9,13977,100,33.5,14.4,181,0.319,0
17,7,0.185,59,25.9,13978,99,32.3,11.9,212,0.319,0
14,7,0.184,65,23.0,13979,71,31.5,12.7,209,0.319,0
0,1,0.183,71,19.8,13980,100,30.5,12.6,185,0.319,0
2,4,0.18,72,23.0,13981,100,30.4,14.7,191,0.319,0
3,7,0.18,77,17.3,13982,100,30.0,14.7,199,0.319,0
6,3,0.181,83,16.9,13983,100,29.8,15.4,191,0.319,0
0,1,0.181,84,17.6,13984,100,29.6,16.5,191,0.319,0
3,9,0.183,85,20.5,13985,100,28.9,15.8,201,0.319,0
10,4,0.184,86,15.8,13986,100,28.9,12.6,223,0.319,0
0,3,0.184,83,16.9,13987,100,28.3,16.8,265,0.319,0
0,2,0.184,77,19.4,13988,100,27.5,18.5,270,0.319,0
0,1,0.184,78,17.6,13989,100,27.0,16.6,270,0.319,0
0,1,0.185,80,13.7,13990,100,26.9,14.8,271,0.319,0
0,2,0.185,83,11.9,13991,100,26.5,11.7,266,0.319,0
0,0,0.185,80,9.0,13992,100,27.3,7.7,252,0.319,0
0,1,0.183,71,15.1,13993,100,29.1,8.4,260,0.319,0
0,0,0.182,65,17.6,13994,100,30.7,7.8,248,0.319,0
0,0,0.18,58,22.3,13995,100,32.3,8.4,217,0.319,0
1,2,0.177,53,23.8,13996,100,33.5,8.1,201,0.319,0
7,4,0.174,54,25.2,13997,100,33.9,9.3,195,0.319,0
6,5,0.171,55,26.6,13998,100,33.9,10.3,179,0.319,0
12,15,0.171,50,30.6,13999,100,34.0,13.7,171,0.319,1
47,38,0.214,72,32.8,14000,100,29.7,17.4,226,0.319,1
14,16,0.225,75,28.8,14001,100,29.6,15.9,250,0.319,1
3,4,0.223,74,27.7,14002,100,29.8,10.0,203,0.319,0
2,4,0.221,75,18.7,14003,100,29.5,9.8,197,0.319,0
1,8,0.221,78,15.8,14004,100,29.0,9.5,190,0.319,0
58,28,0.193,78,21.2,14005,100,28.5,14.3,242,0.319,1
1,8,0.221,90,23.0,14006,100,26.0,5.8,231,0.319,1
1,1,0.221,90,7.6,14007,100,26.1,2.8,153,0.319,0
0,2,0.222,91,6.5,14008,100,26.1,2.7,113,0.319,0
0,0,0.222,92,8.3,14009,100,26.1,5.3,114,0.319,0
1,7,0.223,93,7.2,14010,100,26.1,6.5,150,0.319,0
1,6,0.223,93,11.9,14011,100,26.4,12.5,145,0.319,0
0,1,0.224,93,11.9,14012,100,26.6,11.6,150,0.319,0
1,1,0.224,92,8.3,14013,100,26.7,11.3,162,0.319,0
8,3,0.224,90,6.1,14014,100,26.9,10.2,193,0.319,0
11,2,0.226,90,3.2,14015,100,26.8,8.8,215,0.319,0
13,4,0.226,87,8.3,14016,100,27.5,8.2,237,0.319,0
12,3,0.188,71,12.6,14017,100,30.2,6.2,170,0.319,0
14,4,0.187,67,24.1,14018,100,30.8,13.4,184,0.319,0
13,7,0.185,64,27.0,14019,100,31.5,13.9,179,0.319,0
17,7,0.183,62,30.6,14020,100,32.2,15.7,175,0.319,0
5,7,0.18,61,33.5,14021,100,32.4,17.6,167,0.319,0
6,10,0.178,61,37.4,14022,100,32.2,21.0,171,0.319,0
9,10,0.182,62,40.0,14023,100,32.0,22.4,176,0.319,1
6,3,0.181,67,39.2,14024,100,31.0,20.7,180,0.319,0
5,2,0.18,68,35.3,14025,100,30.6,17.4,194,0.319,0
16,3,0.179,70,31.3,14026,100,30.1,20.0,199,0.319,0
37,15,0.179,78,34.9,14027,100,28.1,18.5,205,0.319,0
8,8,0.179,78,27.4,14028,100,28.2,14.3,198,0.319,0
17,6,0.228,82,10.4,14029,100,28.2,8.3,274,0.319,0
6,9,0.228,89,7.6,14030,100,27.9,3.9,167,0.319,0
9,2,0.228,88,3.2,14031,100,28.0,7.5,172,0.319,0
36,8,0.23,88,6.5,14032,100,27.9,10.3,192,0.319,1
4,19,0.237,85,10.8,14033,100,27.8,12.5,168,0.319,1
3,14,0.237,87,12.2,14034,100,27.5,12.7,157,0.319,0
0,6,0.237,91,10.4,14035,100,27.0,9.1,165,0.319,0
0,4,0.237,91,5.4,14036,100,27.1,7.4,179,0.319,0
2,8,0.237,92,5.4,14037,99,26.8,8.6,234,0.319,0
0,9,0.237,94,8.6,14038,99,26.4,11.2,264,0.319,0
0,14,0.238,95,8.6,14039,83,25.8,10.1,280,0.319,0
0,13,0.238,92,7.6,14040,86,26.4,6.9,265,0.319,0
0,87,0.227,84,12.2,14041,100,28.0,5.9,322,0.319,0
0,98,0.225,76,11.9,14042,100,29.2,4.1,315,0.319,0
0,100,0.223,70,10.8,14043,100,30.2,3.2,273,0.319,0
0,100,0.221,67,11.2,14044,100,30.4,4.2,263,0.319,0
0,86,0.219,66,10.8,14045,100,30.6,3.1,239,0.319,0
2,79,0.216,64,11.9,14046,100,31.3,3.8,175,0.319,0
7,83,0.213,64,13.3,14047,99,31.5,4.4,161,0.319,0
5,94,0.21,64,15.5,14048,99,31.5,5.6,147,0.319,0
11,12,0.206,65,20.2,14049,95,31.5,9.3,140,0.319,0
8,13,0.204,65,20.2,14050,100,31.0,10.2,159,0.319,0
3,22,0.203,70,19.4,14051,100,29.9,14.2,181,0.319,0
35,37,0.236,82,33.1,14052,100,27.2,28.4,240,0.319,1
22,37,0.183,75,19.4,14053,100,29.0,17.8,243,0.319,0
0,33,0.183,79,20.2,14054,100,28.0,13.4,246,0.319,0
0,0,0.182,82,15.1,14055,100,27.6,13.5,251,0.319,0
0,30,0.182,85,13.7,14056,100,27.4,11.6,244,0.319,0
0,20,0.182,87,10.1,14057,100,27.2,11.1,257,0.319,0
0,28,0.182,89,9.4,14058,100,26.9,9.3,255,0.319,0
0,100,0.182,89,7.2,14059,100,26.6,9.4,250,0.319,0
0,100,0.182,89,7.9,14060,100,26.5,10.7,254,0.319,0
0,96,0.182,87,5.0,14061,99,26.5,9.8,250,0.319,0
1,2,0.182,85,7.9,14062,82,26.5,10.5,263,0.319,0
0,37,0.182,88,7.6,14063,88,25.9,10.1,270,0.319,0
0,50,0.182,85,7.2,14064,70,26.6,8.6,268,0.319,0
0,92,0.178,74,11.5,14065,99,29.3,5.0,289,0.319,0
0,7,0.177,66,19.1,14066,100,30.5,9.4,283,0.319,0
12,3,0.175,58,25.6,14067,99,32.1,10.0,278,0.319,0
9,16,0.173,55,26.3,14068,98,33.0,8.8,282,0.319,0
7,8,0.17,53,27.0,14069,100,33.3,9.6,282,0.319,0
10,4,0.168,51,29.5,14070,100,34.2,12.8,264,0.319,0
40,31,0.226,67,42.8,14071,98,30.5,25.6,242,0.319,1
6,1,0.224,71,42.8,14072,100,30.2,7.7,233,0.319,0
4,8,0.222,74,20.5,14073,99,29.8,11.9,222,0.319,0
3,1,0.22,75,20.5,14074,100,29.9,10.9,213,0.319,0
2,9,0.219,76,19.1,14075,100,29.5,9.8,212,0.319,0
1,4,0.218,80,14.4,14076,100,29.0,8.7,194,0.319,0
0,13,0.182,73,17.3,14077,100,29.5,13.3,228,0.318,0
0,6,0.181,75,13.0,14078,100,29.1,13.6,231,0.318,0
0,1,0.181,77,11.9,14079,100,28.9,14.2,235,0.318,0
0,7,0.18,77,15.5,14080,100,28.6,16.4,241,0.318,0
0,20,0.18,77,16.6,14081,100,28.2,17.1,251,0.318,0
0,34,0.18,77,16.2,14082,99,27.7,16.6,252,0.318,0
0,85,0.179,78,15.8,14083,81,27.3,15.9,255,0.318,0
0,10,0.179,78,15.5,14084,75,27.0,16.8,265,0.318,0
0,12,0.179,79,15.8,14085,90,26.5,16.4,271,0.318,0
0,98,0.178,81,14.4,14086,100,26.2,15.7,266,0.318,0
0,1,0.178,82,16.2,14087,94,26.0,17.1,269,0.318,0
0,6,0.178,81,17.3,14088,99,26.6,18.6,274,0.318,0
0,100,0.179,72,14.8,14089,100,28.6,12.8,274,0.318,0
0,89,0.178,69,22.7,14090,96,29.5,15.2,275,0.318,0
0,0,0.176,64,31.3,14091,100,30.8,18.9,284,0.318,0
3,11,0.174,57,37.4,14092,100,32.9,18.4,284,0.318,0
8,38,0.171,54,43.9,14093,100,33.0,22.8,290,0.318,0
1,20,0.169,50,42.1,14094,99,34.0,20.5,288,0.318,0
0,8,0.167,51,41.4,14095,97,34.0,19.7,285,0.318,0
4,11,0.17,53,43.6,14096,99,33.6,16.9,268,0.318,1
17,14,0.172,59,40.3,14097,100,32.2,17.5,251,0.318,1
3,4,0.17,56,31.0,14098,99,33.0,13.9,256,0.318,0
1,20,0.174,62,34.6,14099,100,31.3,14.9,262,0.318,1
6,20,0.174,67,22.3,14100,100,30.4,10.8,269,0.318,0
2,69,0.225,68,23.4,14101,100,29.6,21.2,258,0.318,0
1,100,0.224,69,19.4,14102,100,29.2,18.5,257,0.318,0
0,100,0.223,73,16.6,14103,100,28.9,17.2,265,0.318,0
0,100,0.223,75,13.3,14104,100,28.5,15.9,282,0.318,0
0,100,0.222,73,16.9,14105,100,28.1,18.3,281,0.318,0
0,32,0.221,73,17.3,14106,100,27.6,18.8,279,0.318,0
0,2,0.22,75,17.6,14107,99,27.0,18.9,278,0.318,0
0,33,0.22,77,17.3,14108,99,26.5,18.0,282,0.318,0
0,100,0.219,79,15.8,14109,100,26.3,15.9,288,0.318,0
0,100,0.219,79,13.3,14110,100,26.4,15.9,284,0.318,0
0,100,0.218,79,17.3,14111,100,26.3,18.4,273,0.318,0
1,100,0.217,79,18.0,14112,100,26.4,17.6,269,0.318,0
1,98,0.218,75,15.1,14113,100,27.6,15.3,262,0.318,0
0,98,0.216,66,15.8,14114,90,29.1,8.0,236,0.318,0
2,89,0.213,63,19.4,14115,100,30.1,10.1,224,0.318,0
22,66,0.211,64,28.4,14116,100,30.3,13.0,243,0.318,0
30,33,0.272,77,30.6,14117,94,28.0,16.7,245,0.318,1
12,3,0.3,76,30.2,14118,98,28.9,9.6,221,0.318,1
2,52,0.299,74,31.3,14119,98,29.3,12.8,260,0.318,1
6,6,0.299,72,30.2,14120,99,29.5,16.2,243,0.318,1
9,5,0.297,73,32.8,14121,100,29.5,15.7,239,0.318,0
16,22,0.296,74,32.8,14122,100,29.2,16.8,227,0.318,1
1,24,0.299,78,31.0,14123,98,28.5,13.6,236,0.318,1
9,27,0.298,81,15.1,14124,93,28.0,14.0,217,0.318,0
4,35,0.318,85,9.0,14125,100,28.0,9.2,235,0.318,0
2,34,0.318,87,6.5,14126,99,27.6,10.3,205,0.318,0
2,43,0.318,87,6.8,14127,96,27.5,11.2,225,0.318,0
1,52,0.322,85,9.4,14128,100,27.1,12.5,259,0.318,1
0,73,0.325,87,11.2,14129,100,26.5,11.7,293,0.318,1
3,44,0.325,90,8.3,14130,100,26.1,8.2,308,0.318,0
1,48,0.325,93,6.8,14131,100,25.6,8.6,285,0.318,0
3,11,0.325,92,5.4,14132,100,25.6,4.0,238,0.318,0
1,39,0.325,90,7.6,14133,100,25.7,9.3,207,0.318,0
2,56,0.325,88,7.6,14134,96,25.4,9.9,218,0.318,0
2,100,0.325,86,8.6,14135,100,25.5,11.6,252,0.318,0
3,58,0.324,86,8.6,14136,99,25.9,9.2,263,0.318,0
4,6,0.317,78,9.4,14137,100,28.3,4.6,201,0.318,0
12,10,0.314,69,20.9,14138,99,29.8,9.8,198,0.318,0
9,5,0.309,65,24.1,14139,89,30.7,12.2,200,0.318,0
13,9,0.303,62,27.4,14140,93,31.2,13.8,193,0.318,0
13,5,0.296,61,29.5,14141,97,31.6,15.3,192,0.318,0
9,6,0.288,60,30.6,14142,96,32.0,15.5,189,0.318,0
6,9,0.281,60,33.8,14143,93,31.5,18.6,186,0.318,0
38,35,0.281,58,34.6,14144,55,31.6,19.4,209,0.318,1
45,32,0.28,67,33.5,14145,50,30.3,17.6,229,0.318,1
5,22,0.277,72,29.5,14146,51,29.6,10.6,219,0.318,0
2,9,0.275,73,18.7,14147,31,29.4,13.0,202,0.318,0
0,3,0.274,79,19.4,14148,69,28.2,15.0,220,0.318,0
10,15,0.255,80,19.1,14149,93,28.5,16.8,170,0.318,0
4,23,0.255,82,22.0,14150,91,28.1,18.0,184,0.318,0
0,96,0.254,84,19.8,14151,98,27.9,16.7,180,0.318,0
1,97,0.254,82,16.9,14152,99,28.2,14.0,179,0.318,0
20,71,0.254,84,10.4,14153,96,27.9,10.9,239,0.318,0
0,33,0.254,87,10.4,14154,100,27.2,12.0,262,0.318,0
2,9,0.255,87,12.6,14155,99,26.6,14.6,273,0.318,0
1,79,0.254,83,16.6,14156,97,26.0,17.3,268,0.318,0
0,19,0.254,84,15.1,14157,57,25.6,15.4,265,0.318,0
0,5,0.254,86,12.6,14158,50,25.3,12.0,257,0.318,0
0,6,0.254,88,7.2,14159,51,25.1,8.3,272,0.318,0
1,16,0.254,84,8.6,14160,58,25.9,10.6,260,0.318,0
21,26,0.251,77,16.9,14161,100,28.1,10.2,228,0.318,0
6,2,0.249,71,18.4,14162,100,29.3,8.0,211,0.318,0
7,16,0.246,66,19.4,14163,100,30.3,7.4,231,0.318,0
11,13,0.241,62,20.9,14164,100,31.4,8.7,233,0.318,0
12,12,0.236,60,24.5,14165,100,31.9,12.0,219,0.318,0
24,19,0.23,62,28.1,14166,100,31.5,14.0,209,0.318,0
44,22,0.242,67,29.2,14167,100,30.3,14.8,201,0.318,1
24,18,0.24,66,29.2,14168,100,30.9,15.2,211,0.318,1
8,10,0.237,70,28.8,14169,100,30.2,11.7,233,0.318,0
0,10,0.242,74,28.1,14170,100,29.2,10.2,233,0.318,1
0,1,0.241,77,16.6,14171,100,28.9,9.4,212,0.318,0
0,1,0.24,82,14.4,14172,100,28.2,10.4,201,0.318,0
0,0,0.268,80,7.2,14173,100,29.0,10.3,215,0.318,0
0,11,0.267,80,10.4,14174,100,28.5,14.4,244,0.318,0
0,17,0.266,75,18.4,14175,100,27.9,19.4,263,0.318,0
0,6,0.265,73,18.7,14176,100,27.1,19.9,263,0.318,0
0,11,0.265,74,17.3,14177,100,26.6,19.9,258,0.318,0
0,7,0.264,76,16.6,14178,99,26.1,16.9,255,0.318,0
0,2,0.263,79,13.0,14179,100,25.8,14.4,260,0.318,0
0,2,0.263,82,10.8,14180,100,25.3,13.3,261,0.318,0
3,9,0.262,83,8.6,14181,9,25.1,12.7,254,0.318,0
7,24,0.262,83,9.7,14182,88,25.0,14.4,248,0.318,0
0,0,0.262,85,9.4,14183,85,24.9,12.9,264,0.318,0
0,7,0.262,82,7.2,14184,3,25.6,9.6,278,0.318,0
0,11,0.26,73,17.6,14185,89,28.0,10.9,250,0.318,0
2,35,0.257,69,24.8,14186,100,29.2,14.2,254,0.318,0
2,9,0.253,66,30.2,14187,89,30.3,14.1,257,0.318,0
14,19,0.247,61,32.4,14188,87,31.5,15.9,275,0.318,0
19,20,0.241,59,32.4,14189,100,32.2,16.7,284,0.318,0
7,10,0.235,57,32.4,14190,100,33.0,15.5,293,0.318,0
4,5,0.229,56,30.2,14191,100,33.4,14.5,285,0.318,0
7,3,0.223,54,28.8,14192,100,33.6,14.1,273,0.317,0
0,40,0.226,65,32.4,14193,100,30.8,15.9,250,0.317,1
4,39,0.224,70,25.2,14194,100,30.3,10.8,252,0.317,0
2,18,0.222,71,17.3,14195,100,30.1,8.4,254,0.317,0
7,19,0.222,77,11.2,14196,100,29.4,8.7,236,0.317,0
13,17,0.242,82,20.5,14197,100,28.0,15.8,256,0.317,1
9,19,0.242,84,15.5,14198,100,27.5,14.4,246,0.317,0
3,12,0.242,81,19.1,14199,100,27.5,20.8,251,0.317,0
0,0,0.241,81,20.9,14200,100,26.9,17.7,261,0.317,0
0,4,0.24,83,16.9,14201,100,26.3,16.3,265,0.317,0
0,1,0.24,83,15.8,14202,84,26.0,16.2,267,0.317,0
0,48,0.239,84,14.8,14203,100,25.8,13.9,271,0.317,0
0,94,0.239,84,16.2,14204,100,25.8,16.9,272,0.317,0
1,0,0.238,85,18.4,14205,98,25.5,18.0,274,0.317,0
0,7,0.238,87,18.4,14206,100,25.0,16.6,283,0.317,0
3,23,0.238,87,18.0,14207,100,24.9,18.7,283,0.317,0
0,16,0.237,85,18.0,14208,100,25.5,14.2,279,0.317,0
3,6,0.228,73,16.2,14209,100,28.1,9.7,267,0.317,0
0,6,0.225,67,21.6,14210,100,29.5,11.2,275,0.317,0
3,1,0.221,63,25.6,14211,100,30.6,12.0,263,0.317,0
10,8,0.217,60,25.9,14212,100,31.4,11.4,266,0.317,0
16,83,0.212,59,25.2,14213,100,31.9,10.2,279,0.317,0
20,5,0.208,57,24.5,14214,100,32.5,9.7,282,0.317,0
17,1,0.204,58,23.0,14215,100,32.0,6.8,230,0.317,0
45,68,0.204,62,28.4,14216,100,30.9,14.8,207,0.317,1
14,30,0.204,66,30.6,14217,100,30.6,19.1,201,0.317,1
42,100,0.211,79,47.2,14218,100,27.7,23.5,238,0.317,1
1,44,0.226,85,34.2,14219,100,26.9,12.9,223,0.317,1
7,99,0.242,95,12.6,14220,100,26.1,4.6,283,0.317,1
3,100,0.206,90,10.4,14221,100,27.5,13.1,223,0.317,1
7,100,0.212,93,14.0,14222,100,27.1,15.7,228,0.317,1
5,72,0.217,92,18.4,14223,100,26.9,18.3,225,0.317,1
0,100,0.218,91,18.4,14224,100,26.7,15.9,239,0.317,0
0,18,0.218,89,15.5,14225,100,26.5,13.2,244,0.317,0
0,100,0.218,90,12.2,14226,100,26.1,10.3,232,0.317,0
3,100,0.22,90,7.2,14227,100,26.1,10.5,205,0.317,1
6,100,0.224,91,11.9,14228,100,26.0,12.7,215,0.317,1
7,100,0.228,92,12.6,14229,100,25.9,13.5,213,0.317,1
23,100,0.229,94,13.3,14230,100,25.5,12.9,224,0.317,0
24,100,0.229,92,11.9,14231,100,25.5,10.7,239,0.317,0
10,100,0.229,91,10.4,14232,100,25.6,11.2,246,0.317,0
15,91,0.413,87,13.7,14233,100,26.6,9.6,176,0.317,0
1,100,0.412,82,19.4,14234,100,27.4,8.3,182,0.317,0
14,97,0.411,79,20.9,14235,100,28.0,9.3,205,0.317,1
10,100,0.408,74,19.1,14236,100,28.6,9.9,218,0.317,0
13,100,0.403,71,25.9,14237,100,29.1,12.1,223,0.317,0
21,66,0.399,72,28.8,14238,96,28.7,14.1,214,0.317,0
22,77,0.395,72,29.9,14239,100,28.8,15.4,223,0.317,0
7,54,0.405,75,29.5,14240,100,28.2,14.1,222,0.317,1
5,43,0.404,77,25.6,14241,100,28.0,11.6,213,0.317,1
9,24,0.404,79,16.9,14242,100,27.8,11.0,203,0.317,1
8,70,0.409,85,25.2,14243,100,26.6,21.0,205,0.317,1
3,100,0.411,89,23.4,14244,100,26.0,17.7,203,0.317,1
13,98,0.456,89,7.6,14245,100,26.1,5.3,190,0.317,1
16,89,0.462,89,8.3,14246,100,26.0,10.0,198,0.317,1
3,100,0.464,93,11.5,14247,100,25.6,12.9,188,0.317,1
7,100,0.464,91,10.4,14248,100,25.9,12.4,190,0.317,1
3,100,0.461,89,10.4,14249,100,25.9,14.3,242,0.317,0
0,100,0.463,92,15.5,14250,100,24.5,17.8,249,0.317,1
0,100,0.466,90,21.2,14251,100,24.4,22.3,244,0.317,1
0,100,0.465,91,20.5,14252,100,24.5,14.2,240,0.317,1
5,100,0.468,92,10.1,14253,100,24.6,9.0,226,0.317,1
0,100,0.469,94,9.4,14254,97,24.8,13.2,226,0.317,1
3,100,0.466,91,7.6,14255,100,25.2,11.6,222,0.317,0
0,100,0.462,92,11.2,14256,100,25.5,14.0,224,0.317,0
0,100,0.477,85,15.5,14257,100,25.8,5.0,224,0.317,1
0,93,0.472,89,8.6,14258,95,25.4,7.0,198,0.317,0
25,100,0.467,82,11.5,14259,79,27.1,5.0,178,0.317,0
11,100,0.462,77,14.8,14260,82,27.5,7.9,207,0.317,0
28,100,0.456,73,17.3,14261,88,28.3,8.5,224,0.317,0
21,100,0.45,72,17.3,14262,95,28.5,8.7,225,0.317,0
19,100,0.444,71,21.2,14263,100,28.9,12.0,229,0.317,0
16,100,0.438,70,27.4,14264,48,28.8,11.2,228,0.317,0
17,100,0.434,72,19.1,14265,64,28.5,10.4,214,0.317,0
14,100,0.431,73,16.9,14266,98,28.6,7.2,198,0.317,0
5,79,0.428,78,12.6,14267,100,27.9,9.5,169,0.317,0
0,81,0.426,81,11.5,14268,100,27.1,11.4,168,0.317,0
0,22,0.436,87,2.5,14269,100,27.0,1.5,263,0.317,0
0,80,0.434,89,2.2,14270,100,26.5,4.1,225,0.317,0
0,100,0.433,86,5.4,14271,100,26.7,7.8,232,0.317,0
0,42,0.431,79,11.2,14272,100,27.0,15.6,241,0.317,0
0,30,0.43,78,18.0,14273,100,26.5,20.6,234,0.317,0
0,74,0.428,77,18.7,14274,100,26.1,21.4,236,0.317,0
0,100,0.426,78,18.7,14275,100,25.9,18.2,235,0.317,0
0,100,0.425,78,15.8,14276,100,25.5,18.4,246,0.317,0
0,97,0.423,78,15.1,14277,100,25.1,16.0,247,0.317,0
0,4,0.422,79,11.2,14278,100,25.0,14.1,251,0.317,0
4,4,0.421,82,9.0,14279,100,24.5,12.0,257,0.317,0
0,23,0.419,78,6.8,14280,100,25.5,8.2,251,0.317,0
0,9,0.418,76,9.4,14281,100,27.5,6.3,239,0.317,0
0,15,0.415,72,13.0,14282,100,28.2,7.3,247,0.317,0
0,0,0.409,67,18.7,14283,100,29.6,9.5,241,0.317,0
0,0,0.402,65,19.8,14284,99,30.5,8.6,237,0.317,0
7,10,0.394,65,27.7,14285,78,31.4,7.0,224,0.317,0
18,27,0.385,66,29.9,14286,100,31.5,8.9,223,0.317,0
65,38,0.391,68,29.2,14287,97,30.5,10.6,219,0.317,1
1,84,0.392,78,28.8,14288,99,28.3,14.0,206,0.317,1
4,61,0.391,78,25.9,14289,99,28.5,15.7,229,0.317,1
2,98,0.392,86,25.6,14290,100,26.6,10.3,251,0.317,1
0,6,0.41,91,14.8,14291,100,26.4,5.5,207,0.317,1
0,100,0.42,94,8.6,14292,100,26.2,10.6,182,0.317,1
0,100,0.447,95,11.9,14293,100,25.7,13.1,203,0.317,1
0,96,0.446,92,11.9,14294,100,25.9,11.5,191,0.317,0
0,100,0.445,90,9.0,14295,100,26.1,13.8,208,0.317,0
0,100,0.443,90,17.3,14296,100,26.1,19.2,222,0.317,0
0,33,0.442,90,18.0,14297,100,26.2,19.3,219,0.317,0
0,11,0.44,86,20.2,14298,100,26.1,20.9,236,0.317,0
0,22,0.438,87,20.2,14299,100,25.6,17.2,232,0.317,0
1,21,0.437,87,14.0,14300,100,25.8,16.7,223,0.317,0
0,40,0.435,87,13.0,14301,100,25.8,14.7,231,0.317,0
0,26,0.434,88,10.4,14302,100,25.7,14.4,233,0.317,0
0,48,0.433,88,10.4,14303,100,25.6,13.9,249,0.317,0
0,52,0.432,87,10.8,14304,99,26.2,11.3,248,0.317,0
0,44,0.438,83,14.0,14305,100,27.1,7.8,202,0.317,1
0,44,0.439,81,18.7,14306,100,27.5,8.3,224,0.317,1
2,100,0.434,73,16.9,14307,100,29.1,7.8,230,0.317,0
12,100,0.429,71,22.0,14308,100,29.5,7.9,243,0.317,0
20,100,0.426,73,22.3,14309,100,29.2,7.3,220,0.317,0
31,74,0.422,73,26.6,14310,100,29.9,6.8,183,0.317,1
29,47,0.45,77,29.9,14311,69,28.4,15.3,227,0.317,1
4,6,0.453,79,29.9,14312,100,28.5,10.7,279,0.317,1
5,2,0.45,79,21.2,14313,90,28.7,11.4,281,0.317,1
1,18,0.449,80,24.8,14314,95,28.4,9.9,303,0.317,1
0,11,0.446,82,17.6,14315,92,28.0,3.3,306,0.317,0
0,4,0.444,87,5.8,14316,67,27.5,0.2,270,0.317,0
0,6,0.404,89,4.7,14317,94,27.6,5.8,189,0.317,0
0,1,0.404,89,4.0,14318,85,27.5,5.1,207,0.317,0
0,0,0.403,89,1.4,14319,93,27.2,6.1,210,0.317,0
0,15,0.403,90,6.1,14320,97,27.0,9.3,216,0.317,0
1,10,0.402,89,8.3,14321,56,26.9,11.6,227,0.317,0
0,1,0.402,88,11.2,14322,64,26.4,13.0,250,0.317,0
1,2,0.401,89,12.6,14323,94,25.6,14.4,274,0.317,0
0,3,0.401,91,11.9,14324,67,25.1,13.2,290,0.317,0
1,4,0.4,91,8.3,14325,77,25.0,12.8,292,0.317,0
0,1,0.4,92,8.3,14326,100,24.9,11.5,287,0.317,0
1,9,0.399,93,7.2,14327,93,24.6,9.6,278,0.317,0
0,3,0.399,90,8.6,14328,73,25.4,9.9,274,0.317,0
0,4,0.392,80,9.7,14329,98,27.5,6.3,265,0.317,0
0,7,0.388,69,13.7,14330,98,29.4,5.8,272,0.317,0
0,0,0.382,64,17.6,14331,100,30.6,8.0,276,0.317,0
1,0,0.374,62,18.4,14332,100,31.6,7.2,266,0.317,0
10,7,0.365,61,18.4,14333,100,32.3,6.3,233,0.317,0
16,9,0.357,63,21.2,14334,100,32.2,8.0,207,0.317,0
38,17,0.354,70,23.4,14335,100,30.1,10.1,207,0.317,1
5,1,0.348,66,22.0,14336,100,31.2,9.6,188,0.317,0
1,0,0.342,66,25.2,14337,98,30.9,13.9,197,0.317,0
6,16,0.337,68,27.4,14338,98,30.1,17.0,207,0.317,0
20,4,0.334,74,26.6,14339,100,29.3,12.7,225,0.317,0
18,12,0.333,81,19.8,14340,100,27.8,16.0,258,0.317,0
9,17,0.318,79,10.4,14341,100,28.8,14.2,232,0.317,0
0,63,0.32,85,10.8,14342,100,28.4,13.8,278,0.317,0
5,30,0.319,88,14.4,14343,100,27.6,14.8,283,0.317,0
4,39,0.319,88,31.0,14344,100,25.6,24.0,297,0.317,0
0,25,0.318,88,29.9,14345,100,25.4,14.7,295,0.317,0
8,3,0.318,87,11.5,14346,100,25.8,16.0,294,0.317,0
0,3,0.317,84,13.3,14347,100,26.1,17.1,294,0.317,0
1,1,0.317,85,13.3,14348,100,26.0,16.2,287,0.317,0
3,1,0.317,87,10.8,14349,99,25.7,13.9,280,0.317,0
3,0,0.317,89,8.6,14350,100,25.4,13.3,279,0.317,0
4,0,0.316,90,7.9,14351,100,25.1,12.8,273,0.317,0
2,0,0.316,90,11.2,14352,100,25.8,15.4,281,0.317,0
0,9,0.3,78,15.1,14353,100,28.1,9.4,275,0.317,0
0,1,0.297,71,19.4,14354,100,29.5,10.3,282,0.317,0
0,2,0.292,64,19.8,14355,100,31.0,9.1,278,0.317,0
4,1,0.285,61,19.8,14356,100,32.2,5.2,276,0.317,0
15,9,0.278,57,15.1,14357,100,32.9,2.3,238,0.317,0
8,11,0.273,60,19.8,14358,100,32.5,8.0,198,0.317,0
2,14,0.27,68,22.7,14359,100,30.5,8.3,182,0.317,1
15,6,0.269,65,24.5,14360,100,31.0,12.2,179,0.317,1
1,11,0.265,70,26.6,14361,100,30.1,16.2,183,0.317,0
31,15,0.281,69,33.8,14362,100,29.6,23.3,197,0.317,1
49,45,0.355,87,32.4,14363,100,26.8,20.9,205,0.317,1
12,10,0.356,86,24.1,14364,100,27.2,16.9,196,0.317,0
7,21,0.33,87,28.4,14365,100,27.7,18.8,202,0.317,1
6,27,0.33,87,20.5,14366,100,27.8,20.1,173,0.317,0
68,14,0.366,86,22.0,14367,100,26.6,12.8,199,0.317,1
7,18,0.4,95,14.0,14368,100,25.1,10.3,125,0.317,1
8,9,0.399,96,12.6,14369,100,25.0,7.9,106,0.317,0
6,1,0.401,97,8.6,14370,100,24.8,3.1,100,0.317,1
0,17,0.405,99,8.6,14371,100,24.9,5.7,101,0.317,1
13,14,0.406,98,11.2,14372,100,24.9,9.0,120,0.317,0
7,35,0.406,98,7.9,14373,99,24.8,6.6,131,0.317,0
7,33,0.405,98,10.4,14374,100,24.6,6.9,105,0.317,0
16,100,0.405,98,9.0,14375,100,24.6,8.2,131,0.317,0
16,36,0.404,96,9.7,14376,100,25.2,8.0,153,0.317,0
0,97,0.332,90,12.2,14377,100,26.2,8.5,234,0.317,0
0,100,0.331,86,12.6,14378,100,26.5,6.1,258,0.317,0
3,100,0.328,74,17.6,14379,99,28.8,8.5,235,0.317,0
4,16,0.325,72,22.3,14380,100,29.0,12.0,240,0.317,0
16,40,0.32,71,24.1,14381,100,30.0,10.4,224,0.317,0
72,97,0.348,78,28.1,14382,100,27.4,13.6,185,0.317,1
18,60,0.362,84,25.6,14383,100,27.0,12.6,182,0.317,1
12,10,0.362,78,31.0,14384,100,28.1,19.3,196,0.317,1
47,51,0.365,80,34.6,14385,100,27.8,19.7,184,0.317,1
66,70,0.364,83,31.0,14386,100,27.2,16.1,196,0.317,1
77,56,0.406,89,24.5,14387,100,26.1,6.3,243,0.317,1
28,80,0.508,95,16.6,14388,100,24.8,10.8,216,0.317,1
7,100,0.38,91,12.6,14389,100,26.5,12.6,181,0.317,1
29,100,0.383,93,9.7,14390,100,26.1,10.0,200,0.317,1
7,99,0.386,95,9.7,14391,100,25.8,10.5,204,0.317,1
5,100,0.405,95,10.1,14392,100,25.6,9.5,170,0.317,1
6,100,0.41,95,8.3,14393,100,25.6,9.8,194,0.317,1
30,100,0.443,93,15.5,14394,100,25.6,3.2,227,0.317,1
5,100,0.453,95,7.9,14395,100,25.4,2.8,165,0.317,1
2,100,0.455,96,4.3,14396,100,25.2,1.8,323,0.317,1
6,100,0.453,98,5.4,14397,100,25.1,1.0,315,0.317,0
3,67,0.454,95,5.4,14398,100,25.1,6.9,185,0.317,1
1,45,0.452,95,6.8,14399,100,25.0,5.2,176,0.317,0
6,100,0.449,92,5.0,14400,100,25.5,2.2,194,0.317,0
4,98,0.479,88,8.3,14401,100,26.6,6.4,202,0.317,0
2,60,0.472,83,15.5,14402,100,27.8,5.8,189,0.317,0
5,13,0.464,72,24.1,14403,100,29.4,10.5,211,0.317,0
22,8,0.454,68,27.0,14404,82,30.2,11.7,221,0.317,0
100,12,0.445,66,26.6,14405,100,30.9,11.1,223,0.317,0
100,11,0.436,65,25.6,14406,100,31.0,10.2,228,0.316,0
2,97,0.483,86,31.7,14407,100,26.5,10.1,245,0.316,1
1,30,0.477,85,18.0,14408,100,27.3,6.0,233,0.316,1
5,100,0.47,79,24.5,14409,100,28.8,10.7,245,0.316,0
49,73,0.513,86,33.8,14410,100,25.8,23.8,243,0.316,1
0,4,0.503,94,28.8,14411,100,25.2,12.1,238,0.316,1
1,35,0.495,96,10.4,14412,100,25.4,15.3,243,0.316,1
0,51,0.422,83,15.5,14413,98,27.0,10.0,262,0.316,0
1,38,0.421,86,7.9,14414,100,26.8,7.1,263,0.316,0
8,55,0.421,86,8.6,14415,93,26.4,11.3,271,0.316,0
2,73,0.42,88,9.4,14416,100,26.0,11.6,285,0.316,0
1,30,0.419,91,11.2,14417,100,25.6,13.8,290,0.316,0
0,100,0.418,90,13.0,14418,100,25.4,15.5,283,0.316,0
3,10,0.417,88,15.8,14419,100,25.4,17.0,280,0.316,0
0,8,0.416,88,15.8,14420,100,25.1,17.1,271,0.316,0
4,13,0.415,90,16.2,14421,100,24.8,15.5,275,0.316,0
0,19,0.414,91,13.3,14422,100,24.5,11.9,280,0.316,0
1,42,0.413,92,7.2,14423,100,24.4,8.2,260,0.316,0
3,44,0.412,88,6.8,14424,94,25.2,7.2,245,0.316,0
0,100,0.426,83,11.5,14425,99,26.4,14.8,271,0.316,0
0,100,0.423,80,13.3,14426,100,27.0,9.7,272,0.316,0
0,23,0.419,73,15.8,14427,100,28.4,8.5,266,0.316,0
0,93,0.413,68,20.2,14428,2,29.9,9.7,272,0.316,0
2,15,0.405,65,26.3,14429,53,30.6,12.1,266,0.316,0
16,22,0.397,66,28.4,14430,53,30.5,11.1,282,0.316,0
9,9,0.389,66,25.6,14431,87,31.0,9.4,252,0.316,0
79,22,0.473,77,30.2,14432,100,28.4,17.9,210,0.316,1
1,95,0.5,85,29.9,14433,100,27.0,13.3,237,0.316,1
6,31,0.492,89,20.2,14434,100,26.4,11.3,261,0.316,1
1,42,0.486,89,17.6,14435,100,26.2,6.5,265,0.316,1
0,6,0.481,93,10.1,14436,100,25.8,4.0,273,0.316,1
0,96,0.411,87,12.2,14437,100,27.5,14.1,238,0.316,0
0,5,0.41,87,13.3,14438,100,27.0,14.6,248,0.316,0
0,17,0.409,85,16.9,14439,100,26.5,18.4,259,0.316,0
0,6,0.408,88,16.6,14440,100,26.1,14.1,275,0.316,0
0,9,0.407,91,13.0,14441,100,25.8,14.5,276,0.316,0
0,28,0.406,92,13.0,14442,100,25.8,15.4,284,0.316,0
0,5,0.405,90,17.3,14443,100,25.6,16.9,277,0.316,0
0,18,0.404,91,16.6,14444,100,25.2,14.2,261,0.316,0
2,16,0.403,93,13.7,14445,100,25.0,14.1,251,0.316,0
2,21,0.402,92,11.9,14446,100,24.9,14.4,255,0.316,0
6,33,0.401,91,12.6,14447,100,24.8,14.7,258,0.316,0
9,41,0.4,87,16.9,14448,100,25.5,14.7,256,0.316,0
0,3,0.449,82,15.8,14449,100,27.5,11.9,256,0.316,0
3,1,0.443,76,19.1,14450,100,28.8,10.4,260,0.316,0
5,5,0.436,73,26.3,14451,100,30.0,13.4,276,0.316,0
14,10,0.43,71,28.8,14452,100,30.6,15.0,276,0.316,0
99,12,0.425,71,32.0,14453,100,30.3,16.0,262,0.316,1
1,69,0.5,85,31.0,14454,100,26.5,6.4,254,0.316,1
13,2,0.489,83,13.0,14455,100,27.5,4.8,228,0.316,1
1,10,0.48,79,22.3,14456,100,28.5,11.2,255,0.316,1
7,13,0.472,78,19.8,14457,100,28.8,6.6,237,0.316,0
2,20,0.467,80,15.5,14458,100,28.6,9.1,232,0.316,0
25,22,0.47,81,20.2,14459,100,27.9,10.7,239,0.316,1
0,12,0.467,87,10.1,14460,100,27.1,8.8,239,0.316,0
21,48,0.459,95,15.1,14461,100,26.5,9.6,319,0.316,0
0,22,0.456,98,13.7,14462,100,26.0,9.7,230,0.316,0
5,50,0.453,91,8.3,14463,100,26.5,11.8,254,0.316,0
0,21,0.45,87,18.7,14464,100,26.9,21.4,247,0.316,0
0,69,0.447,82,23.4,14465,100,26.4,22.9,249,0.316,0
4,100,0.444,83,22.3,14466,100,26.0,19.0,251,0.316,0
2,91,0.441,85,16.9,14467,100,25.9,15.1,241,0.316,0
0,100,0.439,86,17.3,14468,100,25.8,19.1,251,0.316,0
0,9,0.436,83,20.9,14469,100,25.8,20.4,244,0.316,0
0,7,0.434,84,20.5,14470,100,25.3,16.9,249,0.316,0
0,6,0.432,86,15.8,14471,100,25.1,17.6,235,0.316,0
0,70,0.43,86,16.9,14472,100,25.8,16.4,231,0.316,0
8,36,0.425,82,14.8,14473,100,27.7,16.3,199,0.316,0
20,100,0.422,70,31.7,14474,100,29.0,17.0,207,0.316,0
12,17,0.42,78,32.0,14475,100,27.6,15.6,195,0.316,1
10,37,0.415,77,38.9,14476,100,29.3,19.0,213,0.316,1
10,8,0.41,73,40.7,14477,100,29.9,18.5,222,0.316,1
82,80,0.492,74,40.0,14478,99,29.2,24.0,214,0.316,1
0,61,0.505,85,38.9,14479,100,27.0,17.2,233,0.316,1
2,30,0.492,88,25.6,14480,100,26.6,13.5,209,0.316,1
10,100,0.481,76,24.5,14481,100,28.4,15.4,227,0.316,0
3,100,0.474,80,28.1,14482,100,27.9,15.7,216,0.316,0
0,72,0.469,84,20.5,14483,100,27.4,13.8,204,0.316,0
1,8,0.465,81,18.7,14484,100,27.2,18.3,232,0.316,0
0,78,0.382,85,24.1,14485,100,26.4,20.6,230,0.316,1
0,51,0.383,87,22.0,14486,100,26.1,13.5,227,0.316,0
0,88,0.382,89,11.2,14487,100,26.0,11.9,219,0.316,0
0,31,0.382,88,9.0,14488,100,26.1,13.0,213,0.316,0
0,43,0.385,87,13.0,14489,100,25.9,14.7,223,0.316,1
0,96,0.394,89,16.9,14490,100,25.5,13.0,214,0.316,1
0,87,0.394,87,7.9,14491,100,25.8,13.7,219,0.316,0
0,90,0.394,88,11.9,14492,100,25.9,15.5,215,0.316,0
0,100,0.394,88,12.6,14493,100,25.8,15.8,207,0.316,0
1,4,0.394,88,11.9,14494,100,25.9,15.4,204,0.316,0
0,10,0.394,90,11.9,14495,100,25.4,13.2,202,0.316,0
0,19,0.393,86,11.9,14496,100,26.5,14.5,216,0.316,0
4,10,0.381,86,17.6,14497,100,27.2,15.2,220,0.316,0
4,9,0.381,77,24.5,14498,100,28.3,12.2,213,0.316,1
3,66,0.377,74,29.5,14499,100,29.1,13.2,212,0.316,0
18,49,0.385,68,31.3,14500,100,29.1,14.8,229,0.316,1
11,36,0.382,72,31.0,14501,100,29.6,12.9,233,0.316,1
59,92,0.378,71,32.8,14502,100,30.0,13.2,246,0.316,0
6,100,0.375,72,37.1,14503,100,29.6,14.7,255,0.316,1
18,100,0.38,68,30.6,14504,100,28.9,17.6,243,0.316,1
0,100,0.384,79,26.3,14505,100,28.0,12.5,238,0.316,1
9,100,0.385,81,18.7,14506,100,27.7,12.2,239,0.316,1
2,100,0.384,84,16.9,14507,100,27.2,9.2,239,0.316,0
3,99,0.384,86,11.2,14508,100,26.8,10.9,209,0.316,0
0,99,0.374,79,11.2,14509,100,27.4,15.9,243,0.316,1
0,7,0.373,80,15.5,14510,100,26.9,16.7,246,0.316,0
0,52,0.372,80,13.3,14511,100,26.4,16.7,254,0.316,0
0,52,0.372,82,13.3,14512,100,26.0,17.2,249,0.316,0
0,1,0.371,81,15.5,14513,100,26.0,19.0,240,0.316,0
0,73,0.371,82,15.5,14514,100,25.6,16.7,248,0.316,0
1,100,0.37,83,12.2,14515,100,25.2,15.0,256,0.316,0
0,100,0.37,84,13.0,14516,100,25.0,15.0,240,0.316,0
0,100,0.369,85,14.0,14517,99,25.1,16.8,244,0.316,0
0,99,0.369,86,13.3,14518,64,25.1,15.3,250,0.316,0
0,100,0.368,87,10.8,14519,23,25.0,13.9,260,0.316,0
0,100,0.368,86,9.7,14520,58,25.5,11.6,258,0.316,0
2,70,0.353,79,8.6,14521,85,28.0,6.9,221,0.316,0
3,29,0.35,69,18.4,14522,79,29.5,9.9,245,0.316,0
11,37,0.345,67,29.5,14523,70,30.3,11.6,257,0.316,0
19,16,0.34,67,29.9,14524,4,30.5,11.5,271,0.316,0
18,52,0.333,65,29.9,14525,20,31.4,11.1,279,0.316,0
18,86,0.327,61,31.0,14526,27,32.0,14.8,273,0.316,0
12,100,0.32,61,36.4,14527,41,31.5,15.6,278,0.316,0
6,80,0.315,62,35.6,14528,41,30.6,17.0,275,0.316,0
19,75,0.31,62,33.1,14529,44,30.4,18.8,264,0.316,0
5,20,0.307,66,28.8,14530,42,30.0,10.4,253,0.316,0
0,19,0.305,71,15.8,14531,32,29.4,11.0,260,0.316,0
0,98,0.304,79,10.4,14532,61,28.0,10.7,253,0.316,0
17,84,0.281,79,9.4,14533,62,27.9,8.1,275,0.316,0
15,27,0.286,82,9.7,14534,76,26.9,5.3,135,0.316,1
5,31,0.286,90,10.1,14535,79,26.1,2.9,184,0.316,0
0,55,0.286,89,6.5,14536,28,26.4,12.4,249,0.316,0
0,100,0.286,83,14.0,14537,33,26.5,18.2,265,0.316,0
0,100,0.285,82,15.1,14538,19,26.4,18.0,268,0.316,0
0,100,0.285,82,16.9,14539,47,26.2,18.9,273,0.316,0
0,35,0.284,83,19.4,14540,100,25.9,20.6,274,0.316,0
0,24,0.284,84,20.2,14541,84,25.5,21.7,275,0.316,0
0,5,0.283,84,20.2,14542,1,25.2,20.5,278,0.316,0
0,9,0.283,86,18.4,14543,0,25.0,19.0,283,0.316,0
0,3,0.283,84,19.4,14544,0,25.5,20.0,287,0.316,0
0,13,0.273,77,19.8,14545,11,28.0,14.7,277,0.316,0
0,5,0.269,69,27.0,14546,70,29.6,16.2,279,0.316,0
2,10,0.264,62,34.2,14547,100,31.0,17.7,283,0.316,0
2,24,0.259,58,34.9,14548,100,31.9,20.5,290,0.316,0
7,25,0.252,55,37.1,14549,16,32.7,21.8,296,0.316,0
3,18,0.248,56,40.0,14550,14,32.9,22.6,302,0.316,1
1,5,0.241,53,39.6,14551,48,33.2,22.3,299,0.316,0
1,3,0.235,52,38.9,14552,96,33.4,19.4,295,0.316,0
12,34,0.23,49,34.6,14553,100,33.2,18.7,290,0.316,0
20,51,0.228,54,31.0,14554,100,31.9,18.9,273,0.316,1
4,40,0.226,62,25.6,14555,100,30.6,18.4,273,0.316,0
2,22,0.224,69,20.5,14556,100,29.4,16.4,283,0.316,0
3,25,0.211,78,6.8,14557,100,28.4,12.4,283,0.316,0
0,23,0.211,71,17.3,14558,100,28.4,21.0,286,0.316,0
0,10,0.21,70,25.2,14559,100,28.1,24.5,280,0.316,0
0,14,0.209,72,25.6,14560,100,27.6,24.0,283,0.316,0
0,25,0.208,74,25.2,14561,100,27.2,22.7,282,0.316,0
0,16,0.207,75,24.1,14562,100,26.9,22.7,283,0.316,0
0,5,0.206,76,24.1,14563,100,26.5,22.2,284,0.316,0
0,3,0.206,78,23.0,14564,59,26.1,22.7,280,0.316,0
0,4,0.205,79,25.9,14565,100,26.0,23.3,274,0.316,0
0,0,0.205,80,24.5,14566,100,25.9,21.1,277,0.316,0
0,4,0.204,81,21.6,14567,100,25.6,19.6,280,0.316,0
0,12,0.204,80,19.4,14568,100,26.0,20.0,278,0.316,0
0,28,0.2,73,24.5,14569,100,28.0,17.9,285,0.316,0
0,0,0.198,67,33.1,14570,100,29.4,21.5,287,0.316,0
0,33,0.195,61,36.7,14571,100,31.1,22.0,292,0.316,0
3,1,0.191,58,38.9,14572,100,32.0,22.3,298,0.316,0
5,5,0.187,55,38.2,14573,100,33.2,18.2,301,0.316,0
9,7,0.182,51,38.2,14574,100,34.1,19.9,296,0.315,0
9,22,0.18,53,38.5,14575,100,33.3,20.9,289,0.315,0
8,10,0.177,54,38.2,14576,100,33.2,19.8,286,0.315,0
21,20,0.179,63,37.1,14577,100,31.6,17.2,295,0.315,1
8,7,0.182,67,30.2,14578,100,30.4,10.1,297,0.315,1
0,4,0.184,70,18.7,14579,100,29.9,12.0,286,0.315,1
0,0,0.184,71,25.6,14580,100,29.2,22.0,285,0.315,0
6,10,0.297,87,16.9,14581,100,27.6,6.7,256,0.315,0
3,31,0.297,87,9.7,14582,100,27.5,11.3,250,0.315,0
3,2,0.296,87,8.6,14583,100,27.5,10.0,257,0.315,0
0,6,0.298,88,10.8,14584,100,27.2,12.7,254,0.315,0
3,56,0.298,90,14.8,14585,100,27.0,16.6,249,0.315,0
0,83,0.297,89,17.6,14586,100,27.0,17.6,252,0.315,0
1,56,0.297,87,18.0,14587,100,26.5,17.6,270,0.315,0
1,86,0.297,87,18.4,14588,100,26.1,16.2,267,0.315,0
9,20,0.296,87,14.8,14589,100,26.0,15.3,252,0.315,0
0,35,0.298,88,15.8,14590,100,25.6,16.5,243,0.315,1
7,100,0.299,89,15.1,14591,100,25.5,13.7,236,0.315,0
4,100,0.3,88,10.8,14592,100,25.6,13.4,234,0.315,0
6,76,0.293,78,15.1,14593,100,28.0,14.3,231,0.315,0
6,24,0.291,76,18.7,14594,99,28.4,11.8,226,0.315,0
10,26,0.288,71,32.8,14595,100,30.4,14.2,218,0.315,0
20,93,0.285,69,34.2,14596,100,30.6,14.7,228,0.315,1
13,89,0.286,73,32.8,14597,100,29.2,14.4,226,0.315,1
17,68,0.291,77,28.1,14598,100,28.5,12.3,260,0.315,1
2,34,0.305,79,20.2,14599,100,28.6,7.7,252,0.315,1
10,6,0.305,74,21.6,14600,100,29.5,9.4,239,0.315,1
6,44,0.304,73,23.8,14601,100,29.6,11.1,240,0.315,1
6,67,0.303,75,19.4,14602,100,29.2,8.8,213,0.315,0
17,86,0.303,79,15.5,14603,100,28.5,12.9,193,0.315,0
7,99,0.302,81,17.6,14604,98,27.8,16.4,189,0.315,0
46,100,0.385,96,27.7,14605,100,24.6,17.9,220,0.315,1
3,96,0.433,96,16.2,14606,100,25.1,15.5,165,0.315,1
0,84,0.444,96,14.8,14607,100,25.4,12.8,118,0.315,1
0,8,0.445,97,13.0,14608,100,25.2,12.8,100,0.315,1
4,28,0.442,97,12.2,14609,100,25.2,12.4,131,0.315,0
6,22,0.44,96,10.4,14610,100,25.5,10.2,126,0.315,0
27,38,0.439,96,12.6,14611,98,25.3,12.4,111,0.315,0
11,8,0.439,97,14.4,14612,98,25.2,9.8,126,0.315,0
8,7,0.437,97,9.4,14613,100,24.8,5.3,142,0.315,0
0,2,0.435,98,5.0,14614,78,24.7,3.8,155,0.315,0
0,5,0.433,99,3.6,14615,98,24.5,2.3,180,0.315,0
0,21,0.432,97,5.4,14616,92,25.5,2.6,192,0.315,0
8,56,0.349,86,10.1,14617,93,27.5,4.8,202,0.315,0
2,29,0.347,80,10.4,14618,98,28.4,4.0,212,0.315,0
4,39,0.343,73,16.6,14619,97,29.8,6.4,225,0.315,0
3,54,0.337,68,17.6,14620,100,30.8,3.5,249,0.315,0
11,99,0.331,68,15.1,14621,95,30.8,5.0,210,0.315,0
53,100,0.352,78,22.3,14622,86,28.5,10.3,207,0.315,1
1,2,0.35,75,19.4,14623,85,29.5,4.0,216,0.315,1
7,8,0.345,70,17.6,14624,68,30.6,5.9,194,0.315,0
10,21,0.343,70,20.9,14625,84,30.1,8.4,171,0.315,1
6,29,0.339,73,20.5,14626,66,29.2,12.3,177,0.315,0
2,100,0.337,77,20.2,14627,100,28.5,13.3,178,0.315,0
3,100,0.336,82,15.8,14628,100,28.0,13.5,178,0.315,0
8,35,0.348,78,19.8,14629,99,28.6,19.9,167,0.315,0
7,59,0.347,81,23.4,14630,100,28.5,22.6,185,0.315,0
25,100,0.351,89,26.6,14631,100,26.6,24.1,239,0.315,1
8,100,0.352,91,25.9,14632,100,26.4,19.1,234,0.315,0
6,91,0.353,91,19.4,14633,100,26.4,16.2,224,0.315,0
4,17,0.354,93,13.7,14634,100,26.1,10.6,210,0.315,1
2,94,0.36,93,5.4,14635,100,26.2,10.3,199,0.315,1
0,100,0.367,95,11.2,14636,100,26.2,13.5,216,0.315,1
0,15,0.377,95,10.1,14637,100,26.0,10.1,230,0.315,1
8,42,0.38,93,4.3,14638,100,26.2,7.7,208,0.315,1
0,15,0.38,92,3.2,14639,100,26.2,7.0,222,0.315,0
0,13,0.38,89,5.8,14640,100,27.0,6.7,214,0.315,0
6,31,0.394,84,9.4,14641,100,27.4,4.0,278,0.315,0
1,49,0.392,79,10.1,14642,100,28.0,3.8,262,0.315,0
6,100,0.389,77,15.8,14643,100,28.6,4.0,265,0.315,0
7,100,0.385,73,17.6,14644,100,29.6,4.9,264,0.315,0
4,93,0.38,69,20.5,14645,100,30.2,6.4,243,0.315,0
14,98,0.375,69,23.8,14646,100,30.6,8.7,256,0.315,0
26,30,0.371,71,25.9,14647,100,30.1,8.4,260,0.315,0
14,3,0.366,70,18.4,14648,100,30.6,7.8,274,0.315,0
18,24,0.363,71,16.6,14649,100,30.1,7.7,234,0.315,0
31,59,0.37,75,20.5,14650,100,28.9,11.2,208,0.315,1
24,17,0.369,82,15.8,14651,100,28.1,5.0,195,0.315,0
6,89,0.368,85,6.5,14652,100,27.9,5.5,161,0.315,0
17,100,0.389,84,11.5,14653,100,28.0,13.9,216,0.315,0
8,100,0.388,84,16.9,14654,100,27.6,16.9,236,0.315,0
0,100,0.388,87,15.5,14655,100,27.1,15.4,235,0.315,0
1,100,0.388,88,14.4,14656,100,27.1,16.4,231,0.315,0
24,94,0.393,90,14.0,14657,100,26.6,12.4,239,0.315,1
0,39,0.394,87,9.7,14658,100,26.8,13.6,241,0.315,1
4,100,0.397,89,9.4,14659,100,26.5,9.4,209,0.315,1
0,3,0.398,88,6.8,14660,100,26.5,10.8,198,0.315,1
0,27,0.398,89,9.4,14661,100,26.4,11.9,207,0.315,0
0,26,0.397,89,9.4,14662,100,26.2,13.1,227,0.315,0
0,4,0.397,89,10.1,14663,100,26.1,13.2,231,0.315,0
0,37,0.396,88,11.9,14664,100,26.5,13.0,233,0.315,0
5,95,0.399,82,10.1,14665,100,27.2,6.2,240,0.315,0
100,55,0.4,74,24.5,14666,100,28.0,14.9,248,0.315,1
28,61,0.409,84,25.2,14667,20,26.8,11.1,231,0.315,1
1,91,0.404,77,18.7,14668,1,29.0,7.0,226,0.315,0
0,100,0.398,75,22.7,14669,2,29.5,11.3,223,0.315,0
5,26,0.392,74,23.0,14670,6,29.6,10.5,221,0.315,0
19,6,0.386,71,25.6,14671,18,30.6,12.4,216,0.315,0
22,19,0.383,74,26.3,14672,52,29.8,13.0,194,0.315,1
25,20,0.38,76,25.6,14673,71,29.4,13.3,190,0.315,1
19,14,0.377,78,24.1,14674,87,29.0,14.0,195,0.315,0
2,32,0.384,85,24.1,14675,100,27.9,12.4,236,0.315,1
22,69,0.407,90,14.8,14676,100,26.9,9.5,331,0.315,1
9,71,0.412,82,19.4,14677,100,27.2,14.3,315,0.315,1
2,100,0.411,85,15.1,14678,100,26.5,14.5,264,0.315,0
0,97,0.409,86,15.8,14679,100,26.2,10.5,266,0.315,0
0,100,0.408,86,12.6,14680,100,26.1,14.5,250,0.315,0
3,99,0.407,87,13.3,14681,100,26.0,14.9,250,0.315,0
0,100,0.406,89,14.8,14682,100,25.7,16.5,264,0.315,0
0,100,0.405,90,15.1,14683,99,25.6,15.4,264,0.315,0
5,18,0.404,90,13.3,14684,100,25.5,14.4,270,0.315,0
7,25,0.403,91,11.2,14685,96,25.4,13.5,273,0.315,0
9,24,0.402,92,9.4,14686,95,25.1,11.0,272,0.315,0
2,1,0.402,93,6.5,14687,27,25.0,8.3,272,0.315,0
6,8,0.401,91,10.4,14688,51,25.8,12.2,262,0.315,0
8,35,0.432,86,13.3,14689,100,27.0,7.8,274,0.315,0
10,61,0.429,82,15.1,14690,100,28.0,7.6,271,0.315,0
13,96,0.428,77,19.4,14691,100,29.0,7.1,297,0.315,1
10,78,0.425,75,17.3,14692,99,29.4,4.7,286,0.315,1
16,100,0.423,76,18.7,14693,100,29.1,5.8,256,0.315,1
13,100,0.423,78,18.4,14694,98,28.4,5.7,189,0.315,1
1,36,0.418,76,14.4,14695,100,29.5,2.7,222,0.315,0
0,26,0.412,71,13.7,14696,100,30.5,3.8,221,0.315,0
37,13,0.419,70,19.1,14697,100,30.0,10.2,219,0.315,1
96,23,0.476,83,22.0,14698,100,27.5,16.4,266,0.315,1
11,74,0.471,91,21.2,14699,100,26.2,10.5,265,0.315,0
7,19,0.467,91,12.6,14700,100,26.2,9.0,267,0.315,0
15,68,0.401,90,17.6,14701,100,26.2,7.4,274,0.315,1
3,9,0.404,90,7.6,14702,100,26.3,8.8,270,0.315,1
18,35,0.405,93,7.2,14703,100,26.0,7.3,277,0.315,0
40,68,0.418,93,7.6,14704,100,25.9,4.6,201,0.315,1
68,55,0.426,94,9.0,14705,100,25.7,2.3,356,0.315,1
0,58,0.455,97,11.2,14706,100,25.0,3.6,177,0.315,1
0,24,0.46,98,7.9,14707,100,24.9,0.5,360,0.315,1
1,8,0.46,97,5.0,14708,100,25.0,6.9,287,0.315,1
3,0,0.458,97,4.0,14709,100,25.1,7.0,283,0.315,0
1,12,0.455,96,1.1,14710,69,25.2,6.3,275,0.315,0
2,28,0.453,95,3.2,14711,100,25.0,5.3,252,0.315,0
1,4,0.45,94,5.4,14712,55,25.7,4.2,227,0.315,0
0,44,0.39,87,10.8,14713,100,27.2,7.4,284,0.315,0
1,14,0.388,80,14.4,14714,100,28.3,7.2,298,0.315,0
8,29,0.383,70,24.1,14715,100,29.9,13.3,293,0.315,0
17,8,0.376,63,25.9,14716,99,31.1,13.7,288,0.315,0
18,22,0.368,64,25.6,14717,95,31.5,10.5,287,0.315,0
13,14,0.361,63,21.6,14718,94,31.8,8.0,276,0.315,0
19,15,0.352,63,19.4,14719,98,32.2,7.4,247,0.315,0
92,19,0.354,65,22.7,14720,98,31.2,9.8,211,0.315,1
34,4,0.375,71,21.2,14721,100,30.0,9.2,237,0.315,1
14,32,0.391,82,20.5,14722,100,28.0,11.0,259,0.315,1
4,13,0.39,83,18.0,14723,100,27.5,7.6,236,0.315,0
21,11,0.39,86,14.4,14724,100,26.9,10.9,234,0.315,0
8,21,0.432,88,23.0,14725,100,26.5,8.0,243,0.315,1
2,21,0.435,90,4.3,14726,100,26.4,8.2,238,0.315,1
0,6,0.434,90,6.1,14727,100,26.4,10.5,266,0.315,0
1,7,0.433,90,10.1,14728,100,26.2,13.1,282,0.315,0
0,38,0.431,92,10.4,14729,100,26.0,11.4,288,0.315,0
0,50,0.43,93,9.7,14730,100,25.9,10.8,274,0.315,0
0,45,0.429,94,8.3,14731,100,25.8,9.7,289,0.315,0
0,13,0.428,94,12.2,14732,100,25.7,14.3,294,0.315,0
1,22,0.427,94,12.6,14733,100,25.6,11.3,290,0.315,0
1,20,0.426,95,6.5,14734,100,25.5,7.2,273,0.315,0
2,34,0.425,95,4.3,14735,98,25.5,7.2,252,0.315,0
4,100,0.424,93,5.8,14736,90,26.1,5.6,248,0.315,0
0,27,0.435,90,7.9,14737,100,27.6,0.9,259,0.315,0
17,80,0.437,81,12.2,14738,100,28.9,2.7,122,0.315,1
14,4,0.434,74,11.2,14739,100,29.8,2.9,259,0.315,1
19,5,0.43,71,13.3,14740,100,30.6,2.9,274,0.315,1
22,7,0.425,70,18.4,14741,100,31.2,6.3,275,0.315,1
100,6,0.421,70,18.7,14742,100,31.5,4.4,235,0.315,1
77,21,0.476,77,25.9,14743,100,29.1,11.9,179,0.315,1
5,14,0.476,82,26.6,14744,100,28.2,3.8,149,0.315,1
30,17,0.472,77,13.0,14745,100,28.9,6.4,252,0.315,1
6,13,0.468,81,14.0,14746,100,28.2,9.1,245,0.315,0
11,0,0.464,86,18.0,14747,100,27.5,13.8,238,0.315,0
4,17,0.46,89,15.8,14748,100,27.0,13.4,235,0.315,0
51,45,0.507,93,13.7,14749,100,26.0,10.6,260,0.315,1
0,2,0.5,97,7.6,14750,100,25.7,5.7,279,0.315,1
12,14,0.494,98,6.5,14751,100,25.8,8.9,279,0.315,1
7,23,0.492,98,6.1,14752,100,25.9,5.0,249,0.315,1
0,5,0.49,97,4.0,14753,100,26.0,3.8,245,0.315,1
6,65,0.491,97,4.0,14754,100,25.7,2.7,176,0.315,1
4,11,0.49,98,6.1,14755,100,25.5,3.5,62,0.315,1
0,8,0.485,98,6.1,14756,100,25.5,3.4,267,0.315,1
1,26,0.48,97,4.3,14757,100,25.2,2.3,198,0.315,0
14,41,0.49,97,10.4,14758,84,25.1,7.1,144,0.315,1
10,69,0.505,97,12.2,14759,100,24.8,6.2,150,0.315,1
6,16,0.494,97,13.7,14760,100,24.8,7.1,105,0.315,0
17,64,0.509,87,10.8,14761,100,26.4,8.5,235,0.315,1
5,31,0.501,90,11.2,14762,37,26.6,4.8,225,0.315,1
19,14,0.494,76,17.6,14763,16,28.9,8.2,248,0.315,0
10,13,0.486,74,22.3,14764,14,30.0,8.1,217,0.315,1
100,2,0.479,73,24.1,14765,19,30.6,8.6,178,0.315,1
100,8,0.473,72,25.2,14766,39,30.5,11.0,183,0.315,1
11,22,0.508,79,27.0,14767,76,28.8,9.6,213,0.315,1
14,13,0.498,74,22.3,14768,85,29.3,12.0,194,0.315,1
17,24,0.491,75,30.2,14769,100,29.0,18.1,196,0.315,0
20,22,0.49,79,29.5,14770,99,28.2,17.2,200,0.315,1
47,26,0.495,84,24.8,14771,100,27.1,14.7,205,0.315,1
21,6,0.496,89,15.8,14772,100,26.9,9.1,207,0.315,1
3,100,0.492,96,6.5,14773,100,26.5,8.7,194,0.316,1
0,100,0.49,95,6.8,14774,100,26.6,10.2,187,0.316,1
0,100,0.488,95,7.6,14775,100,26.7,10.9,189,0.316,1
2,100,0.487,95,9.0,14776,100,26.6,13.3,221,0.316,1
2,43,0.486,96,12.2,14777,100,26.3,13.1,233,0.316,1
1,90,0.485,97,9.4,14778,100,26.0,10.5,231,0.316,1
31,63,0.485,95,7.2,14779,100,25.9,6.1,177,0.316,1
39,62,0.484,96,15.5,14780,100,25.1,14.5,169,0.317,1
3,100,0.483,95,13.3,14781,100,25.2,10.1,250,0.317,1
12,6,0.483,96,5.8,14782,98,25.1,4.7,279,0.317,1
2,27,0.482,96,5.0,14783,4,24.8,7.8,214,0.317,1
10,11,0.482,93,4.7,14784,47,25.6,5.7,191,0.317,0
3,26,0.481,93,11.5,14785,76,26.0,3.9,118,0.317,0
8,89,0.48,88,14.8,14786,51,27.5,5.2,149,0.317,0
99,46,0.481,83,25.2,14787,89,27.9,11.5,170,0.317,1
26,100,0.481,89,31.0,14788,100,26.4,14.1,169,0.317,1
47,100,0.481,88,22.7,14789,96,26.8,14.2,154,0.317,1
23,24,0.481,86,23.0,14790,100,27.2,11.5,180,0.318,1
9,31,0.476,78,28.8,14791,100,29.2,13.9,180,0.318,1
100,35,0.478,76,37.4,14792,100,28.8,21.3,189,0.318,1
43,100,0.481,87,40.0,14793,100,26.4,18.5,207,0.318,1
15,78,0.481,89,25.9,14794,100,26.4,12.0,193,0.318,1
10,97,0.481,89,15.5,14795,100,26.9,12.2,204,0.318,1
7,100,0.48,92,11.9,14796,100,26.5,13.4,221,0.318,1
0,100,0.479,89,11.9,14797,100,26.4,11.9,194,0.318,0
0,14,0.478,89,11.2,14798,100,26.5,14.5,175,0.318,0
0,5,0.478,89,12.6,14799,100,26.5,16.8,186,0.319,0
0,18,0.477,89,13.7,14800,100,26.5,17.4,194,0.319,0
2,100,0.476,87,14.8,14801,100,26.6,17.7,195,0.319,0
3,100,0.475,84,14.0,14802,100,27.0,17.6,198,0.319,0
3,93,0.474,83,15.5,14803,100,26.9,16.9,204,0.319,0
5,100,0.473,86,13.7,14804,100,26.8,15.8,203,0.319,0
6,100,0.472,85,13.3,14805,98,26.8,16.6,201,0.319,0
8,9,0.472,84,15.1,14806,99,26.6,16.1,190,0.319,0
15,3,0.471,86,12.6,14807,100,26.5,15.2,190,0.319,0
33,41,0.479,86,17.3,14808,100,26.7,18.0,179,0.319,1
5,12,0.472,88,11.9,14809,100,27.5,9.4,184,0.32,0
7,14,0.47,77,26.6,14810,100,29.1,13.7,181,0.32,0
26,68,0.482,83,33.5,14811,100,26.9,22.4,184,0.32,1
34,64,0.48,80,40.0,14812,100,27.6,25.7,199,0.32,1
10,1,0.477,78,39.2,14813,100,29.0,19.0,195,0.32,1
18,17,0.48,74,39.2,14814,100,29.5,21.5,194,0.32,1
31,19,0.479,79,39.2,14815,100,29.1,22.1,180,0.32,1
23,21,0.48,80,42.1,14816,100,28.2,23.1,196,0.32,1
8,9,0.477,81,37.8,14817,100,28.3,20.8,189,0.32,0
11,7,0.473,78,32.8,14818,100,28.4,19.2,191,0.32,0
44,31,0.473,85,32.4,14819,100,27.2,18.1,186,0.32,1
18,93,0.482,93,31.3,14820,100,25.7,16.0,183,0.321,1
5,100,0.474,89,8.3,14821,100,26.6,6.3,239,0.321,1
11,84,0.477,93,12.2,14822,100,25.9,8.4,353,0.321,1
2,48,0.482,96,13.0,14823,100,25.5,4.8,29,0.321,1
1,86,0.481,97,6.8,14824,100,25.6,3.1,13,0.321,1
2,8,0.481,98,6.5,14825,100,25.5,4.8,299,0.321,1
0,11,0.48,94,3.6,14826,100,25.6,8.1,266,0.321,1
0,13,0.48,92,4.7,14827,100,25.2,8.4,247,0.321,1
0,41,0.479,90,6.8,14828,100,25.0,9.4,239,0.321,0
3,26,0.479,93,7.2,14829,100,24.8,7.9,219,0.321,0
10,38,0.478,92,5.0,14830,100,25.0,7.7,171,0.321,0
12,12,0.478,92,3.2,14831,100,25.4,7.4,158,0.322,0
7,25,0.478,91,7.9,14832,100,25.9,10.8,175,0.322,0
3,100,0.478,92,11.2,14833,100,26.4,10.5,164,0.322,0
9,100,0.478,88,14.8,14834,100,27.0,8.3,182,0.322,1
8,94,0.478,82,16.9,14835,100,27.2,10.8,177,0.322,1
16,76,0.476,79,22.0,14836,100,28.0,13.1,178,0.322,1
18,36,0.475,76,22.0,14837,100,28.5,12.4,182,0.322,1
46,20,0.472,78,22.0,14838,100,28.2,12.6,182,0.322,0
17,24,0.469,79,20.9,14839,100,28.1,10.5,173,0.322,0
7,2,0.466,78,19.4,14840,100,28.1,12.6,178,0.322,0
7,2,0.464,78,24.1,14841,100,28.4,15.5,185,0.322,0
3,2,0.461,77,25.6,14842,100,28.4,16.9,182,0.323,0
2,21,0.46,82,23.8,14843,100,27.5,14.1,184,0.323,0
6,11,0.462,86,13.3,14844,100,27.1,14.3,192,0.323,1
9,11,0.455,90,18.0,14845,100,26.4,14.8,190,0.323,1
37,17,0.455,90,13.3,14846,100,26.5,14.2,176,0.323,0
12,25,0.459,93,25.6,14847,94,25.5,21.7,199,0.323,1
12,28,0.46,94,26.6,14848,100,25.0,20.4,206,0.323,0
3,13,0.461,95,20.9,14849,100,25.2,13.2,230,0.323,1
2,13,0.462,95,10.4,14850,100,25.1,8.5,226,0.323,0
0,13,0.462,95,4.7,14851,95,25.0,8.7,193,0.323,0
0,0,0.462,95,6.1,14852,98,25.0,11.1,189,0.323,0
13,14,0.462,93,6.5,14853,100,25.3,10.2,204,0.323,0
3,22,0.461,93,4.3,14854,100,25.4,8.2,229,0.323,0
3,16,0.461,94,4.0,14855,100,25.2,6.0,245,0.323,0
1,2,0.461,94,7.6,14856,100,26.0,1.5,83,0.324,0
1,14,0.479,88,7.9,14857,100,27.2,3.3,193,0.324,0
0,13,0.475,76,10.4,14858,98,28.8,2.7,200,0.324,0
6,3,0.469,67,18.4,14859,100,30.0,5.8,196,0.324,0
9,3,0.462,66,19.4,14860,100,30.6,6.4,202,0.324,0
12,3,0.454,66,22.0,14861,100,31.0,8.5,209,0.324,0
10,3,0.446,67,23.8,14862,97,30.9,9.4,204,0.324,0
8,9,0.438,68,24.1,14863,93,30.9,8.7,194,0.324,0
9,9,0.433,71,23.0,14864,93,30.1,9.1,194,0.324,0
30,22,0.428,74,23.8,14865,99,29.6,13.0,194,0.324,0
0,2,0.425,76,23.8,14866,99,29.0,8.2,199,0.324,0
17,10,0.424,80,21.6,14867,98,28.4,13.0,215,0.324,0
2,15,0.424,85,13.7,14868,97,27.8,9.2,196,0.324,0
0,22,0.413,87,10.8,14869,100,28.0,8.9,232,0.325,0
0,11,0.413,90,7.2,14870,97,27.6,6.7,204,0.325,0
4,20,0.413,88,6.8,14871,99,27.5,8.7,222,0.325,0
9,39,0.413,88,8.3,14872,100,27.2,11.3,234,0.325,0
6,67,0.414,90,13.0,14873,99,27.1,15.6,218,0.325,0
0,72,0.414,91,13.7,14874,100,27.1,13.9,217,0.325,0
4,41,0.414,92,10.4,14875,100,26.9,11.2,220,0.325,0
0,100,0.415,93,6.5,14876,100,26.6,10.1,211,0.325,0
1,100,0.415,93,5.8,14877,100,26.9,5.8,214,0.325,0
6,63,0.415,94,4.7,14878,100,26.6,3.5,282,0.325,0
42,62,0.419,95,7.2,14879,91,26.0,5.4,318,0.325,1
38,17,0.422,94,7.6,14880,78,26.5,4.0,328,0.325,1
6,30,0.408,90,20.9,14881,100,27.2,14.0,118,0.325,0
1,7,0.407,86,23.8,14882,92,27.4,6.5,120,0.325,0
32,54,0.403,79,15.8,14883,85,29.4,3.3,99,0.325,0
13,99,0.398,76,14.0,14884,11,30.4,2.4,153,0.325,0
9,100,0.395,80,14.4,14885,3,29.5,4.2,198,0.325,0
1,5,0.393,76,14.4,14886,7,30.7,2.2,194,0.326,1
9,7,0.389,74,17.3,14887,12,31.3,5.1,170,0.326,1
9,6,0.385,73,18.0,14888,90,31.5,5.5,167,0.326,0
100,5,0.382,80,19.1,14889,99,29.8,7.7,208,0.326,1
12,8,0.435,86,17.6,14890,97,27.6,3.3,171,0.326,1
0,5,0.435,86,9.7,14891,93,27.7,4.1,195,0.326,0
0,4,0.434,90,8.6,14892,94,27.4,5.0,88,0.326,0
2,20,0.358,86,5.0,14893,99,28.6,5.4,165,0.326,0
5,1,0.359,85,6.1,14894,97,28.5,7.1,221,0.326,0
3,1,0.359,88,10.1,14895,99,27.8,11.9,274,0.326,0
0,0,0.36,91,11.5,14896,100,27.1,13.1,295,0.326,0
1,0,0.361,92,10.8,14897,98,26.7,11.1,304,0.326,0
0,1,0.361,93,7.9,14898,97,26.5,10.2,323,0.326,0
0,0,0.362,95,8.3,14899,100,26.0,8.7,322,0.326,0
0,0,0.363,95,5.0,14900,100,25.9,7.9,309,0.326,0
0,0,0.363,96,5.4,14901,100,25.5,8.3,292,0.326,0
0,0,0.364,95,5.4,14902,100,25.4,6.7,297,0.326,0
0,0,0.365,95,5.8,14903,100,25.2,7.7,327,0.326,0
0,0,0.365,94,8.3,14904,100,25.8,8.0,333,0.326,0
0,0,0.361,85,11.5,14905,100,27.7,6.2,352,0.326,0
1,0,0.359,79,14.0,14906,100,29.1,5.0,19,0.326,0
7,0,0.356,74,13.7,14907,100,30.3,0.4,117,0.326,0
3,1,0.35,71,12.6,14908,100,31.4,1.9,197,0.326,0
3,3,0.344,68,14.4,14909,100,32.0,2.5,172,0.326,0
4,4,0.337,68,14.4,14910,100,32.5,2.4,193,0.326,0
1,8,0.331,68,21.6,14911,100,32.2,8.0,175,0.326,0
18,46,0.328,73,23.0,14912,100,30.4,11.6,167,0.326,1
5,6,0.325,72,23.0,14913,100,30.4,8.1,143,0.326,0
11,18,0.329,76,15.8,14914,100,29.4,9.1,126,0.326,1
7,9,0.329,82,16.9,14915,100,28.5,12.0,139,0.326,0
19,3,0.335,84,14.0,14916,100,28.1,11.9,146,0.327,1
0,32,0.316,86,17.3,14917,100,27.2,19.5,120,0.327,0
0,25,0.316,88,19.1,14918,100,27.1,16.0,129,0.327,0
3,21,0.317,89,16.9,14919,100,27.0,15.9,134,0.327,0
2,8,0.318,88,14.8,14920,92,26.9,15.7,139,0.327,0
0,16,0.318,89,15.5,14921,100,26.8,14.8,136,0.327,0
2,32,0.318,90,12.2,14922,99,26.6,6.2,173,0.327,0
93,78,0.349,96,24.1,14923,99,24.6,14.6,284,0.327,1
43,41,0.35,96,14.8,14924,100,24.5,9.5,289,0.327,0
11,46,0.354,97,14.4,14925,100,24.3,7.4,167,0.327,1
12,6,0.355,97,7.9,14926,99,24.4,5.2,155,0.327,0
16,32,0.356,96,5.0,14927,100,24.4,7.1,159,0.327,0
18,23,0.356,91,10.8,14928,100,25.8,8.4,143,0.327,0
9,35,0.431,92,12.6,14929,100,25.6,7.5,138,0.327,1
2,21,0.431,86,18.4,14930,100,26.6,9.7,162,0.327,0
27,23,0.428,81,18.7,14931,100,28.0,7.0,170,0.327,0
17,33,0.423,76,20.2,14932,100,29.2,9.2,181,0.327,0
19,34,0.418,75,24.8,14933,100,29.3,11.9,177,0.327,0
16,4,0.412,74,26.3,14934,100,29.7,13.1,187,0.327,0
14,35,0.406,75,26.3,14935,100,29.6,12.7,187,0.327,0
10,3,0.402,76,25.6,14936,100,29.2,13.1,192,0.327,0
0,12,0.397,75,27.0,14937,99,28.9,14.2,187,0.327,0
3,18,0.393,78,25.2,14938,100,28.5,12.4,194,0.327,0
0,19,0.392,82,21.2,14939,100,27.7,10.1,186,0.327,0
1,4,0.391,84,13.3,14940,100,27.2,11.8,160,0.327,0
1,1,0.452,88,10.8,14941,100,27.4,9.7,164,0.327,0
9,7,0.452,89,11.2,14942,100,27.1,13.0,170,0.327,0
3,8,0.451,87,14.0,14943,100,27.1,14.6,161,0.327,0
2,15,0.45,88,14.0,14944,100,27.0,14.1,170,0.327,0
11,23,0.449,88,12.6,14945,95,26.8,13.4,188,0.327,0
27,27,0.448,88,11.9,14946,98,26.5,14.1,191,0.327,0
18,35,0.449,90,18.0,14947,100,26.0,12.8,166,0.327,1
20,19,0.449,94,10.8,14948,100,25.5,7.2,71,0.327,0
16,35,0.452,95,12.6,14949,100,25.0,8.3,108,0.327,1
56,30,0.466,94,11.5,14950,100,25.0,12.4,147,0.327,1
5,18,0.469,94,11.2,14951,98,25.0,10.0,128,0.327,1
4,11,0.468,94,10.8,14952,100,25.5,8.3,117,0.327,0
7,14,0.477,89,10.4,14953,100,26.5,2.6,65,0.327,0
4,18,0.473,83,14.0,14954,100,27.5,4.6,101,0.327,0
0,13,0.468,80,14.8,14955,100,28.2,4.7,113,0.327,0
8,15,0.461,74,16.9,14956,99,29.5,5.6,147,0.327,0
9,7,0.453,70,19.8,14957,86,30.3,7.1,146,0.327,0
10,5,0.446,69,24.8,14958,99,30.5,11.7,166,0.327,0
22,8,0.443,68,27.7,14959,100,30.0,14.3,170,0.327,1
4,1,0.436,71,29.2,14960,98,29.6,16.0,168,0.327,0
7,5,0.431,74,31.7,14961,98,29.0,19.0,175,0.327,0
4,3,0.427,78,31.7,14962,93,28.5,18.0,178,0.327,0
2,1,0.425,82,27.4,14963,93,27.8,15.3,182,0.327,0
2,0,0.424,84,17.6,14964,96,27.4,12.1,162,0.327,0
0,28,0.418,78,15.8,14965,100,28.1,16.1,176,0.327,0
10,13,0.417,79,16.2,14966,99,27.9,17.9,175,0.328,0
27,11,0.416,81,17.3,14967,48,27.5,16.4,176,0.328,0
19,31,0.429,87,20.5,14968,95,26.3,18.2,185,0.328,1
44,73,0.493,96,19.8,14969,100,24.8,9.0,209,0.328,1
9,27,0.49,95,9.0,14970,97,25.1,4.6,228,0.328,0
15,18,0.487,97,8.6,14971,100,24.8,2.9,150,0.328,0
4,20,0.484,96,7.6,14972,100,25.1,6.2,102,0.328,0
20,21,0.484,99,9.7,14973,100,25.0,11.0,111,0.328,1
15,54,0.505,96,12.6,14974,100,25.0,12.0,145,0.328,1
4,22,0.499,95,11.9,14975,100,25.2,14.8,162,0.328,1
0,4,0.495,93,11.5,14976,100,26.0,9.9,171,0.328,1
0,48,0.489,89,7.6,14977,100,26.2,1.0,31,0.328,0
1,0,0.486,88,7.2,14978,100,26.9,0.9,53,0.328,0
11,5,0.481,77,10.1,14979,100,28.3,1.8,360,0.328,0
6,0,0.475,72,12.2,14980,100,29.2,2.8,333,0.328,0
33,18,0.467,68,12.6,14981,100,30.3,2.5,262,0.328,0
32,24,0.458,62,14.0,14982,100,31.2,3.7,219,0.328,0
18,10,0.45,62,17.3,14983,100,31.4,7.3,220,0.328,0
30,1,0.444,64,19.4,14984,99,31.0,8.3,194,0.328,0
18,15,0.438,70,25.2,14985,100,29.9,14.3,191,0.328,0
13,25,0.434,75,27.4,14986,100,28.9,16.3,199,0.328,0
0,35,0.432,78,23.4,14987,100,28.3,10.7,216,0.328,0
0,17,0.432,82,11.9,14988,100,27.8,12.1,205,0.328,0
0,96,0.416,86,8.6,14989,99,28.0,9.7,231,0.328,0
0,100,0.416,89,17.3,14990,100,27.2,13.6,241,0.328,0
0,100,0.416,90,15.1,14991,100,27.0,9.8,252,0.328,0
2,100,0.415,91,12.2,14992,97,26.7,12.3,258,0.328,0
3,60,0.415,91,11.2,14993,100,26.5,8.6,260,0.328,0
0,9,0.415,93,6.8,14994,100,26.1,8.8,255,0.328,0
0,100,0.415,95,5.8,14995,98,25.8,6.9,231,0.328,0
7,27,0.415,93,5.0,14996,100,26.0,7.6,232,0.329,0
9,16,0.415,94,5.0,14997,100,25.9,8.3,222,0.329,0
2,53,0.415,95,5.8,14998,92,25.7,7.9,219,0.329,0
5,1,0.416,94,6.5,14999,10,25.9,3.9,286,0.329,0
5,7,0.416,94,11.5,15000,86,26.0,5.8,340,0.329,0
0,19,0.41,85,10.4,15001,96,27.9,4.0,249,0.329,0
0,4,0.407,77,13.3,15002,45,29.1,4.8,295,0.329,0
5,12,0.403,71,13.7,15003,50,30.3,3.3,299,0.329,1
4,12,0.399,70,15.1,15004,87,31.0,4.0,270,0.329,1
3,11,0.396,70,15.8,15005,73,31.5,3.9,257,0.329,1
26,11,0.395,70,16.9,15006,52,31.7,4.8,233,0.329,1
100,8,0.392,74,20.9,15007,91,30.8,7.6,192,0.329,1
32,11,0.49,83,24.8,15008,100,27.6,8.1,239,0.329,1
19,100,0.497,83,18.7,15009,92,27.2,9.4,222,0.329,1
38,100,0.511,85,20.5,15010,97,27.0,15.2,217,0.329,1
8,0,0.503,90,20.5,15011,100,26.7,11.3,217,0.329,1
5,100,0.498,93,16.6,15012,97,26.4,6.8,267,0.329,0
0,27,0.471,92,11.9,15013,100,26.7,9.5,212,0.329,0
0,100,0.47,93,9.0,15014,100,26.6,8.7,222,0.329,0
0,100,0.472,92,6.1,15015,100,26.8,9.3,223,0.329,1
0,100,0.476,92,6.5,15016,100,26.6,9.2,230,0.329,1
2,100,0.476,93,7.6,15017,100,26.5,9.3,242,0.329,1
0,100,0.475,93,7.9,15018,100,26.4,11.3,239,0.329,0
0,0,0.474,92,10.4,15019,19,26.1,12.3,248,0.329,0
0,35,0.473,94,9.0,15020,83,25.4,8.5,253,0.329,0
0,61,0.472,93,4.7,15021,100,25.5,7.2,258,0.329,0
0,35,0.472,93,9.0,15022,42,25.4,10.5,292,0.33,0
2,24,0.471,94,8.6,15023,53,25.0,6.9,287,0.33,0
2,19,0.47,92,6.5,15024,100,25.6,5.1,264,0.33,0
0,5,0.466,85,10.4,15025,98,27.2,5.0,255,0.33,0
3,8,0.463,79,15.5,15026,100,28.8,6.2,216,0.33,0
10,7,0.459,75,16.6,15027,100,29.8,5.9,220,0.33,0
89,22,0.454,71,18.0,15028,100,30.5,6.8,241,0.33,1
97,4,0.449,71,19.4,15029,31,30.6,6.7,246,0.33,0
87,2,0.443,68,19.4,15030,42,31.4,5.9,243,0.33,1
100,18,0.439,70,23.0,15031,93,30.9,9.6,214,0.33,1
39,26,0.486,86,27.7,15032,100,27.4,14.7,172,0.33,1
19,40,0.484,85,25.9,15033,79,27.4,10.5,185,0.33,1
21,33,0.48,83,19.8,15034,99,27.9,12.5,208,0.33,0
19,21,0.478,85,20.2,15035,100,27.6,12.0,210,0.33,0
10,12,0.476,88,18.0,15036,98,27.1,17.2,208,0.33,0
14,16,0.461,88,6.8,15037,100,27.6,9.7,208,0.33,0
0,94,0.461,88,29.5,15038,99,26.0,13.8,217,0.33,0
10,22,0.46,89,11.2,15039,100,26.1,8.5,205,0.331,0
0,11,0.459,89,8.3,15040,100,26.0,9.9,217,0.331,0
2,9,0.459,89,6.1,15041,100,26.1,5.8,185,0.331,0
0,13,0.459,92,4.7,15042,100,25.9,4.1,119,0.331,0
9,21,0.458,94,5.4,15043,100,25.5,1.4,320,0.331,0
4,17,0.458,95,5.0,15044,100,25.4,5.7,281,0.331,0
8,12,0.457,93,5.0,15045,100,25.3,9.0,273,0.331,0
9,14,0.457,91,5.8,15046,100,25.3,7.2,257,0.331,0
0,0,0.456,91,4.3,15047,100,25.3,7.1,249,0.331,0
9,18,0.456,87,5.8,15048,100,26.0,6.2,218,0.331,0
29,26,0.443,79,20.5,15049,100,28.2,10.0,195,0.331,0
26,21,0.44,69,29.9,15050,100,29.1,14.2,207,0.331,0
25,22,0.436,70,30.6,15051,100,29.5,14.0,216,0.331,0
39,52,0.463,74,31.0,15052,100,28.7,13.5,203,0.331,1
62,42,0.481,79,31.0,15053,100,27.8,14.9,192,0.331,1
28,44,0.479,82,25.2,15054,100,27.5,14.2,218,0.331,1
25,48,0.479,80,22.3,15055,100,28.4,7.4,209,0.331,1
32,38,0.479,79,30.2,15056,100,28.2,14.4,202,0.332,1
1,45,0.478,85,29.9,15057,100,27.2,10.1,200,0.332,1
1,68,0.476,86,16.9,15058,98,27.4,9.4,191,0.332,0
2,18,0.474,86,15.1,15059,94,27.4,11.8,188,0.332,0
3,28,0.473,86,10.4,15060,100,27.1,13.4,192,0.332,0
22,90,0.44,87,36.4,15061,100,26.5,30.7,197,0.332,1
3,54,0.442,92,36.0,15062,100,26.0,20.2,175,0.332,1
5,82,0.45,92,20.9,15063,99,26.7,20.7,179,0.332,1
1,5,0.45,88,18.4,15064,100,27.2,19.3,207,0.332,0
2,18,0.45,85,19.8,15065,81,27.0,21.7,211,0.332,0
2,14,0.449,86,24.8,15066,99,26.8,24.2,209,0.332,0
0,19,0.449,86,24.8,15067,100,26.6,19.0,209,0.332,0
9,36,0.448,87,17.6,15068,92,26.5,16.2,199,0.332,0
3,45,0.448,86,14.0,15069,99,26.6,16.8,192,0.332,0
6,53,0.448,86,14.4,15070,92,26.6,16.7,186,0.332,0
8,63,0.447,86,14.0,15071,100,26.8,17.0,193,0.332,0
12,94,0.447,84,20.5,15072,100,27.0,19.4,188,0.332,0
17,36,0.42,78,24.8,15073,100,28.4,16.6,178,0.332,0
24,66,0.443,83,26.6,15074,100,27.9,15.7,196,0.333,1
6,33,0.443,79,31.0,15075,100,28.8,17.3,194,0.333,1
10,6,0.44,74,33.8,15076,100,29.5,16.5,198,0.333,0
7,4,0.435,72,36.0,15077,100,30.0,17.4,203,0.333,0
20,7,0.431,68,38.5,15078,100,30.4,20.8,207,0.333,1
12,4,0.429,74,38.2,15079,100,29.6,21.0,194,0.333,1
38,16,0.427,73,36.7,15080,100,29.5,22.2,192,0.333,1
5,25,0.431,74,36.0,15081,99,29.4,21.0,194,0.333,1
10,33,0.429,74,30.2,15082,74,29.2,19.2,202,0.333,0
12,29,0.428,79,25.6,15083,96,28.5,13.4,200,0.333,0
16,7,0.428,84,11.9,15084,99,28.0,8.3,184,0.333,0
4,86,0.373,82,11.2,15085,100,28.5,14.8,182,0.333,0
16,8,0.374,82,13.0,15086,100,28.7,16.7,186,0.333,0
5,1,0.374,81,20.2,15087,100,28.4,20.4,196,0.333,0
0,0,0.374,81,20.5,15088,100,28.0,19.8,217,0.333,0
5,2,0.374,82,19.1,15089,99,27.5,20.0,222,0.333,0
2,4,0.374,83,18.4,15090,99,27.1,19.7,218,0.333,0
0,0,0.374,85,18.0,15091,100,26.9,19.6,223,0.333,0
0,0,0.375,86,17.6,15092,79,26.7,18.6,221,0.333,0
2,7,0.375,86,16.2,15093,66,26.6,17.5,221,0.333,0
2,14,0.376,86,14.4,15094,1,26.5,16.1,215,0.333,0
1,12,0.376,85,13.0,15095,14,26.5,16.7,218,0.333,0
2,7,0.376,83,13.3,15096,41,27.2,14.7,213,0.333,0
6,19,0.374,73,21.2,15097,100,29.2,15.1,205,0.333,0
17,19,0.371,68,31.7,15098,91,30.0,16.6,222,0.333,0
22,36,0.366,70,27.0,15099,97,30.3,14.5,212,0.333,0
31,48,0.371,72,32.8,15100,89,29.8,17.0,230,0.334,1
23,34,0.466,79,33.8,15101,100,28.9,11.5,231,0.334,1
20,7,0.463,77,20.9,15102,100,29.2,10.4,200,0.334,0
16,7,0.458,74,31.0,15103,97,29.9,11.8,200,0.334,0
27,21,0.461,76,33.8,15104,100,29.4,15.4,224,0.334,1
5,17,0.458,75,25.9,15105,100,29.6,9.3,196,0.334,0
12,19,0.456,78,17.3,15106,100,29.1,10.5,204,0.334,0
1,14,0.455,84,13.7,15107,100,28.7,6.9,174,0.334,0
2,9,0.454,86,5.4,15108,100,28.3,5.2,178,0.334,0
21,30,0.388,83,18.0,15109,100,27.9,15.4,214,0.334,1
8,74,0.389,88,10.8,15110,100,27.3,11.6,276,0.334,0
0,30,0.389,85,12.6,15111,100,27.0,16.4,262,0.334,0
0,8,0.389,84,11.5,15112,100,26.6,12.5,242,0.334,0
0,36,0.389,84,7.6,15113,100,26.5,11.4,244,0.334,0
0,92,0.389,85,7.6,15114,100,26.5,11.9,245,0.334,0
0,96,0.389,84,7.9,15115,100,26.1,13.6,255,0.334,0
0,30,0.389,84,12.2,15116,100,25.8,16.5,260,0.334,0
0,28,0.389,85,11.5,15117,100,25.6,13.7,254,0.334,0
0,28,0.396,85,9.4,15118,100,25.6,14.0,226,0.334,1
0,20,0.396,89,9.4,15119,100,25.4,13.1,214,0.334,0
0,55,0.397,87,16.2,15120,100,26.4,17.1,224,0.334,0
0,16,0.373,84,9.4,15121,100,28.0,9.0,174,0.334,0
6,24,0.371,69,15.8,15122,100,29.6,8.9,205,0.334,0
16,23,0.367,64,23.0,15123,100,30.5,11.8,249,0.334,0
16,59,0.362,63,23.8,15124,100,30.7,12.7,249,0.334,0
24,24,0.357,63,25.9,15125,100,31.0,13.4,248,0.334,0
29,34,0.358,65,27.4,15126,100,30.6,14.1,235,0.334,1
9,30,0.353,68,28.1,15127,100,30.8,11.2,233,0.334,0
80,31,0.348,69,33.8,15128,19,30.8,13.1,227,0.334,0
2,100,0.397,77,34.6,15129,95,29.0,9.5,237,0.334,1
1,100,0.396,80,17.3,15130,100,28.6,7.2,233,0.334,0
6,100,0.396,80,12.2,15131,100,28.6,11.1,250,0.334,0
0,100,0.395,82,10.8,15132,100,28.0,10.6,269,0.334,0
2,23,0.325,81,10.8,15133,100,28.2,13.7,180,0.334,0
0,18,0.325,81,10.4,15134,100,28.3,13.1,189,0.334,0
4,27,0.325,85,12.6,15135,100,28.0,14.4,210,0.334,0
7,25,0.325,87,12.6,15136,100,27.7,11.9,228,0.334,0
5,97,0.325,87,9.7,15137,100,27.4,10.7,240,0.334,0
2,100,0.326,89,7.6,15138,100,27.0,5.8,240,0.334,0
11,46,0.328,87,8.3,15139,94,26.6,8.3,284,0.334,0
4,76,0.328,87,7.9,15140,89,26.5,6.8,228,0.334,0
1,85,0.331,91,9.7,15141,95,26.0,8.6,200,0.334,1
3,100,0.332,92,15.8,15142,98,26.0,16.0,183,0.334,0
12,96,0.334,89,15.8,15143,90,26.2,16.7,216,0.334,1
1,99,0.339,91,22.3,15144,36,26.0,17.8,227,0.334,1
2,94,0.384,88,22.7,15145,100,27.0,14.9,203,0.334,0
16,31,0.383,85,23.8,15146,91,27.5,15.2,204,0.334,0
4,44,0.379,77,31.7,15147,100,29.0,13.4,200,0.334,0
8,36,0.374,74,33.5,15148,70,29.9,14.2,200,0.334,0
100,47,0.368,74,37.8,15149,97,30.2,16.1,213,0.334,0
43,48,0.399,77,36.4,15150,76,28.9,14.8,211,0.334,1
17,7,0.398,78,28.8,15151,70,29.2,11.4,204,0.334,1
10,31,0.396,75,29.5,15152,89,29.9,15.6,215,0.334,1
11,15,0.393,74,26.3,15153,95,30.1,13.6,200,0.334,0
5,8,0.391,72,22.0,15154,98,30.1,13.4,230,0.335,0
11,4,0.389,76,18.7,15155,100,29.1,13.4,242,0.335,0
5,11,0.389,76,11.9,15156,99,28.5,15.8,259,0.335,0
6,100,0.405,92,15.8,15157,100,27.4,18.4,272,0.335,0
5,100,0.404,82,18.4,15158,100,27.2,16.9,255,0.335,0
3,77,0.404,86,15.1,15159,98,26.9,14.4,241,0.335,0
7,50,0.404,89,11.2,15160,99,26.5,12.4,236,0.335,0
1,87,0.404,91,10.1,15161,93,26.5,13.4,224,0.335,0
0,98,0.404,90,13.7,15162,92,26.5,14.0,217,0.335,0
1,100,0.403,90,10.8,15163,100,26.6,12.6,204,0.335,0
7,100,0.403,87,9.7,15164,100,26.7,14.3,205,0.335,0
2,100,0.403,85,13.0,15165,100,26.9,15.7,204,0.335,0
8,100,0.402,86,12.6,15166,100,26.8,12.9,212,0.335,0
5,100,0.402,86,11.5,15167,93,26.6,14.7,213,0.335,0
1,71,0.402,86,11.9,15168,100,27.0,11.9,198,0.335,0
7,13,0.403,77,19.8,15169,100,28.6,13.9,190,0.335,0
57,98,0.432,82,28.4,15170,100,27.0,15.6,216,0.335,1
10,18,0.47,90,29.2,15171,100,26.3,10.2,190,0.335,1
29,43,0.466,81,29.2,15172,100,28.0,16.7,179,0.335,0
39,44,0.46,77,34.9,15173,99,29.0,17.2,204,0.335,0
9,19,0.46,78,35.3,15174,92,29.0,14.0,229,0.335,1
12,9,0.456,77,27.4,15175,99,29.6,11.8,226,0.335,1
0,17,0.45,77,29.9,15176,99,29.8,12.3,207,0.335,0
96,30,0.445,75,38.9,15177,100,29.6,17.5,216,0.335,0
13,42,0.442,76,39.2,15178,100,28.9,12.1,271,0.335,0
13,23,0.44,82,15.8,15179,100,27.9,14.1,293,0.335,0
2,16,0.439,86,15.5,15180,100,27.4,12.2,261,0.335,0
4,62,0.482,79,11.5,15181,100,27.6,15.5,258,0.335,1
4,73,0.477,82,15.5,15182,96,27.1,11.6,262,0.335,0
0,55,0.474,85,14.0,15183,97,26.7,11.6,254,0.335,0
0,100,0.47,82,9.4,15184,100,26.5,13.9,266,0.335,0
0,100,0.467,82,12.2,15185,100,26.5,15.5,243,0.335,0
0,100,0.464,81,13.7,15186,100,26.6,15.7,237,0.335,0
1,100,0.462,83,11.9,15187,100,26.5,13.6,240,0.335,0
7,99,0.46,84,8.3,15188,100,26.4,13.0,228,0.335,0
9,0,0.458,84,9.7,15189,100,26.4,14.4,226,0.335,0
1,21,0.456,86,11.2,15190,100,26.1,15.1,229,0.335,0
2,32,0.454,87,10.8,15191,100,26.0,14.7,229,0.335,0
0,14,0.452,85,13.0,15192,100,26.8,14.9,227,0.335,0
0,98,0.447,78,15.8,15193,100,28.5,13.8,228,0.335,0
0,6,0.442,71,18.7,15194,99,29.5,10.9,243,0.335,0
20,55,0.435,66,33.5,15195,82,30.9,16.5,252,0.335,0
17,99,0.429,67,33.5,15196,98,30.9,15.3,242,0.335,0
14,93,0.435,71,33.5,15197,98,30.2,14.1,231,0.335,1
100,25,0.439,71,38.9,15198,99,30.2,12.6,224,0.335,1
20,94,0.486,80,32.0,15199,99,28.4,13.6,246,0.335,1
19,45,0.48,79,21.6,15200,100,28.5,9.3,209,0.335,0
11,60,0.474,76,20.5,15201,100,29.0,7.6,202,0.335,0
9,82,0.469,76,14.0,15202,100,28.9,9.2,177,0.335,0
15,80,0.467,82,12.2,15203,100,28.0,8.6,209,0.335,0
24,99,0.471,84,5.0,15204,100,27.5,7.2,193,0.335,1
0,66,0.459,86,10.1,15205,100,27.6,12.2,250,0.335,0
16,11,0.457,88,8.3,15206,100,27.2,9.8,252,0.335,0
0,60,0.455,87,12.6,15207,100,27.2,17.2,240,0.335,0
4,100,0.453,82,18.7,15208,100,27.1,19.5,235,0.335,0
4,5,0.451,82,17.6,15209,100,26.9,17.1,242,0.335,0
5,17,0.449,85,13.7,15210,100,26.2,14.5,248,0.335,0
15,11,0.447,87,10.8,15211,100,26.0,12.9,228,0.335,0
1,15,0.446,88,13.7,15212,100,26.4,16.3,213,0.335,0
4,43,0.444,88,14.0,15213,100,26.4,16.8,218,0.335,0
1,99,0.443,89,17.3,15214,100,26.2,13.8,228,0.335,0
5,100,0.442,90,13.7,15215,100,26.2,11.4,229,0.335,0
0,100,0.44,88,7.2,15216,100,26.7,8.9,223,0.335,0
27,99,0.436,76,16.6,15217,100,28.6,11.3,213,0.335,0
21,34,0.433,81,24.8,15218,100,27.4,15.3,210,0.335,0
10,100,0.43,84,25.2,15219,100,26.6,14.4,208,0.335,0
19,100,0.433,86,22.0,15220,100,26.5,12.2,225,0.335,1
8,78,0.432,86,21.2,15221,100,26.8,10.0,187,0.335,1
17,49,0.428,79,22.3,15222,100,28.4,10.7,216,0.335,0
12,44,0.422,77,29.5,15223,100,29.4,11.8,218,0.335,0
42,40,0.457,82,31.3,15224,100,28.1,12.4,188,0.335,1
39,33,0.453,81,24.1,15225,100,28.0,13.3,177,0.335,0
1,89,0.45,83,23.4,15226,100,27.5,11.0,182,0.335,0
10,10,0.449,87,15.8,15227,100,27.3,7.0,183,0.335,1
16,28,0.449,89,6.5,15228,100,26.9,7.0,167,0.335,1
4,93,0.43,85,8.6,15229,100,27.6,9.8,187,0.335,0
5,94,0.43,86,5.4,15230,100,27.8,9.0,180,0.335,0
12,73,0.429,87,5.8,15231,100,27.5,8.7,207,0.335,0
21,99,0.452,94,25.9,15232,97,25.4,20.7,247,0.335,1
5,91,0.481,96,22.7,15233,100,25.1,15.2,244,0.335,1
2,99,0.495,98,21.6,15234,100,24.8,12.1,277,0.335,1
20,100,0.51,98,16.9,15235,100,24.7,10.9,279,0.335,1
0,100,0.508,96,20.2,15236,100,24.5,18.9,273,0.335,1
5,100,0.504,96,18.0,15237,100,24.5,11.7,283,0.335,1
8,91,0.499,96,8.6,15238,100,24.5,12.0,284,0.335,1
6,100,0.495,95,8.6,15239,100,24.6,10.8,291,0.335,1
23,99,0.494,95,10.8,15240,100,24.8,10.5,286,0.335,1
0,52,0.492,94,11.5,15241,100,25.6,12.6,280,0.335,1
0,34,0.491,89,18.4,15242,100,26.4,12.8,272,0.335,1
3,29,0.487,86,19.4,15243,100,27.0,7.1,280,0.335,1
10,42,0.481,78,22.0,15244,100,28.3,11.9,260,0.335,1
4,63,0.476,78,27.4,15245,100,28.5,13.4,274,0.335,1
12,85,0.47,76,26.6,15246,100,29.2,10.5,274,0.335,0
81,55,0.463,73,27.4,15247,99,29.8,10.7,276,0.335,0
68,100,0.457,72,29.5,15248,6,29.9,12.3,273,0.335,0
100,74,0.453,75,29.5,15249,56,29.2,7.9,235,0.335,0
32,100,0.509,93,24.1,15250,100,25.1,19.6,302,0.335,1
0,100,0.509,95,22.0,15251,100,24.8,16.9,305,0.335,1
0,34,0.506,94,13.0,15252,100,24.9,14.6,309,0.335,1
0,89,0.49,94,12.2,15253,100,25.5,10.7,257,0.335,1
1,100,0.487,94,13.3,15254,100,25.2,12.0,256,0.335,0
0,46,0.484,95,11.5,15255,87,25.1,10.0,255,0.335,0
0,94,0.481,95,8.6,15256,99,25.1,11.2,265,0.335,0
0,94,0.478,97,9.4,15257,49,25.0,11.8,262,0.335,0
0,74,0.476,96,10.1,15258,100,24.9,11.5,287,0.335,0
0,7,0.474,97,11.5,15259,100,24.7,12.4,300,0.335,0
3,1,0.472,97,9.7,15260,98,24.5,10.6,305,0.335,0
0,11,0.471,98,7.9,15261,75,24.3,10.1,311,0.335,0
6,95,0.469,99,9.4,15262,47,24.2,11.5,320,0.335,0
50,19,0.468,99,11.9,15263,10,24.4,12.3,329,0.335,0
22,0,0.466,96,12.6,15264,59,24.8,10.7,324,0.335,0
0,40,0.444,91,13.7,15265,99,26.5,7.0,305,0.335,0
12,22,0.441,80,18.7,15266,76,28.2,9.7,318,0.335,0
18,28,0.438,74,20.5,15267,100,29.2,9.7,329,0.335,1
16,10,0.432,69,20.5,15268,100,30.4,9.0,316,0.335,0
25,15,0.425,65,21.2,15269,97,31.1,9.8,308,0.335,0
26,10,0.417,63,21.2,15270,96,31.6,8.7,292,0.335,0
33,21,0.413,63,19.4,15271,100,31.4,9.0,282,0.335,1
34,62,0.413,67,19.8,15272,100,30.1,10.7,310,0.335,1
25,44,0.411,70,18.7,15273,100,29.8,6.0,303,0.335,0
18,24,0.409,76,13.0,15274,100,28.8,8.6,250,0.335,0
1,35,0.408,84,15.5,15275,100,27.5,12.9,224,0.335,0
1,0,0.407,86,16.9,15276,100,26.8,12.8,220,0.335,0
14,41,0.382,84,16.6,15277,100,28.0,16.8,257,0.335,0
11,34,0.382,87,15.8,15278,100,27.5,13.6,255,0.335,0
0,22,0.382,88,13.3,15279,100,27.1,14.8,256,0.335,0
9,44,0.382,89,13.7,15280,100,26.9,12.5,249,0.335,0
22,58,0.382,91,10.1,15281,98,26.5,9.0,285,0.335,0
0,39,0.383,92,13.0,15282,100,26.1,11.9,281,0.335,0
1,13,0.384,92,11.9,15283,100,25.8,10.4,256,0.335,0
4,5,0.384,91,11.2,15284,100,25.6,12.7,241,0.335,0
9,6,0.384,90,11.5,15285,100,25.4,13.4,237,0.335,0
3,10,0.383,89,14.0,15286,100,25.2,16.1,260,0.335,0
4,0,0.383,89,14.0,15287,100,25.0,16.1,252,0.335,0
6,6,0.383,88,14.4,15288,100,25.5,14.0,246,0.335,0
0,2,0.373,82,16.2,15289,100,27.5,12.6,228,0.335,0
0,0,0.37,75,17.3,15290,100,29.2,9.0,227,0.335,0
23,8,0.366,70,22.0,15291,100,30.4,11.2,232,0.335,0
14,7,0.36,68,23.8,15292,100,31.0,10.1,224,0.335,0
13,8,0.354,70,27.0,15293,100,31.2,11.8,206,0.335,0
99,66,0.377,77,34.6,15294,99,28.5,17.9,204,0.335,1
16,27,0.381,76,31.0,15295,100,29.6,11.4,196,0.335,1
5,63,0.392,76,25.9,15296,100,29.2,11.1,189,0.335,1
22,80,0.422,84,31.0,15297,100,27.3,19.9,197,0.336,1
6,6,0.422,89,27.7,15298,100,27.0,18.8,184,0.336,0
12,16,0.422,90,24.5,15299,100,27.0,15.3,182,0.336,0
5,25,0.423,90,16.6,15300,100,27.0,13.0,186,0.336,0
9,11,0.402,84,28.1,15301,100,28.4,25.7,180,0.336,0
16,21,0.401,82,33.8,15302,100,27.9,27.5,192,0.336,0
15,14,0.401,82,32.0,15303,100,27.8,26.3,192,0.336,0
0,12,0.401,82,30.2,15304,100,27.6,24.7,202,0.336,0
5,21,0.4,82,27.0,15305,100,27.5,23.4,204,0.336,0
5,22,0.399,82,25.6,15306,100,27.1,23.0,202,0.336,0
14,30,0.399,83,25.2,15307,100,27.0,21.8,203,0.336,0
7,27,0.398,84,23.4,15308,100,26.9,19.6,204,0.336,0
10,39,0.398,84,21.6,15309,100,26.7,20.4,194,0.336,0
19,80,0.397,84,22.0,15310,100,26.5,18.9,188,0.336,0
33,59,0.4,85,19.8,15311,100,26.2,19.8,187,0.336,1
16,39,0.4,87,22.3,15312,100,26.5,20.8,189,0.336,0
15,40,0.438,81,29.9,15313,100,28.2,22.4,185,0.336,1
16,23,0.436,77,35.3,15314,100,29.0,23.1,184,0.336,1
9,24,0.446,78,36.0,15315,100,29.2,19.6,183,0.336,1
11,32,0.492,82,37.8,15316,100,28.0,14.4,196,0.336,1
45,38,0.503,85,34.9,15317,100,27.0,22.5,181,0.336,1
100,17,0.496,81,33.1,15318,99,28.2,18.7,168,0.336,1
100,15,0.489,77,36.7,15319,100,28.8,19.5,168,0.336,1
33,58,0.49,85,37.4,15320,100,26.5,24.3,187,0.336,1
20,31,0.488,85,35.6,15321,100,26.4,20.1,193,0.336,1
14,5,0.484,87,29.5,15322,100,26.9,14.9,162,0.336,0
38,21,0.483,86,21.2,15323,100,27.0,17.4,164,0.336,1
38,46,0.482,91,27.0,15324,100,25.9,23.9,145,0.336,1
4,1,0.48,92,27.7,15325,100,25.7,20.3,151,0.336,0
29,5,0.479,91,21.6,15326,100,26.0,17.7,157,0.336,1
20,10,0.478,91,16.9,15327,100,26.2,17.3,161,0.336,1
17,9,0.477,91,16.2,15328,100,26.3,16.1,162,0.336,0
38,38,0.476,92,18.0,15329,100,25.9,18.5,155,0.336,1
24,23,0.475,91,18.4,15330,100,26.0,18.4,143,0.336,0
29,49,0.474,91,20.5,15331,100,25.8,18.6,153,0.336,0
32,68,0.473,93,23.4,15332,100,25.0,22.0,134,0.336,1
3,38,0.472,93,23.4,15333,99,25.1,13.8,152,0.336,0
62,37,0.472,94,15.8,15334,98,25.0,15.7,136,0.336,0
96,31,0.471,93,16.9,15335,100,24.9,17.5,200,0.337,1
12,62,0.455,92,16.9,15336,100,26.0,14.7,127,0.337,1
1,19,0.454,90,15.1,15337,100,26.9,13.4,125,0.337,0
5,43,0.451,76,23.8,15338,100,28.8,13.5,146,0.337,0
31,46,0.45,72,27.0,15339,100,28.8,15.8,154,0.337,1
1,1,0.445,73,25.6,15340,100,29.5,8.5,174,0.337,0
23,5,0.439,71,24.1,15341,99,30.0,10.9,161,0.337,0
4,4,0.441,71,26.6,15342,100,30.5,8.6,141,0.337,1
2,3,0.435,71,20.9,15343,100,30.5,8.8,145,0.337,0
13,6,0.429,69,21.6,15344,100,30.5,10.8,159,0.337,0
5,0,0.424,74,25.9,15345,100,29.6,14.5,169,0.337,0
0,2,0.421,75,25.6,15346,99,28.7,13.8,191,0.337,0
0,6,0.42,79,21.2,15347,100,27.8,13.9,217,0.337,0
0,12,0.396,86,13.0,15348,100,28.1,9.4,262,0.337,0
0,24,0.396,89,7.9,15349,100,27.6,9.1,238,0.337,0
0,23,0.396,90,5.4,15350,100,27.4,6.6,223,0.337,0
0,25,0.397,90,2.2,15351,100,27.1,5.4,236,0.337,0
5,40,0.397,92,6.8,15352,100,26.9,8.6,255,0.337,0
0,37,0.397,92,6.8,15353,100,26.6,7.2,271,0.337,0
1,19,0.386,92,7.6,15354,100,26.4,5.6,225,0.337,0
5,13,0.387,93,2.2,15355,100,26.3,3.9,214,0.337,0
1,5,0.387,95,3.2,15356,93,26.0,1.3,196,0.337,0
0,1,0.388,97,5.4,15357,95,25.5,1.5,7,0.337,0
0,0,0.388,96,5.8,15358,100,25.2,0.5,45,0.337,0
2,2,0.388,97,6.1,15359,94,25.1,2.5,30,0.337,0
0,1,0.397,91,7.9,15360,95,26.6,8.6,23,0.338,0
2,1,0.396,83,11.2,15361,91,28.3,5.9,11,0.338,0
0,0,0.393,74,12.6,15362,67,29.8,4.0,355,0.338,0
2,1,0.388,68,14.0,15363,91,30.9,3.2,341,0.338,0
9,5,0.382,63,14.0,15364,18,31.7,3.8,349,0.338,0
7,7,0.375,59,14.8,15365,2,32.5,3.3,13,0.338,0
10,9,0.368,60,14.4,15366,7,32.7,5.4,360,0.338,0
15,12,0.361,59,16.2,15367,17,32.9,2.8,333,0.338,0
16,8,0.355,62,13.3,15368,42,32.5,2.5,21,0.338,0
28,16,0.357,66,15.5,15369,100,31.6,5.6,111,0.338,1
2,30,0.359,77,18.4,15370,99,29.8,10.6,159,0.338,1
12,10,0.359,85,14.8,15371,93,28.4,4.9,262,0.338,0
0,5,0.33,93,12.6,15372,100,26.9,3.7,309,0.338,0
0,0,0.331,90,8.6,15373,100,27.4,3.1,301,0.338,0
2,2,0.332,93,6.5,15374,100,27.1,5.8,7,0.338,0
0,1,0.332,93,5.4,15375,100,27.1,0.9,180,0.338,0
9,35,0.333,94,8.6,15376,100,26.9,8.1,241,0.338,0
1,20,0.335,96,9.0,15377,100,26.4,4.9,309,0.338,0
9,69,0.343,97,9.0,15378,92,24.9,9.4,308,0.338,0
1,32,0.352,93,16.9,15379,81,25.1,15.9,340,0.338,1
0,14,0.353,93,18.4,15380,96,24.9,7.9,327,0.338,0
1,10,0.353,93,6.5,15381,96,24.9,9.7,312,0.338,0
2,1,0.354,92,8.3,15382,99,24.8,10.5,297,0.338,0
0,2,0.354,94,7.9,15383,93,24.5,8.9,318,0.338,0
0,48,0.364,92,10.8,15384,99,25.0,10.1,55,0.338,0
0,29,0.363,89,11.9,15385,100,26.3,7.1,63,0.338,0
0,23,0.361,79,14.4,15386,99,28.8,6.0,21,0.338,0
0,20,0.356,69,16.9,15387,84,30.5,6.5,23,0.338,0
0,99,0.35,62,16.6,15388,23,31.8,6.1,5,0.338,0
5,78,0.347,63,18.4,15389,22,31.2,8.0,9,0.338,0
0,61,0.353,63,19.8,15390,45,31.5,8.3,333,0.338,1
7,5,0.347,62,21.2,15391,99,31.6,9.7,345,0.338,0
2,7,0.341,61,20.9,15392,91,32.2,8.4,345,0.338,0
3,7,0.336,62,18.4,15393,100,31.9,9.3,336,0.338,0
3,6,0.333,65,17.6,15394,95,31.4,8.8,332,0.338,0
4,4,0.333,76,12.6,15395,99,30.1,7.9,13,0.338,0
22,38,0.318,75,6.8,15396,98,29.2,17.5,338,0.338,0
0,57,0.317,82,19.1,15397,100,28.0,17.1,4,0.338,0
0,5,0.317,86,16.9,15398,100,27.4,13.1,2,0.338,0
0,4,0.318,89,13.7,15399,100,26.9,9.9,35,0.338,0
2,17,0.318,90,11.9,15400,100,27.1,13.8,131,0.338,0
26,59,0.32,93,11.2,15401,99,26.4,7.0,111,0.338,0
57,40,0.486,97,9.7,15402,98,24.5,5.8,268,0.338,1
9,80,0.502,96,10.1,15403,100,24.5,2.9,191,0.338,1
1,27,0.496,97,5.8,15404,100,24.5,6.3,187,0.338,1
0,23,0.491,98,9.4,15405,100,24.8,8.2,151,0.338,0
5,5,0.488,98,6.5,15406,95,24.9,10.1,151,0.338,0
2,6,0.485,97,8.6,15407,100,25.0,10.1,136,0.339,0
0,12,0.473,90,11.9,15408,100,26.1,7.0,145,0.338,0
3,18,0.471,88,14.4,15409,100,27.0,9.0,119,0.339,0
0,2,0.468,84,18.0,15410,100,27.6,8.3,134,0.339,0
14,2,0.465,77,19.4,15411,97,29.0,9.1,165,0.339,1
1,8,0.46,76,21.2,15412,42,29.8,9.0,165,0.339,1
1,3,0.455,74,20.9,15413,60,30.3,7.5,160,0.339,1
3,3,0.464,77,19.1,15414,98,29.4,4.0,150,0.339,1
9,4,0.458,74,16.6,15415,96,30.2,4.8,155,0.339,0
5,2,0.453,74,17.6,15416,97,30.0,5.9,153,0.339,0
26,5,0.459,69,17.3,15417,100,29.9,7.6,223,0.339,1
1,4,0.456,76,16.2,15418,100,28.9,4.7,187,0.339,0
1,8,0.455,83,10.4,15419,98,28.1,4.5,194,0.339,0
1,1,0.445,83,11.2,15420,98,27.7,3.3,186,0.339,0
0,2,0.444,86,7.6,15421,100,27.2,8.2,195,0.339,0
0,3,0.443,89,8.3,15422,100,27.0,8.7,225,0.339,0
0,5,0.443,90,6.8,15423,100,26.6,8.9,225,0.339,0
0,2,0.442,92,7.2,15424,100,26.4,8.3,224,0.339,0
0,1,0.442,93,5.4,15425,100,26.1,5.7,242,0.339,0
0,1,0.442,94,6.5,15426,100,25.8,4.6,281,0.339,0
0,4,0.441,94,6.8,15427,98,25.5,6.1,293,0.339,0
5,3,0.441,95,7.2,15428,100,25.1,4.8,307,0.339,0
0,0,0.441,96,4.3,15429,70,25.0,2.7,340,0.339,0
0,0,0.44,97,4.0,15430,36,25.0,2.4,167,0.339,0
3,0,0.44,96,12.2,15431,0,25.3,12.6,156,0.339,0
9,14,0.437,94,18.7,15432,21,26.1,10.0,165,0.339,0
8,7,0.436,85,14.8,15433,46,27.8,7.4,167,0.339,0
3,3,0.433,78,15.5,15434,98,29.1,6.2,187,0.339,0
10,7,0.429,73,27.4,15435,100,29.9,13.5,185,0.339,0
5,2,0.423,73,29.5,15436,98,30.0,14.1,178,0.339,0
9,1,0.416,71,28.8,15437,65,30.6,12.2,180,0.339,0
3,20,0.416,74,28.8,15438,100,29.5,11.9,177,0.339,0
0,0,0.411,73,22.3,15439,100,29.7,11.7,176,0.339,0
1,2,0.408,74,22.7,15440,100,29.2,13.3,170,0.339,0
14,5,0.405,76,23.4,15441,100,29.0,12.0,171,0.339,0
11,11,0.403,78,19.4,15442,100,28.8,11.0,169,0.339,0
5,9,0.402,84,15.8,15443,100,28.1,13.6,169,0.339,0
4,5,0.401,83,18.7,15444,98,28.0,21.3,174,0.339,0
1,2,0.4,83,24.1,15445,100,27.9,18.1,174,0.339,0
13,4,0.4,81,20.2,15446,100,28.0,20.0,183,0.339,0
2,0,0.399,84,20.2,15447,100,27.8,16.4,193,0.339,0
25,8,0.399,86,15.1,15448,45,27.5,15.2,197,0.339,0
100,16,0.499,94,29.2,15449,100,24.1,22.9,167,0.339,1
95,23,0.484,98,25.6,15450,100,24.9,8.1,168,0.339,1
1,1,0.502,96,8.3,15451,100,25.1,4.2,187,0.339,1
2,2,0.497,96,4.0,15452,100,25.2,5.6,213,0.339,1
2,4,0.492,95,7.2,15453,100,25.1,10.3,187,0.339,0
3,10,0.489,93,7.2,15454,100,25.2,9.3,202,0.339,0
1,2,0.485,92,3.6,15455,100,25.5,8.3,204,0.339,0
0,0,0.475,90,4.7,15456,96,26.4,8.9,242,0.339,0
0,0,0.472,82,12.6,15457,100,27.9,8.2,218,0.339,0
0,0,0.467,74,17.3,15458,100,29.2,9.2,228,0.339,0
2,1,0.461,69,19.4,15459,100,30.1,9.8,246,0.339,0
12,6,0.455,64,25.9,15460,99,30.9,14.0,252,0.339,0
16,6,0.447,61,29.5,15461,88,31.7,14.1,254,0.34,0
11,6,0.439,57,27.4,15462,95,32.6,13.5,257,0.34,0
10,22,0.431,60,25.9,15463,100,32.1,10.1,251,0.34,0
32,23,0.429,69,23.4,15464,98,30.4,10.0,208,0.34,1
18,24,0.424,71,20.5,15465,87,30.4,9.4,198,0.34,0
13,13,0.441,73,21.2,15466,95,29.7,9.1,219,0.34,1
9,7,0.443,80,19.4,15467,99,28.8,9.5,209,0.34,1
3,10,0.45,85,14.0,15468,100,27.6,14.4,182,0.34,1
5,16,0.449,87,13.7,15469,99,27.3,10.1,185,0.34,0
10,9,0.449,87,9.7,15470,97,27.2,13.0,190,0.34,0
7,11,0.448,89,10.4,15471,100,27.1,11.4,213,0.34,0
11,5,0.448,90,7.6,15472,99,26.8,9.1,229,0.34,0
6,1,0.447,90,5.8,15473,100,26.7,9.5,216,0.34,0
0,4,0.441,93,5.4,15474,100,26.2,10.5,139,0.34,0
0,8,0.44,93,10.8,15475,100,26.4,9.3,162,0.34,0
0,6,0.439,93,7.9,15476,99,26.5,12.0,172,0.34,0
0,5,0.438,92,7.6,15477,100,26.6,5.4,184,0.34,0
0,3,0.438,93,1.8,15478,99,26.5,2.8,207,0.34,0
0,0,0.437,94,1.4,15479,100,26.2,3.6,225,0.34,0
0,0,0.437,94,3.2,15480,100,26.6,2.7,238,0.34,0
0,0,0.435,87,8.3,15481,100,27.9,2.2,312,0.34,0
0,0,0.432,77,13.0,15482,100,29.1,4.7,277,0.34,0
4,4,0.427,71,18.7,15483,99,30.2,5.2,243,0.34,0
9,7,0.419,65,18.4,15484,100,31.2,4.8,245,0.34,0
9,8,0.412,63,18.4,15485,99,31.8,4.0,243,0.34,0
9,41,0.425,60,18.4,15486,99,32.2,7.2,257,0.34,0
4,32,0.417,61,18.4,15487,100,32.2,5.4,264,0.34,0
15,13,0.411,64,20.9,15488,98,31.6,7.0,252,0.34,0
100,24,0.51,83,25.2,15489,100,26.1,16.9,262,0.34,1
7,1,0.501,84,23.4,15490,100,26.5,7.4,209,0.34,1
1,5,0.495,88,18.0,15491,100,26.2,13.0,145,0.34,0
0,9,0.49,90,16.6,15492,100,26.2,7.8,154,0.34,0
2,9,0.487,91,5.4,15493,100,26.3,6.4,170,0.34,0
5,3,0.484,90,7.6,15494,100,26.5,9.3,158,0.34,0
6,5,0.481,92,7.9,15495,100,26.3,7.3,191,0.34,0
1,2,0.479,90,4.3,15496,100,26.4,5.7,191,0.34,0
5,2,0.478,92,1.4,15497,92,26.2,5.5,207,0.34,0
0,5,0.507,95,1.8,15498,100,25.9,13.3,210,0.34,0
0,10,0.502,95,11.5,15499,100,26.0,10.6,206,0.34,1
0,16,0.496,95,7.2,15500,100,25.7,10.3,235,0.34,0
0,5,0.49,93,5.4,15501,100,25.8,7.8,236,0.34,0
0,5,0.486,94,2.2,15502,100,25.6,5.6,243,0.34,0
0,9,0.483,96,2.5,15503,100,25.2,2.0,265,0.34,0
0,76,0.461,94,6.5,15504,100,26.1,6.1,268,0.34,0
0,5,0.459,90,10.4,15505,100,27.2,5.8,265,0.34,0
0,15,0.456,79,12.2,15506,100,28.6,4.6,259,0.34,0
1,100,0.451,72,13.3,15507,100,29.6,5.2,290,0.34,0
2,9,0.446,70,19.8,15508,100,29.8,10.0,300,0.34,0
9,2,0.438,66,25.2,15509,95,31.0,12.9,300,0.34,0
5,3,0.429,63,26.3,15510,83,31.5,12.9,309,0.34,0
1,3,0.421,63,25.6,15511,63,31.9,11.7,322,0.34,0
2,5,0.414,64,24.1,15512,23,31.9,10.3,305,0.34,0
12,33,0.41,65,21.2,15513,98,31.1,10.6,289,0.34,1
18,41,0.414,76,22.7,15514,100,29.0,18.5,259,0.34,1
2,40,0.413,83,28.4,15515,98,27.2,11.7,317,0.34,0
10,79,0.477,89,19.1,15516,100,26.2,14.5,17,0.34,0
2,40,0.499,96,19.4,15517,100,24.9,12.0,39,0.34,1
23,28,0.494,94,16.6,15518,100,25.1,11.0,199,0.34,1
9,74,0.49,95,15.8,15519,100,24.8,6.1,332,0.34,1
22,38,0.487,97,10.8,15520,100,24.8,9.7,266,0.34,0
0,10,0.484,98,8.3,15521,77,24.9,11.1,277,0.34,0
2,3,0.464,93,7.2,15522,100,26.0,12.1,260,0.34,0
0,96,0.465,95,11.5,15523,91,25.9,13.7,283,0.34,0
2,100,0.464,93,13.7,15524,100,25.7,15.5,306,0.34,0
1,100,0.463,91,15.8,15525,100,25.5,16.5,300,0.34,0
2,100,0.462,91,16.9,15526,100,25.2,17.3,306,0.34,0
1,100,0.461,90,16.6,15527,100,25.1,16.6,317,0.34,0
0,100,0.446,92,15.5,15528,100,25.6,14.2,324,0.34,0
0,1,0.445,91,19.4,15529,100,26.0,16.7,313,0.34,0
0,0,0.443,83,24.1,15530,100,27.8,14.3,314,0.34,0
9,1,0.438,77,24.5,15531,100,28.8,13.8,325,0.34,0
13,5,0.434,72,27.0,15532,100,29.8,15.1,343,0.34,0
2,2,0.427,69,26.6,15533,100,30.5,12.5,342,0.34,0
1,4,0.422,67,23.8,15534,100,31.1,8.1,359,0.34,0
10,16,0.417,66,19.1,15535,100,31.1,7.2,18,0.341,0
2,14,0.411,63,16.2,15536,98,31.4,5.2,41,0.341,0
16,23,0.409,61,15.1,15537,2,30.9,5.1,4,0.341,1
12,13,0.407,66,11.9,15538,30,30.3,4.7,320,0.341,0
4,7,0.406,77,8.6,15539,60,28.9,10.4,272,0.341,0
13,38,0.377,92,13.7,15540,100,26.3,8.6,321,0.341,0
0,17,0.377,93,5.8,15541,100,26.9,3.5,332,0.341,0
4,19,0.377,94,4.0,15542,100,26.8,2.5,90,0.341,0
0,14,0.377,95,6.8,15543,100,26.5,6.0,177,0.341,0
0,2,0.377,94,4.3,15544,100,26.3,4.7,212,0.341,0
1,1,0.378,96,5.0,15545,100,26.0,5.6,264,0.341,0
15,13,0.368,98,12.6,15546,99,25.8,7.0,274,0.341,0
7,10,0.368,96,8.6,15547,100,25.8,8.0,308,0.341,0
24,1,0.368,97,10.8,15548,99,25.6,11.2,300,0.341,0
55,3,0.368,97,13.7,15549,100,25.6,13.1,297,0.341,0
30,3,0.368,97,14.8,15550,100,25.4,13.7,298,0.341,0
3,2,0.368,96,15.1,15551,100,25.0,14.3,317,0.341,0
9,13,0.376,94,15.8,15552,48,26.2,11.6,342,0.341,0
0,3,0.375,87,12.2,15553,81,28.1,8.1,336,0.341,0
0,5,0.372,76,18.7,15554,29,29.9,7.0,334,0.341,0
5,9,0.367,66,20.5,15555,76,31.0,7.4,356,0.341,0
5,6,0.361,65,20.2,15556,61,31.5,5.8,22,0.341,0
5,5,0.354,62,19.8,15557,16,32.0,5.6,25,0.341,0
3,7,0.342,74,19.8,15558,48,29.2,8.4,250,0.341,0
1,12,0.335,67,20.2,15559,52,32.0,3.1,280,0.341,0
100,38,0.388,86,34.9,15560,100,27.1,17.4,117,0.341,1
0,5,0.389,84,28.8,15561,17,27.0,6.2,144,0.341,1
0,1,0.388,80,14.0,15562,2,27.9,3.3,189,0.341,0
0,26,0.387,85,8.3,15563,90,27.4,3.3,234,0.341,0
0,24,0.354,87,4.3,15564,100,27.9,9.4,142,0.341,0
0,3,0.354,90,9.0,15565,100,27.5,5.9,145,0.341,0
0,98,0.354,92,6.8,15566,62,27.2,7.1,100,0.341,0
0,70,0.353,93,7.6,15567,74,27.0,6.8,65,0.341,0
9,8,0.353,96,6.5,15568,94,26.4,5.0,60,0.341,0
8,27,0.353,95,5.8,15569,100,26.3,5.4,50,0.341,0
1,100,0.34,93,7.6,15570,100,26.3,2.8,40,0.341,0
0,100,0.339,93,7.6,15571,100,26.5,5.2,295,0.341,0
1,95,0.339,92,8.6,15572,100,26.4,4.2,335,0.341,0
5,16,0.339,93,5.8,15573,100,26.1,3.5,9,0.341,0
7,10,0.339,95,6.1,15574,100,25.8,6.3,342,0.341,0
13,9,0.339,96,14.8,15575,95,25.5,13.9,324,0.341,0
12,9,0.35,94,15.1,15576,100,25.6,6.1,293,0.341,0
18,48,0.36,86,16.6,15577,74,27.0,7.5,8,0.341,1
21,23,0.359,81,17.3,15578,5,28.0,8.7,8,0.341,0
0,5,0.356,75,20.5,15579,10,29.5,6.1,28,0.341,1
15,6,0.352,71,18.7,15580,7,30.5,4.7,32,0.341,1
100,15,0.346,64,17.3,15581,20,31.4,4.3,45,0.34,0
5,13,0.341,80,15.1,15582,27,27.7,10.0,263,0.34,0
2,6,0.335,71,21.2,15583,34,30.0,4.7,4,0.34,0
1,31,0.342,75,22.3,15584,50,28.9,6.3,35,0.34,1
0,12,0.339,74,16.2,15585,38,28.9,4.1,52,0.34,0
0,11,0.336,75,11.2,15586,8,28.9,0.5,45,0.34,0
1,20,0.335,82,5.0,15587,84,28.2,3.9,283,0.34,0
0,100,0.365,85,4.3,15588,100,28.0,2.3,299,0.34,0
5,100,0.373,86,5.0,15589,100,27.6,2.0,100,0.34,1
0,59,0.374,89,9.4,15590,100,27.5,7.5,159,0.34,0
42,70,0.479,94,10.4,15591,96,26.1,6.5,138,0.34,1
15,100,0.478,95,9.0,15592,57,26.0,8.5,258,0.34,1
5,100,0.474,96,12.6,15593,60,25.6,12.0,254,0.34,0
0,52,0.476,95,13.0,15594,100,26.1,8.2,278,0.34,0
19,50,0.473,97,6.8,15595,100,25.6,6.5,314,0.34,0
15,11,0.47,97,9.4,15596,100,25.6,5.6,327,0.34,0
15,2,0.468,99,6.8,15597,100,25.2,6.7,357,0.34,0
8,12,0.465,99,9.0,15598,100,25.0,7.0,12,0.34,0
5,14,0.463,98,9.4,15599,100,25.0,9.9,25,0.34,0
47,45,0.361,91,12.2,15600,100,25.5,2.4,42,0.34,0
1,14,0.361,90,10.8,15601,100,26.4,3.1,225,0.34,0
9,13,0.359,85,12.2,15602,100,27.8,4.0,306,0.34,0
9,2,0.356,79,15.5,15603,99,29.4,0.8,45,0.34,0
3,8,0.353,73,14.4,15604,100,30.3,1.7,122,0.34,0
4,8,0.347,69,16.2,15605,99,31.1,2.9,150,0.34,0
14,17,0.357,65,20.2,15606,100,32.2,4.5,173,0.34,0
16,36,0.406,77,27.0,15607,100,29.0,13.8,129,0.34,1
3,16,0.425,84,26.3,15608,100,27.2,9.8,67,0.34,1
2,2,0.422,81,21.6,15609,95,27.3,5.6,33,0.34,0
1,13,0.42,80,12.2,15610,96,27.6,4.9,356,0.34,0
1,27,0.418,87,11.2,15611,95,27.0,3.4,18,0.34,0
3,31,0.421,88,6.5,15612,100,26.7,15.0,119,0.34,0
2,4,0.421,89,16.6,15613,100,26.5,13.6,132,0.34,0
4,14,0.42,91,11.5,15614,100,26.6,11.0,132,0.34,0
2,8,0.419,93,7.9,15615,100,26.5,9.8,144,0.34,0
3,14,0.419,94,6.1,15616,100,26.4,6.2,131,0.34,0
2,27,0.418,95,3.6,15617,100,26.2,5.2,158,0.34,0
8,14,0.412,88,6.8,15618,100,26.5,2.5,176,0.34,0
5,20,0.411,91,5.4,15619,100,26.4,2.6,56,0.34,0
0,0,0.411,95,5.4,15620,100,26.0,1.5,69,0.34,0
2,13,0.41,96,10.1,15621,100,25.8,7.8,341,0.34,0
3,1,0.41,96,11.5,15622,100,25.4,9.8,329,0.34,0
7,9,0.409,97,10.8,15623,100,25.2,10.1,340,0.34,0
23,5,0.412,95,9.7,15624,100,25.8,8.0,38,0.34,0
8,10,0.412,91,15.8,15625,100,27.0,4.6,59,0.34,0
3,15,0.411,86,15.5,15626,100,28.1,2.2,66,0.34,1
2,20,0.407,78,15.8,15627,100,29.5,0.7,270,0.34,0
9,23,0.402,73,16.9,15628,94,30.5,1.5,216,0.34,0
9,50,0.396,71,16.9,15629,79,31.1,1.2,207,0.34,0
14,32,0.391,66,16.6,15630,93,31.6,4.2,170,0.34,1
98,11,0.385,67,19.1,15631,90,31.2,7.2,176,0.34,0
3,35,0.421,72,20.5,15632,97,29.8,7.9,180,0.34,1
3,13,0.418,75,19.1,15633,100,28.9,9.3,36,0.34,0
1,16,0.417,84,18.4,15634,100,27.4,12.5,49,0.34,0
0,7,0.415,88,17.6,15635,100,26.6,13.0,62,0.34,0
3,5,0.372,90,14.4,15636,100,26.5,7.6,72,0.34,0
5,33,0.372,91,11.2,15637,100,26.2,7.8,48,0.34,0
18,23,0.396,92,10.8,15638,100,25.9,6.7,34,0.34,1
2,34,0.417,96,14.8,15639,100,25.2,11.8,11,0.34,1
11,13,0.416,97,15.5,15640,100,25.0,15.5,8,0.34,0
69,83,0.506,97,17.6,15641,100,24.3,13.8,352,0.34,1
35,16,0.488,97,13.3,15642,100,25.4,7.3,155,0.34,0
74,95,0.51,99,12.2,15643,100,24.4,7.1,100,0.34,1
20,2,0.508,97,9.7,15644,100,24.7,5.9,38,0.34,1
4,1,0.5,97,11.2,15645,100,24.5,9.1,41,0.34,1
9,21,0.494,97,9.7,15646,100,24.3,7.4,1,0.34,1
27,10,0.49,97,8.6,15647,100,24.4,4.2,353,0.34,1
5,16,0.469,96,10.1,15648,100,25.5,7.3,10,0.34,0
4,10,0.468,92,14.4,15649,100,26.7,4.5,355,0.34,0
8,17,0.465,87,15.5,15650,99,27.5,3.0,25,0.34,0
100,13,0.46,81,15.5,15651,38,28.6,3.3,29,0.34,0
100,8,0.454,75,18.0,15652,54,29.6,5.1,67,0.34,0
100,6,0.451,74,18.0,15653,93,29.0,4.7,83,0.34,0
2,49,0.47,82,20.5,15654,100,27.3,7.0,176,0.34,1
2,28,0.468,82,13.7,15655,100,27.5,6.1,76,0.34,0
2,2,0.464,83,17.3,15656,100,27.2,5.7,46,0.34,0
0,12,0.461,84,13.0,15657,100,27.2,3.3,103,0.34,0
1,6,0.458,85,13.0,15658,100,27.2,7.4,113,0.34,0
11,43,0.457,90,13.3,15659,100,26.6,11.4,109,0.34,0
5,2,0.438,89,13.0,15660,100,26.9,7.8,116,0.34,0
7,19,0.438,90,9.0,15661,100,26.7,9.4,97,0.34,0
14,11,0.437,91,10.1,15662,100,26.6,10.1,86,0.34,0
16,23,0.438,91,9.7,15663,100,26.4,7.7,62,0.34,1
13,33,0.439,93,8.3,15664,100,26.0,9.0,78,0.34,1
4,18,0.439,94,9.7,15665,100,25.6,9.9,88,0.34,0
4,4,0.431,96,9.4,15666,100,25.7,6.2,120,0.34,0
41,38,0.444,91,8.3,15667,100,25.5,10.2,103,0.34,1
49,31,0.451,94,9.7,15668,100,25.1,7.7,99,0.34,1
25,15,0.45,95,6.5,15669,100,25.3,7.8,98,0.34,0
64,38,0.476,91,8.6,15670,100,25.0,10.1,80,0.34,1
98,56,0.502,93,12.2,15671,100,24.9,11.5,140,0.34,1
1,100,0.466,93,13.0,15672,85,25.5,3.7,129,0.34,1
56,98,0.47,90,13.0,15673,100,26.0,6.8,180,0.34,1
9,97,0.472,88,14.8,15674,100,27.2,4.2,170,0.34,1
5,94,0.471,84,15.8,15675,98,28.4,2.3,141,0.34,1
16,14,0.467,79,15.5,15676,96,29.1,1.3,135,0.34,1
92,16,0.462,74,18.4,15677,80,30.0,4.2,140,0.34,1
19,13,0.451,68,20.5,15678,83,31.0,4.6,206,0.34,1
13,27,0.445,72,23.0,15679,67,30.4,7.2,233,0.34,0
10,13,0.438,69,22.3,15680,73,30.8,8.3,193,0.34,0
7,13,0.434,65,19.4,15681,95,30.4,10.2,187,0.34,0
22,20,0.432,72,18.4,15682,98,29.2,10.2,189,0.34,0
23,56,0.431,82,13.0,15683,100,28.1,6.7,199,0.34,0
2,1,0.407,87,4.3,15684,98,27.5,7.3,136,0.34,0
2,88,0.406,89,6.5,15685,100,27.1,5.1,94,0.34,0
0,80,0.406,92,11.2,15686,100,26.8,10.1,86,0.34,0
0,84,0.406,91,13.7,15687,100,26.4,11.5,70,0.34,0
0,80,0.406,92,14.4,15688,100,26.1,10.5,78,0.34,0
0,98,0.405,93,11.2,15689,100,25.9,8.6,75,0.34,0
0,100,0.401,94,9.7,15690,100,25.9,6.4,52,0.34,0
0,100,0.404,95,9.4,15691,100,25.8,9.2,42,0.34,1
0,100,0.408,95,9.0,15692,100,25.5,9.8,30,0.34,1
0,89,0.408,95,9.0,15693,100,25.4,10.5,348,0.34,0
0,94,0.408,95,11.5,15694,100,25.1,13.0,354,0.34,0
2,64,0.408,95,13.0,15695,100,25.0,15.1,358,0.34,0
0,99,0.406,94,16.6,15696,61,25.5,15.5,351,0.34,0
16,32,0.406,92,18.4,15697,1,26.1,13.7,350,0.34,0
9,7,0.403,82,27.4,15698,21,28.0,15.7,358,0.34,0
5,16,0.398,75,26.3,15699,0,29.6,12.2,1,0.34,0
13,12,0.392,67,25.6,15700,84,30.9,13.3,21,0.34,0
9,11,0.386,64,25.6,15701,90,31.5,10.8,32,0.34,0
5,10,0.377,61,24.5,15702,100,32.0,9.6,41,0.34,0
13,36,0.37,61,22.3,15703,59,32.4,8.1,47,0.34,0
9,13,0.364,62,21.6,15704,41,32.3,7.8,42,0.34,0
3,8,0.359,65,23.0,15705,28,31.8,8.2,9,0.34,0
7,14,0.363,67,19.8,15706,34,31.0,7.0,12,0.34,1
9,14,0.362,75,11.5,15707,17,29.8,14.2,359,0.34,0
2,24,0.339,77,14.8,15708,80,29.2,12.5,305,0.34,0
19,56,0.339,86,19.4,15709,53,27.4,17.4,349,0.34,0
6,30,0.339,88,21.2,15710,51,27.0,19.6,336,0.34,0
10,28,0.339,88,24.5,15711,79,26.3,19.2,354,0.34,0
0,8,0.339,90,20.5,15712,90,26.0,18.4,348,0.34,0
5,1,0.339,92,19.1,15713,89,25.8,18.4,345,0.34,0
1,0,0.331,94,19.1,15714,24,25.9,13.9,346,0.34,0
6,5,0.332,94,12.2,15715,100,25.9,14.1,339,0.34,0
8,0,0.332,95,11.5,15716,98,25.8,13.4,334,0.34,0
9,0,0.332,96,11.9,15717,100,25.6,12.8,341,0.34,0
2,2,0.332,96,10.4,15718,100,25.5,11.4,12,0.34,0
8,0,0.332,97,9.4,15719,99,25.3,7.7,36,0.34,0
1,1,0.345,92,12.2,15720,100,26.5,10.5,29,0.34,0
4,7,0.344,87,13.7,15721,100,27.9,9.7,27,0.34,0
5,1,0.342,78,20.2,15722,100,29.4,9.9,55,0.34,0
3,2,0.338,72,27.4,15723,100,30.4,12.1,55,0.34,0
5,7,0.332,70,28.1,15724,100,31.1,10.5,49,0.34,0
11,5,0.327,69,28.1,15725,100,31.6,9.7,59,0.34,0
5,8,0.318,57,28.1,15726,99,32.7,14.2,69,0.34,1
24,55,0.315,62,34.2,15727,96,31.4,18.2,102,0.34,1
1,3,0.313,68,31.7,15728,63,30.8,3.0,287,0.34,1
9,10,0.309,67,14.8,15729,81,31.2,6.5,346,0.34,0
9,16,0.306,69,17.3,15730,100,30.6,10.5,8,0.34,0
13,17,0.305,78,15.1,15731,100,29.5,9.6,354,0.34,0
8,6,0.438,84,10.8,15732,100,28.6,10.8,52,0.34,0
2,9,0.437,85,9.7,15733,100,28.5,11.1,54,0.34,0
4,12,0.436,85,7.9,15734,100,28.1,12.2,38,0.34,0
6,40,0.435,86,7.6,15735,100,27.8,9.8,28,0.34,0
2,16,0.434,87,6.1,15736,100,27.5,9.3,16,0.34,0
6,16,0.433,90,9.4,15737,100,27.0,8.5,343,0.34,0
28,45,0.422,94,20.5,15738,100,26.1,29.1,335,0.34,0
5,23,0.437,94,33.8,15739,100,25.2,6.3,347,0.34,1
86,13,0.454,96,22.3,15740,100,24.5,12.1,330,0.34,1
4,3,0.453,94,15.1,15741,100,24.8,13.0,358,0.34,0
2,2,0.452,96,15.5,15742,99,24.5,15.6,325,0.34,0
2,2,0.45,96,21.2,15743,100,24.3,19.9,323,0.34,0
0,5,0.42,90,22.7,15744,98,26.8,17.3,4,0.34,0
3,7,0.418,84,20.9,15745,98,28.1,15.0,10,0.34,0
0,2,0.415,77,21.6,15746,100,29.8,12.0,9,0.34,0
0,6,0.411,71,26.6,15747,99,31.1,8.6,26,0.34,1
7,2,0.407,69,24.8,15748,98,31.7,5.0,44,0.34,1
24,1,0.402,68,22.0,15749,100,31.9,3.2,74,0.34,1
59,6,0.393,63,20.9,15750,100,33.0,7.7,78,0.34,0
10,25,0.459,85,36.0,15751,100,27.5,18.5,187,0.34,1
5,34,0.454,78,28.8,15752,100,28.8,3.0,218,0.34,0
1,14,0.449,75,15.5,15753,100,29.5,7.1,313,0.34,0
1,12,0.445,77,15.5,15754,100,29.1,5.8,292,0.34,0
1,6,0.442,84,10.1,15755,100,28.2,7.1,291,0.34,0
0,10,0.431,87,9.0,15756,100,28.4,7.6,245,0.34,0
0,7,0.429,87,7.2,15757,100,28.1,8.5,241,0.34,0
6,27,0.428,88,6.5,15758,100,27.8,7.1,255,0.34,0
22,53,0.428,90,16.2,15759,84,27.1,15.8,339,0.34,0
10,38,0.428,92,16.6,15760,94,26.8,12.0,321,0.34,0
0,26,0.429,92,15.5,15761,100,26.4,15.7,338,0.34,1
12,23,0.427,95,15.8,15762,100,25.0,15.0,334,0.34,0
16,13,0.427,97,15.8,15763,100,25.2,14.0,353,0.34,0
10,2,0.427,97,11.9,15764,100,25.3,12.4,347,0.34,0
24,7,0.426,98,18.0,15765,100,25.2,16.8,325,0.34,0
28,3,0.425,96,20.5,15766,100,24.8,16.8,342,0.34,0
2,4,0.425,95,19.4,15767,98,24.5,15.7,349,0.34,0
0,4,0.448,89,16.6,15768,99,26.9,14.9,15,0.34,0
13,28,0.446,84,19.4,15769,97,28.0,11.5,41,0.34,0
18,15,0.456,83,18.4,15770,88,27.9,6.0,85,0.34,1
5,3,0.451,76,17.3,15771,91,29.5,6.2,68,0.34,0
7,5,0.443,71,23.8,15772,92,30.9,9.7,68,0.34,0
19,10,0.434,67,27.0,15773,71,31.5,11.4,63,0.34,0
12,12,0.426,63,28.1,15774,44,32.0,9.0,59,0.34,0
10,95,0.441,74,30.2,15775,63,28.6,16.4,71,0.34,1
2,16,0.439,73,28.4,15776,67,28.8,3.6,143,0.34,1
1,16,0.433,68,11.2,15777,34,30.7,4.6,339,0.34,0
0,67,0.43,67,11.9,15778,13,30.6,2.5,360,0.34,0
0,20,0.428,77,4.7,15779,60,29.6,2.1,232,0.34,0
0,13,0.383,85,5.0,15780,100,28.4,3.7,14,0.34,0
1,5,0.383,88,5.8,15781,100,28.0,6.4,324,0.34,0
19,94,0.384,85,10.8,15782,100,27.8,13.7,16,0.34,0
9,99,0.397,90,21.6,15783,100,25.8,15.2,73,0.34,1
10,24,0.413,94,16.9,15784,100,25.0,6.5,90,0.34,1
10,20,0.417,95,7.6,15785,100,24.9,3.4,302,0.34,1
1,21,0.409,90,7.6,15786,100,26.1,12.8,71,0.34,0
9,14,0.408,90,9.7,15787,100,26.1,10.3,43,0.34,0
38,24,0.445,96,34.2,15788,100,24.5,21.7,266,0.34,1
20,61,0.472,97,36.7,15789,100,23.7,15.7,324,0.34,1
26,27,0.472,97,18.0,15790,100,23.8,14.8,324,0.34,1
27,16,0.469,97,16.2,15791,100,24.0,11.6,292,0.34,0
8,6,0.411,97,15.5,15792,91,25.8,12.3,323,0.34,0
1,9,0.41,90,15.5,15793,100,27.1,7.6,332,0.34,0
1,1,0.407,79,18.7,15794,98,29.0,9.3,342,0.34,0
1,3,0.402,71,23.0,15795,100,30.4,7.3,17,0.34,0
5,4,0.396,66,24.8,15796,98,31.4,8.2,49,0.34,0
5,5,0.387,64,27.0,15797,84,32.0,10.1,55,0.34,0
11,31,0.38,62,27.0,15798,52,31.9,6.2,8,0.34,0
74,10,0.375,63,23.0,15799,15,32.2,6.7,9,0.34,1
82,12,0.37,63,21.2,15800,54,32.0,1.6,6,0.34,0
21,8,0.366,64,12.2,15801,84,31.8,1.3,352,0.34,0
0,16,0.376,77,14.4,15802,64,29.1,5.1,148,0.34,1
7,29,0.376,86,11.2,15803,27,28.1,3.8,177,0.34,0
4,29,0.447,95,5.4,15804,100,26.1,5.2,70,0.34,0
4,100,0.445,91,7.9,15805,100,26.6,4.0,188,0.34,0
4,100,0.443,92,6.1,15806,100,26.7,1.3,236,0.34,0
2,100,0.441,93,11.2,15807,100,26.5,9.1,262,0.34,0
0,9,0.439,95,10.8,15808,100,26.4,8.7,288,0.34,0
1,7,0.438,96,10.4,15809,100,26.1,12.9,293,0.34,0
8,12,0.434,95,11.9,15810,99,27.2,17.5,221,0.34,0
100,73,0.47,99,23.8,15811,100,24.6,12.8,334,0.34,1
52,5,0.475,98,20.9,15812,100,24.6,4.9,57,0.34,1
8,25,0.471,98,11.5,15813,100,24.5,10.5,301,0.34,0
13,0,0.467,98,14.8,15814,100,24.2,12.9,319,0.34,0
1,9,0.464,97,13.3,15815,100,24.1,10.3,325,0.34,0
0,12,0.43,89,14.0,15816,98,26.7,8.5,12,0.34,0
0,3,0.428,85,10.1,15817,99,28.0,5.1,8,0.34,0
7,7,0.424,76,12.6,15818,66,29.5,4.5,34,0.34,0
2,2,0.417,66,25.2,15819,84,30.9,6.1,50,0.34,0
0,1,0.41,62,27.0,15820,100,31.7,6.9,43,0.34,0
5,1,0.401,60,28.4,15821,100,32.0,7.5,42,0.34,0
11,9,0.392,58,18.4,15822,100,32.7,6.9,28,0.34,0
13,9,0.384,58,22.7,15823,100,32.5,8.5,36,0.34,0
4,3,0.378,58,22.7,15824,84,32.4,8.0,34,0.34,0
9,6,0.372,57,20.5,15825,48,32.2,10.0,38,0.34,0
5,5,0.368,63,22.3,15826,57,31.0,11.9,38,0.34,0
2,6,0.367,73,13.7,15827,92,29.4,11.7,32,0.34,0
0,14,0.364,75,7.9,15828,91,28.5,11.7,11,0.34,0
0,2,0.363,75,10.1,15829,84,28.3,14.1,6,0.34,0
0,2,0.362,77,11.2,15830,94,27.9,15.3,20,0.34,0
1,3,0.362,76,12.2,15831,96,27.9,17.8,40,0.34,0
5,7,0.361,79,12.6,15832,95,27.5,15.2,42,0.34,0
2,3,0.361,83,10.4,15833,20,26.8,11.3,47,0.34,0
0,2,0.363,82,7.6,15834,100,26.8,17.0,81,0.34,0
0,2,0.362,79,14.4,15835,100,26.6,17.7,70,0.34,0
0,2,0.362,80,14.4,15836,100,26.1,15.8,67,0.34,0
0,0,0.361,81,11.2,15837,100,25.9,14.9,65,0.34,0
0,0,0.361,83,10.8,15838,100,25.5,13.2,59,0.34,0
0,0,0.36,85,11.2,15839,100,25.2,13.8,41,0.34,0
0,0,0.361,82,12.2,15840,100,26.2,10.7,46,0.34,0
0,0,0.359,77,12.2,15841,100,27.5,7.1,45,0.34,0
0,0,0.356,71,16.6,15842,100,28.6,8.2,49,0.34,0
7,5,0.352,67,19.4,15843,100,29.5,9.6,34,0.34,0
6,5,0.346,64,22.3,15844,99,30.1,11.3,29,0.34,0
11,10,0.34,61,27.0,15845,27,30.5,15.2,46,0.34,0
10,10,0.333,61,33.8,15846,60,30.5,12.5,43,0.34,0
19,9,0.326,58,28.1,15847,2,31.0,14.0,47,0.34,0
7,4,0.32,58,25.9,15848,9,31.0,14.0,54,0.34,0
3,5,0.315,61,24.8,15849,0,30.6,13.0,41,0.339,0
8,9,0.312,63,21.6,15850,14,30.1,12.7,35,0.339,0
4,9,0.311,73,14.8,15851,88,28.8,11.0,24,0.339,0
10,22,0.316,75,7.6,15852,56,28.6,11.1,22,0.339,0
12,12,0.315,76,8.3,15853,73,28.1,13.0,44,0.339,0
4,8,0.314,76,12.6,15854,92,27.7,16.8,75,0.339,0
0,6,0.314,76,15.8,15855,100,27.0,17.3,62,0.339,0
0,5,0.313,79,14.0,15856,100,26.4,14.7,50,0.339,0
0,4,0.313,81,10.8,15857,100,25.9,13.8,51,0.339,0
0,1,0.315,83,10.1,15858,100,26.0,12.9,57,0.339,0
0,0,0.314,84,10.4,15859,100,25.6,12.1,48,0.339,0
0,0,0.314,85,11.5,15860,98,25.3,13.7,40,0.339,0
0,0,0.314,85,13.3,15861,50,25.0,16.3,43,0.339,0
1,2,0.313,84,16.2,15862,100,24.9,17.9,49,0.339,0
4,9,0.313,84,16.6,15863,100,24.6,17.2,53,0.339,0
0,2,0.313,85,15.1,15864,100,25.3,13.6,44,0.339,0
2,1,0.312,78,15.5,15865,95,26.5,8.8,33,0.339,0
0,1,0.309,72,19.1,15866,84,27.9,9.5,19,0.339,0
11,1,0.305,67,24.8,15867,89,29.0,12.5,23,0.339,0
13,5,0.299,62,27.0,15868,37,29.8,13.4,29,0.339,0
17,18,0.293,60,28.4,15869,37,30.3,15.2,40,0.339,0
17,14,0.291,58,34.6,15870,46,30.5,16.7,38,0.339,0
12,32,0.284,57,33.8,15871,100,30.6,19.5,49,0.339,0
6,26,0.279,59,33.8,15872,99,30.0,16.1,55,0.339,0
12,17,0.274,58,28.1,15873,100,30.2,14.1,48,0.339,0
6,12,0.271,62,23.4,15874,100,29.6,14.1,39,0.339,0
3,9,0.27,72,17.3,15875,100,28.0,12.1,25,0.339,0
1,12,0.27,71,11.9,15876,100,27.6,16.0,52,0.339,0
0,13,0.27,75,12.6,15877,100,27.0,16.7,44,0.339,0
1,2,0.269,78,14.4,15878,100,26.5,17.9,37,0.339,0
0,4,0.269,79,14.8,15879,100,26.0,17.3,47,0.339,0
0,3,0.269,82,13.0,15880,100,25.5,14.8,52,0.339,0
0,2,0.268,83,10.4,15881,100,25.1,13.5,54,0.339,0
2,6,0.267,84,9.4,15882,100,25.3,15.1,67,0.339,0
1,1,0.267,83,15.1,15883,100,25.1,17.9,61,0.339,0
3,0,0.266,79,20.2,15884,100,25.0,20.9,62,0.339,0
4,0,0.266,77,20.2,15885,100,24.8,19.2,58,0.339,0
3,0,0.265,78,17.6,15886,100,24.3,16.6,48,0.339,0
6,4,0.265,83,13.3,15887,100,23.8,13.2,50,0.339,0
3,0,0.265,80,8.6,15888,100,24.7,12.9,65,0.339,0
5,2,0.264,72,16.6,15889,100,26.0,10.9,77,0.339,0
3,0,0.261,66,23.0,15890,83,27.4,13.4,64,0.339,0
0,0,0.256,63,27.7,15891,89,28.6,15.7,60,0.339,0
0,0,0.251,60,29.2,15892,93,29.8,15.7,58,0.339,0
1,0,0.245,57,29.9,15893,91,30.7,15.8,63,0.339,0
16,8,0.238,54,31.7,15894,100,31.2,15.5,57,0.339,0
16,23,0.234,53,28.8,15895,6,31.4,13.6,51,0.339,1
6,90,0.23,54,26.6,15896,0,31.1,12.0,51,0.339,0
12,12,0.227,55,23.0,15897,0,30.9,12.8,52,0.339,0
14,6,0.225,58,20.9,15898,84,30.4,13.3,49,0.339,0
1,9,0.224,69,16.9,15899,29,28.6,13.4,29,0.339,0
2,100,0.229,70,10.4,15900,1,28.8,14.2,3,0.339,0
13,91,0.228,75,12.6,15901,71,28.1,13.4,14,0.339,0
4,7,0.228,77,9.7,15902,76,27.9,13.0,31,0.339,0
7,23,0.228,79,8.6,15903,95,27.4,12.1,53,0.339,0
6,4,0.228,84,8.3,15904,100,26.6,10.8,75,0.339,0
23,7,0.228,87,7.2,15905,100,26.1,9.5,88,0.339,0
8,4,0.228,86,5.4,15906,100,26.0,10.3,78,0.339,0
1,3,0.228,87,5.8,15907,100,25.5,9.1,56,0.339,0
3,0,0.228,88,6.8,15908,100,25.2,11.8,62,0.339,0
2,0,0.228,86,8.6,15909,100,25.1,13.7,65,0.339,0
2,0,0.228,85,8.6,15910,90,24.8,13.5,67,0.339,0
3,7,0.228,83,8.3,15911,98,24.7,14.2,74,0.339,0
5,23,0.231,87,13.3,15912,99,25.5,6.0,80,0.339,0
2,13,0.23,74,11.2,15913,99,27.1,5.6,65,0.339,0
3,12,0.228,66,17.3,15914,78,28.5,7.7,57,0.339,0
0,18,0.224,60,20.2,15915,78,29.9,8.8,62,0.339,0
3,39,0.219,56,27.0,15916,47,31.0,13.8,68,0.339,0
2,1,0.214,55,32.0,15917,100,31.5,13.9,73,0.339,0
16,7,0.214,56,31.7,15918,92,31.2,14.8,69,0.339,0
6,5,0.209,56,33.1,15919,59,31.9,14.3,66,0.339,0
22,15,0.208,57,31.0,15920,84,31.4,12.1,69,0.339,1
7,26,0.206,59,25.2,15921,87,31.2,11.6,71,0.339,0
2,9,0.233,70,28.1,15922,98,29.0,8.2,50,0.339,1
2,11,0.232,77,13.3,15923,100,28.2,8.1,17,0.339,0
0,9,0.202,78,10.8,15924,100,27.5,9.7,15,0.339,0
0,16,0.202,82,9.4,15925,100,27.1,8.3,16,0.339,0
2,2,0.202,84,7.2,15926,100,26.9,8.3,16,0.339,0
0,7,0.202,87,7.6,15927,100,26.4,7.1,15,0.339,0
2,5,0.202,88,7.2,15928,100,26.1,7.7,357,0.339,0
2,7,0.202,88,7.6,15929,100,25.9,8.2,9,0.339,0
10,3,0.195,90,8.3,15930,100,26.2,9.1,32,0.339,0
1,11,0.195,87,10.1,15931,100,26.4,11.7,45,0.339,0
8,2,0.195,86,13.7,15932,100,26.2,16.6,73,0.339,0
2,10,0.195,81,18.0,15933,100,26.0,18.5,62,0.339,0
0,5,0.195,80,18.0,15934,100,25.9,18.2,55,0.339,0
8,6,0.195,78,17.3,15935,98,25.8,18.8,53,0.339,0
4,9,0.194,72,22.0,15936,96,26.5,20.9,61,0.339,0
0,0,0.193,68,24.5,15937,99,27.6,16.7,56,0.339,0
0,0,0.191,62,27.7,15938,97,28.9,16.0,47,0.339,0
6,0,0.188,57,32.4,15939,88,30.2,18.4,55,0.339,0
2,0,0.185,54,37.1,15940,52,31.2,20.5,61,0.339,0
9,5,0.181,51,42.5,15941,73,32.1,21.7,67,0.339,0
13,10,0.178,51,42.1,15942,2,32.2,22.6,75,0.339,0
17,14,0.177,50,41.0,15943,0,32.2,21.6,77,0.339,0
44,76,0.18,51,38.2,15944,3,31.9,20.9,87,0.339,1
0,36,0.182,55,35.3,15945,98,31.3,14.1,83,0.339,1
5,22,0.18,56,24.1,15946,100,31.0,15.2,83,0.339,0
6,29,0.179,62,23.4,15947,100,29.8,14.2,81,0.339,0
2,96,0.183,68,20.2,15948,100,28.6,15.4,80,0.339,0
0,48,0.183,70,15.1,15949,100,28.2,15.0,80,0.339,0
0,27,0.183,70,15.1,15950,91,28.0,16.6,77,0.339,0
0,34,0.183,72,16.6,15951,5,27.5,17.0,74,0.339,0
2,34,0.183,75,16.2,15952,76,27.0,15.9,84,0.339,0
0,80,0.183,77,18.0,15953,90,26.5,18.2,88,0.339,0
0,66,0.183,79,18.0,15954,63,26.1,16.2,82,0.339,0
0,50,0.184,81,14.4,15955,0,25.9,13.0,80,0.339,0
2,48,0.184,85,10.1,15956,0,25.5,9.4,73,0.339,0
2,64,0.184,85,7.2,15957,0,25.4,8.9,54,0.339,0
1,54,0.185,86,7.2,15958,9,25.1,7.9,20,0.339,0
0,63,0.185,89,6.8,15959,60,24.7,7.6,355,0.339,0
2,70,0.186,86,8.3,15960,81,25.3,7.0,334,0.339,0
1,100,0.186,79,9.0,15961,38,26.2,3.1,332,0.339,0
0,100,0.185,74,9.0,15962,41,27.1,2.5,356,0.339,0
0,72,0.184,67,11.5,15963,42,28.5,2.7,356,0.339,0
0,100,0.182,60,16.6,15964,32,30.3,5.1,32,0.339,0
7,30,0.18,57,18.0,15965,2,30.8,7.0,44,0.339,0
7,100,0.179,51,31.7,15966,1,31.4,10.9,45,0.339,0
11,100,0.177,52,20.2,15967,0,31.2,10.4,45,0.339,0
5,100,0.176,54,19.4,15968,0,30.6,9.4,50,0.339,0
9,100,0.175,57,17.6,15969,0,30.3,11.3,51,0.339,0
0,100,0.175,64,16.9,15970,10,29.6,7.6,71,0.339,0
2,100,0.175,73,8.3,15971,54,28.5,7.8,85,0.339,0
0,91,0.177,70,6.5,15972,13,28.3,10.4,58,0.339,0
0,100,0.177,75,8.3,15973,73,27.8,9.4,50,0.339,0
4,100,0.178,80,6.8,15974,98,27.4,6.2,54,0.339,0
8,57,0.178,83,4.3,15975,20,27.0,0.9,101,0.339,0
17,97,0.179,83,6.8,15976,32,26.5,6.4,259,0.339,0
9,100,0.179,84,9.4,15977,100,26.4,7.6,297,0.339,0
0,95,0.178,79,11.5,15978,97,26.6,13.1,323,0.339,0
12,97,0.179,73,13.0,15979,94,27.0,12.0,339,0.339,0
13,41,0.182,70,16.6,15980,97,26.6,10.9,333,0.339,1
2,45,0.182,75,13.3,15981,30,26.2,13.6,334,0.339,0
0,37,0.182,80,13.3,15982,0,25.5,13.1,337,0.339,0
0,73,0.183,82,11.9,15983,98,25.2,13.4,353,0.339,0
0,100,0.175,71,14.0,15984,11,27.0,21.5,8,0.339,0
2,100,0.175,69,25.9,15985,0,28.0,21.8,2,0.339,0
0,100,0.174,68,25.9,15986,28,28.8,17.3,359,0.339,0
11,100,0.174,64,28.8,15987,61,29.7,18.0,19,0.339,0
3,100,0.177,65,29.5,15988,80,29.3,15.7,27,0.339,1
3,100,0.177,62,26.6,15989,64,29.5,12.7,8,0.339,0
5,98,0.178,63,22.7,15990,87,29.8,15.1,3,0.339,0
32,39,0.178,64,31.0,15991,98,30.1,16.3,21,0.339,0
1,100,0.183,70,31.0,15992,69,29.0,10.0,33,0.339,1
5,7,0.183,69,19.4,15993,70,29.4,6.7,16,0.339,0
11,16,0.182,66,15.1,15994,100,29.8,4.8,22,0.339,0
9,69,0.182,77,8.3,15995,100,28.9,3.6,37,0.339,0
2,38,0.164,68,3.2,15996,84,29.0,10.9,17,0.339,0
6,60,0.164,69,10.1,15997,95,28.9,11.4,15,0.339,0
20,55,0.164,69,11.2,15998,97,28.6,12.4,19,0.339,0
18,100,0.164,72,18.7,15999,100,27.9,16.1,328,0.339,0
2,98,0.164,77,18.4,16000,94,27.1,12.5,317,0.339,0
2,100,0.164,83,16.2,16001,97,26.5,13.2,307,0.339,0
9,75,0.162,84,15.8,16002,95,26.2,5.6,253,0.339,0
2,98,0.162,84,9.0,16003,100,26.5,10.2,294,0.339,0
11,100,0.162,86,9.7,16004,100,26.6,11.1,351,0.339,0
4,97,0.162,79,17.3,16005,36,27.1,17.6,13,0.339,0
1,100,0.162,71,26.6,16006,54,27.0,21.8,7,0.339,0
1,100,0.162,73,25.9,16007,82,26.6,17.5,5,0.339,0
0,17,0.189,83,19.1,16008,23,26.7,11.2,37,0.339,0
2,23,0.188,75,17.6,16009,65,28.0,9.8,32,0.339,0
1,8,0.187,67,19.4,16010,2,29.2,9.4,24,0.338,0
4,6,0.184,59,32.8,16011,5,30.8,10.7,30,0.338,0
13,100,0.181,52,28.8,16012,93,32.0,14.9,35,0.338,0
22,100,0.179,53,30.2,16013,100,31.2,18.0,47,0.338,0
5,100,0.179,56,30.6,16014,70,30.8,14.5,55,0.338,0
20,52,0.178,55,31.3,16015,74,30.9,16.7,42,0.338,0
14,7,0.178,56,32.8,16016,90,31.4,18.1,62,0.338,1
4,15,0.177,57,31.7,16017,41,30.9,13.9,65,0.338,0
2,83,0.175,61,24.1,16018,89,30.2,11.9,72,0.338,0
1,100,0.176,68,19.8,16019,100,29.0,14.1,62,0.338,0
0,100,0.184,75,17.3,16020,100,27.8,12.2,37,0.338,1
0,100,0.189,80,11.2,16021,100,27.5,8.3,56,0.338,1
1,95,0.193,84,6.5,16022,100,27.2,4.5,74,0.338,1
9,71,0.196,86,5.0,16023,100,26.9,6.3,93,0.338,1
11,43,0.196,83,5.4,16024,100,26.7,1.0,211,0.338,0
9,84,0.198,85,6.1,16025,100,26.3,4.6,216,0.338,0
2,100,0.193,84,10.1,16026,100,26.8,6.4,112,0.338,0
2,84,0.193,86,6.1,16027,100,26.5,3.0,76,0.338,0
1,87,0.193,88,5.0,16028,100,26.1,1.5,14,0.338,0
2,6,0.193,89,5.0,16029,100,26.0,2.9,356,0.338,0
22,36,0.193,89,6.1,16030,100,26.0,5.1,262,0.338,0
20,98,0.195,89,16.9,16031,100,25.5,11.3,277,0.338,1
5,16,0.199,92,14.8,16032,100,25.9,13.2,316,0.338,0
100,100,0.203,88,19.1,16033,97,26.5,9.0,350,0.338,1
97,98,0.206,81,17.6,16034,72,26.8,11.4,355,0.338,1
100,100,0.212,75,33.8,16035,76,27.3,19.4,8,0.338,1
14,54,0.211,76,31.7,16036,91,27.2,12.5,7,0.338,0
34,28,0.208,67,28.8,16037,11,29.7,11.1,29,0.338,0
35,100,0.205,66,28.4,16038,0,29.2,13.8,33,0.338,0
22,100,0.203,71,27.7,16039,0,28.1,16.0,26,0.338,0
34,100,0.202,75,27.4,16040,0,27.6,14.6,22,0.338,0
21,100,0.2,77,24.1,16041,0,27.4,9.1,22,0.338,0
5,100,0.2,79,15.8,16042,5,27.0,8.1,13,0.338,0
8,100,0.2,82,11.9,16043,67,26.9,4.5,16,0.338,0
13,100,0.197,82,11.2,16044,38,26.6,13.6,26,0.338,1
63,100,0.211,90,13.7,16045,100,26.1,8.3,57,0.338,1
0,100,0.217,91,10.4,16046,100,25.9,11.2,38,0.338,1
11,76,0.218,93,11.2,16047,100,25.8,9.9,15,0.338,0
9,48,0.219,92,11.2,16048,100,25.5,9.8,14,0.338,0
3,20,0.219,93,10.4,16049,100,25.2,9.4,353,0.338,0
1,100,0.218,94,13.7,16050,100,25.9,7.5,48,0.338,0
22,77,0.218,97,9.4,16051,100,25.6,6.9,346,0.338,0
4,38,0.219,98,7.6,16052,100,25.3,4.5,7,0.338,0
4,31,0.22,98,7.9,16053,100,25.3,7.0,342,0.338,0
23,26,0.221,98,9.7,16054,100,25.0,9.6,339,0.338,0
13,38,0.222,97,10.8,16055,100,24.9,11.9,356,0.338,0
5,35,0.208,92,15.5,16056,93,25.9,8.7,18,0.338,0
10,13,0.208,85,15.8,16057,72,27.3,8.8,39,0.338,0
4,23,0.207,77,22.0,16058,79,29.0,10.9,61,0.338,0
10,16,0.204,70,23.0,16059,63,30.1,9.8,76,0.338,0
18,42,0.201,65,25.2,16060,86,31.1,10.1,84,0.338,0
27,38,0.197,63,25.2,16061,99,31.6,9.0,84,0.338,0
18,27,0.208,60,24.8,16062,98,31.5,6.0,100,0.338,0
9,42,0.204,60,22.3,16063,98,31.8,8.4,127,0.338,0
29,48,0.216,66,30.2,16064,100,29.9,17.7,157,0.338,1
4,85,0.216,78,30.2,16065,99,28.2,14.7,163,0.338,0
7,71,0.231,82,26.3,16066,100,27.4,18.0,151,0.338,1
42,38,0.254,84,24.8,16067,99,26.8,13.8,159,0.338,1
41,100,0.429,93,16.6,16068,100,26.1,14.8,167,0.338,1
5,59,0.433,92,19.1,16069,99,26.2,14.0,156,0.338,1
6,12,0.434,93,14.0,16070,100,26.1,14.5,149,0.338,1
34,26,0.434,94,13.3,16071,100,26.0,15.6,156,0.338,0
100,96,0.508,98,18.7,16072,100,25.0,16.7,119,0.338,1
41,30,0.495,96,16.9,16073,100,25.1,7.0,102,0.338,1
13,55,0.485,96,8.6,16074,100,24.9,12.2,139,0.338,0
93,30,0.482,98,9.0,16075,100,25.0,11.1,126,0.338,1
24,33,0.491,94,12.6,16076,100,25.3,10.9,160,0.338,1
93,25,0.486,93,9.4,16077,100,25.2,8.5,103,0.338,1
100,34,0.484,96,11.2,16078,100,25.0,10.2,104,0.338,1
100,88,0.492,94,12.2,16079,100,24.7,9.9,99,0.338,1
48,41,0.484,96,13.3,16080,95,25.2,10.5,83,0.338,1
100,38,0.483,89,18.0,16081,100,26.0,11.4,84,0.338,1
100,100,0.496,90,19.8,16082,99,25.8,13.1,103,0.338,1
9,50,0.502,94,20.9,16083,99,25.3,12.8,92,0.338,1
86,76,0.491,82,24.1,16084,95,28.0,11.7,108,0.338,0
7,6,0.484,80,23.8,16085,60,29.0,8.4,113,0.338,1
36,37,0.476,82,17.6,16086,99,27.9,13.6,163,0.338,1
18,41,0.477,90,22.7,16087,100,26.5,1.5,14,0.338,1
26,8,0.476,88,11.2,16088,100,26.9,5.2,121,0.338,1
26,13,0.474,83,15.1,16089,100,27.6,8.5,117,0.338,1
16,36,0.49,84,15.1,16090,92,27.4,5.7,143,0.338,1
9,73,0.493,95,13.0,16091,100,25.2,11.2,135,0.338,1
92,100,0.497,92,15.1,16092,100,25.7,10.0,195,0.338,1
55,100,0.506,96,14.0,16093,100,25.3,14.6,181,0.338,1
38,41,0.498,96,14.4,16094,100,25.4,16.0,177,0.338,1
0,91,0.493,94,16.2,16095,100,25.3,16.9,163,0.338,1
41,97,0.49,95,16.2,16096,100,25.0,8.4,157,0.338,1
10,100,0.487,96,15.5,16097,100,25.0,10.3,180,0.338,1
2,100,0.483,91,6.5,16098,100,25.5,4.4,109,0.338,1
9,95,0.485,96,8.3,16099,100,25.4,6.4,172,0.338,1
4,100,0.483,97,4.7,16100,100,25.2,4.9,129,0.338,1
23,100,0.481,99,11.5,16101,100,25.0,9.2,69,0.338,1
5,99,0.48,99,12.2,16102,100,24.8,10.7,76,0.339,1
0,23,0.478,98,11.2,16103,100,24.7,8.5,102,0.339,1
18,33,0.484,98,7.2,16104,100,25.1,9.8,84,0.339,1
31,20,0.482,94,19.4,16105,100,25.7,11.1,77,0.339,0
18,32,0.481,87,18.4,16106,97,27.0,8.8,109,0.339,1
4,5,0.477,81,19.8,16107,100,28.5,5.6,147,0.339,0
5,8,0.471,77,18.7,16108,98,29.5,4.8,149,0.339,0
100,10,0.465,74,18.0,16109,88,30.2,5.4,160,0.339,1
99,32,0.46,89,18.4,16110,91,26.4,14.1,231,0.339,0
31,51,0.494,87,22.0,16111,95,26.6,5.8,51,0.339,1
29,49,0.49,86,16.9,16112,100,27.1,2.7,148,0.339,1
54,98,0.486,85,13.0,16113,100,27.4,4.3,112,0.339,0
8,98,0.483,88,13.0,16114,100,26.9,8.9,96,0.339,0
25,85,0.481,93,11.5,16115,98,26.3,6.2,102,0.339,0
2,100,0.46,95,13.3,16116,99,26.4,5.9,162,0.339,1
7,100,0.471,98,7.9,16117,95,26.1,6.6,99,0.339,1
24,90,0.471,98,6.8,16118,98,26.0,9.1,108,0.339,1
86,97,0.47,92,7.6,16119,100,25.0,2.4,216,0.339,1
9,98,0.469,94,7.9,16120,100,25.1,9.1,190,0.339,1
91,84,0.469,95,6.5,16121,100,25.0,6.8,212,0.339,1
28,95,0.465,97,6.8,16122,96,24.4,12.3,83,0.339,1
7,100,0.468,98,15.8,16123,100,24.4,9.0,88,0.339,1
20,100,0.468,97,9.0,16124,100,24.4,5.6,68,0.339,1
9,100,0.467,99,11.2,16125,100,24.2,11.1,63,0.339,0
0,100,0.467,97,11.2,16126,100,24.1,11.4,64,0.34,0
5,98,0.466,96,10.1,16127,88,24.1,12.2,62,0.34,0
4,100,0.466,97,11.2,16128,21,24.8,9.1,69,0.34,0
7,100,0.465,96,12.2,16129,22,25.2,10.5,73,0.34,0
0,60,0.464,92,13.3,16130,95,25.9,7.0,72,0.34,0
0,90,0.462,82,13.0,16131,100,27.2,5.3,62,0.34,0
2,100,0.459,78,12.6,16132,82,27.5,4.9,17,0.34,0
0,97,0.455,72,15.5,16133,41,28.3,6.9,43,0.34,0
1,95,0.45,70,16.2,16134,4,29.6,8.2,40,0.34,0
2,41,0.444,69,20.2,16135,81,29.8,4.1,347,0.34,0
5,20,0.44,71,16.9,16136,100,29.5,4.2,329,0.34,0
7,97,0.437,73,13.7,16137,99,29.0,3.7,241,0.34,0
2,100,0.436,77,10.1,16138,99,28.4,3.1,273,0.34,0
12,32,0.453,88,9.0,16139,94,27.0,5.5,279,0.34,1
12,26,0.449,90,2.9,16140,98,26.0,7.7,234,0.34,1
4,100,0.449,92,11.5,16141,95,25.6,10.0,291,0.34,0
5,100,0.449,91,14.0,16142,98,25.2,10.4,321,0.34,0
23,100,0.449,91,13.3,16143,99,25.1,12.4,327,0.34,0
11,100,0.458,93,12.6,16144,98,24.9,8.9,320,0.34,1
9,100,0.463,97,16.2,16145,94,24.5,16.1,320,0.34,1
0,2,0.457,97,19.4,16146,94,24.6,6.8,323,0.34,1
6,32,0.457,99,7.2,16147,97,24.3,5.0,341,0.34,0
27,99,0.457,99,6.1,16148,98,24.1,3.8,295,0.34,0
26,100,0.457,97,7.6,16149,95,24.2,2.8,281,0.34,0
20,94,0.457,98,5.8,16150,100,24.2,3.5,235,0.341,0
27,72,0.458,97,5.4,16151,100,24.2,3.3,174,0.341,0
8,95,0.464,95,4.0,16152,98,24.8,3.6,81,0.341,0
9,80,0.464,90,8.6,16153,95,25.8,5.6,90,0.341,0
2,81,0.462,82,12.2,16154,99,27.0,3.9,68,0.341,0
5,17,0.459,77,11.9,16155,98,27.7,4.0,58,0.341,0
13,17,0.454,68,15.5,16156,85,29.0,4.8,45,0.341,0
18,19,0.448,66,15.1,16157,96,29.6,5.4,356,0.341,0
19,65,0.445,72,16.6,16158,99,28.5,7.2,6,0.341,0
22,38,0.44,70,17.3,16159,88,28.8,6.7,5,0.341,0
5,26,0.436,72,18.4,16160,28,28.9,6.3,13,0.341,0
9,20,0.433,72,18.0,16161,0,29.0,5.4,8,0.341,0
4,11,0.431,75,16.2,16162,33,28.6,4.9,350,0.341,0
5,30,0.433,82,11.2,16163,55,28.0,3.9,347,0.341,1
0,55,0.441,88,4.0,16164,80,26.0,7.4,86,0.341,1
1,75,0.441,88,7.6,16165,11,26.2,9.5,80,0.341,0
3,16,0.441,91,7.6,16166,98,25.8,9.2,45,0.341,0
1,18,0.44,91,6.1,16167,100,25.8,5.8,56,0.341,0
3,52,0.44,90,1.8,16168,99,25.6,2.7,98,0.341,0
2,91,0.44,91,4.3,16169,59,25.2,4.3,88,0.341,0
18,94,0.44,91,5.4,16170,66,25.2,5.7,58,0.341,0
15,100,0.44,93,6.5,16171,24,24.9,5.7,9,0.341,0
14,97,0.44,96,7.2,16172,0,24.6,7.3,36,0.341,0
4,100,0.44,96,7.2,16173,70,24.4,6.0,63,0.341,0
0,100,0.44,96,4.3,16174,98,24.3,5.9,59,0.341,0
3,100,0.44,96,7.2,16175,96,24.2,6.4,16,0.342,0
13,16,0.443,87,7.6,16176,99,24.9,3.5,339,0.342,0
16,6,0.442,83,10.8,16177,98,25.9,5.0,339,0.342,0
3,9,0.439,80,15.1,16178,99,26.8,6.7,341,0.342,0
19,13,0.435,75,16.6,16179,100,28.0,6.2,343,0.342,0
23,19,0.431,69,16.6,16180,100,28.9,5.6,358,0.342,0
42,100,0.428,69,15.5,16181,92,28.8,5.9,346,0.342,1
23,95,0.424,68,16.9,16182,95,28.8,6.3,333,0.342,0
20,20,0.418,67,18.0,16183,98,29.1,7.9,344,0.342,0
20,5,0.413,66,18.4,16184,100,29.3,7.4,359,0.342,0
19,14,0.41,67,16.6,16185,95,29.2,6.5,346,0.342,0
5,15,0.407,70,13.3,16186,38,28.8,6.9,346,0.342,0
5,11,0.407,80,9.0,16187,86,27.8,6.4,22,0.342,0
5,21,0.406,81,11.5,16188,77,27.4,9.3,47,0.342,0
0,20,0.406,84,9.0,16189,100,27.0,10.2,36,0.342,0
1,19,0.406,86,6.8,16190,100,26.6,7.1,19,0.342,0
3,10,0.406,89,5.8,16191,100,26.1,7.2,12,0.342,0
4,1,0.406,90,5.8,16192,98,25.9,6.2,350,0.342,0
5,3,0.406,91,6.8,16193,100,25.5,8.3,349,0.342,0
0,5,0.401,90,8.3,16194,100,25.5,13.4,352,0.342,0
0,0,0.401,91,11.5,16195,100,25.4,13.5,3,0.342,0
3,0,0.402,91,11.2,16196,100,25.1,12.3,5,0.342,0
6,2,0.402,92,9.7,16197,100,24.9,11.3,2,0.342,0
2,0,0.402,92,11.5,16198,100,24.7,12.3,353,0.342,0
24,2,0.402,93,12.2,16199,100,24.4,12.9,351,0.342,0
91,5,0.407,91,12.2,16200,100,25.3,13.4,340,0.342,0
97,21,0.406,85,14.8,16201,100,26.5,11.3,343,0.342,0
30,16,0.404,77,18.7,16202,100,27.9,9.8,353,0.342,0
0,0,0.4,72,19.1,16203,99,29.0,8.1,354,0.342,0
20,5,0.395,66,20.2,16204,88,30.2,8.1,18,0.342,0
30,19,0.389,62,19.1,16205,99,30.9,6.4,29,0.342,0
28,25,0.385,63,16.6,16206,100,30.6,4.0,8,0.342,0
20,20,0.382,65,14.8,16207,100,30.5,4.6,334,0.342,1
16,9,0.379,66,14.4,16208,100,30.4,5.7,336,0.342,0
15,17,0.377,68,13.3,16209,100,29.8,6.7,358,0.342,0
15,26,0.376,70,11.9,16210,100,29.4,5.8,4,0.342,0
14,25,0.377,82,14.8,16211,100,27.5,11.1,36,0.342,1
9,12,0.363,82,11.9,16212,100,28.0,11.9,355,0.343,0
0,8,0.363,84,11.2,16213,100,27.5,11.6,352,0.343,0
0,4,0.363,86,9.4,16214,100,27.1,11.6,338,0.343,0
0,2,0.363,88,14.8,16215,100,26.6,16.2,302,0.343,0
0,5,0.363,90,15.5,16216,100,26.2,16.1,307,0.343,0
1,9,0.363,90,15.8,16217,100,26.0,17.2,315,0.343,0
5,5,0.357,89,17.3,16218,100,26.2,19.8,329,0.343,0
2,10,0.357,90,19.1,16219,100,26.1,19.2,334,0.343,0
0,1,0.357,90,18.4,16220,100,26.0,17.9,341,0.343,0
0,0,0.358,90,16.6,16221,100,25.8,18.0,349,0.343,0
0,20,0.358,89,16.6,16222,100,25.6,16.7,349,0.343,0
0,1,0.358,90,14.8,16223,100,25.5,14.7,338,0.343,0
0,2,0.365,92,15.8,16224,100,25.9,15.3,320,0.343,0
0,8,0.365,90,14.8,16225,100,26.4,15.2,325,0.343,0
0,9,0.364,86,18.4,16226,100,27.4,11.5,331,0.343,0
0,8,0.361,81,22.0,16227,100,28.4,12.7,329,0.343,0
4,21,0.358,75,22.7,16228,100,29.4,12.3,322,0.343,0
6,98,0.354,69,24.5,16229,100,30.2,13.9,320,0.343,0
16,100,0.351,69,24.5,16230,100,30.0,14.6,334,0.343,0
6,100,0.35,72,22.0,16231,100,29.5,11.8,333,0.343,0
4,100,0.348,71,16.9,16232,100,29.6,10.9,331,0.343,0
2,92,0.347,73,15.5,16233,100,29.5,9.9,331,0.343,0
2,100,0.347,79,11.9,16234,100,28.6,8.3,359,0.343,0
0,100,0.347,82,9.7,16235,100,27.9,11.2,28,0.343,0
0,100,0.328,82,9.0,16236,100,28.0,7.4,45,0.343,0
0,100,0.329,86,8.6,16237,100,27.9,3.5,345,0.343,0
0,55,0.329,89,3.6,16238,58,27.5,1.7,49,0.343,0
0,88,0.33,89,4.0,16239,100,27.0,5.2,358,0.343,0
3,100,0.331,89,3.6,16240,100,27.0,2.0,350,0.343,0
5,100,0.331,90,4.7,16241,100,26.9,4.4,251,0.343,0
9,100,0.328,90,7.9,16242,99,26.6,9.6,17,0.343,0
18,100,0.334,93,9.7,16243,100,26.0,8.5,35,0.343,1
68,97,0.346,93,13.0,16244,100,25.4,6.4,196,0.343,1
21,98,0.354,94,12.6,16245,100,25.0,12.4,188,0.343,1
3,100,0.357,95,14.4,16246,74,24.6,12.6,216,0.343,1
13,74,0.358,95,12.6,16247,37,24.7,12.9,231,0.343,0
10,34,0.332,97,11.5,16248,100,24.9,7.1,10,0.343,0
42,68,0.338,89,9.7,16249,99,26.0,2.5,330,0.343,1
30,75,0.355,88,14.0,16250,100,25.9,7.1,207,0.343,1
24,100,0.356,84,14.0,16251,100,27.0,3.3,167,0.343,1
25,100,0.356,80,16.9,16252,100,27.7,7.7,150,0.343,1
28,73,0.356,81,16.9,16253,100,27.6,6.8,153,0.343,1
0,4,0.348,78,17.3,16254,100,28.6,4.4,52,0.343,0
8,13,0.344,73,17.6,16255,100,29.6,3.1,87,0.343,0
7,12,0.341,71,18.0,16256,100,30.1,7.2,158,0.343,0
6,38,0.339,74,19.1,16257,99,29.4,7.7,198,0.343,0
0,6,0.338,78,18.0,16258,98,28.9,5.8,244,0.343,0
0,1,0.338,85,10.4,16259,93,27.8,7.3,228,0.343,0
2,2,0.308,84,6.8,16260,85,27.9,6.0,219,0.343,0
7,16,0.308,84,4.0,16261,100,27.9,6.6,201,0.343,0
5,16,0.308,87,5.0,16262,100,27.6,6.6,201,0.343,0
15,1,0.308,89,3.2,16263,99,27.2,4.9,190,0.343,0
16,9,0.309,92,4.0,16264,88,26.7,5.9,200,0.343,0
13,12,0.309,92,3.6,16265,99,26.5,6.0,205,0.343,0
1,2,0.306,95,7.2,16266,100,25.8,3.4,227,0.343,0
7,34,0.307,96,5.0,16267,100,25.5,3.8,87,0.343,0
0,78,0.307,96,4.7,16268,100,25.6,3.6,160,0.343,0
13,21,0.307,95,1.4,16269,99,25.9,4.1,151,0.343,0
1,10,0.307,96,3.2,16270,9,25.4,1.3,188,0.343,0
4,80,0.307,96,3.2,16271,2,25.2,2.5,188,0.343,0
1,2,0.317,97,4.3,16272,100,25.9,4.1,105,0.343,0
2,9,0.317,90,8.6,16273,93,27.0,1.6,63,0.343,0
13,3,0.315,83,11.2,16274,49,28.5,0.8,207,0.343,0
8,5,0.313,78,13.7,16275,69,29.6,1.7,252,0.343,0
7,3,0.309,73,14.0,16276,80,30.8,1.1,288,0.343,0
15,10,0.303,70,14.0,16277,93,31.4,1.5,240,0.343,0
27,4,0.297,61,15.5,16278,97,32.5,1.8,96,0.343,0
11,20,0.292,61,14.0,16279,98,32.5,3.6,123,0.343,0
10,14,0.288,65,14.0,16280,92,31.9,4.9,178,0.343,0
11,9,0.308,73,16.6,16281,100,30.4,2.7,148,0.343,1
2,9,0.306,75,9.0,16282,100,30.0,3.4,164,0.343,0
1,6,0.305,83,7.2,16283,100,29.2,5.1,148,0.343,0
48,26,0.279,85,6.1,16284,100,27.0,17.1,108,0.343,0
2,10,0.279,88,17.3,16285,100,27.0,9.7,88,0.343,0
0,2,0.279,89,11.5,16286,100,27.1,9.2,51,0.343,0
10,16,0.279,90,6.8,16287,100,27.1,6.2,41,0.343,0
5,10,0.279,93,6.5,16288,100,26.9,4.1,41,0.343,0
12,28,0.279,93,6.5,16289,100,26.6,4.3,312,0.343,0
18,26,0.292,97,14.8,16290,100,26.2,3.3,241,0.343,1
14,9,0.301,92,11.5,16291,100,26.5,10.1,275,0.343,1
20,4,0.338,96,19.4,16292,100,25.1,7.0,314,0.343,1
33,36,0.339,93,6.5,16293,100,25.0,0.4,63,0.343,0
2,16,0.394,96,11.2,16294,100,24.1,4.7,67,0.343,1
8,16,0.395,96,10.8,16295,100,24.2,8.0,48,0.343,0
2,24,0.319,96,9.7,16296,100,25.9,8.0,162,0.343,0
4,2,0.323,96,11.2,16297,100,26.5,10.0,107,0.343,1
3,1,0.324,90,12.6,16298,100,27.3,5.4,56,0.343,0
1,0,0.323,81,14.0,16299,100,28.7,2.7,4,0.343,0
2,0,0.318,73,16.2,16300,100,30.4,6.1,355,0.343,0
2,2,0.314,69,16.6,16301,100,31.2,5.2,338,0.343,0
38,23,0.308,91,15.5,16302,100,26.4,12.9,337,0.343,0
5,3,0.313,84,23.4,16303,100,28.0,1.8,315,0.343,1
5,7,0.311,79,13.7,16304,100,28.6,4.2,110,0.343,0
0,3,0.308,77,13.0,16305,100,29.1,2.9,277,0.343,0
0,2,0.306,78,9.7,16306,100,29.0,3.5,291,0.343,0
0,1,0.306,84,7.6,16307,100,28.1,7.4,270,0.343,0
10,1,0.288,88,6.5,16308,70,27.0,11.8,263,0.343,0
1,9,0.288,89,14.4,16309,86,26.6,10.1,282,0.343,0
0,5,0.288,90,9.7,16310,41,26.5,8.3,281,0.343,0
0,0,0.288,91,7.6,16311,6,26.2,8.3,281,0.343,0
2,0,0.287,91,7.9,16312,12,26.0,9.5,271,0.343,0
2,0,0.287,89,9.4,16313,55,25.7,10.6,270,0.343,0
0,0,0.281,91,7.6,16314,36,26.0,2.2,284,0.343,0
0,0,0.281,91,5.8,16315,92,25.9,7.4,296,0.343,0
0,0,0.281,92,8.6,16316,98,25.4,10.5,289,0.343,0
0,0,0.281,91,8.6,16317,99,25.2,12.0,292,0.343,0
0,1,0.281,91,8.6,16318,98,25.1,12.1,295,0.343,0
0,0,0.281,92,7.9,16319,98,24.9,11.0,296,0.343,0
0,0,0.284,91,6.1,16320,97,26.2,3.2,38,0.343,0
0,1,0.284,83,8.6,16321,100,27.8,2.7,28,0.343,0
0,0,0.281,75,10.1,16322,100,29.5,2.1,345,0.343,0
0,0,0.277,66,13.3,16323,100,31.0,4.1,304,0.343,0
1,0,0.271,61,15.5,16324,100,32.0,5.2,295,0.343,0
2,1,0.265,59,15.5,16325,100,32.7,4.7,288,0.343,0
7,2,0.259,59,15.5,16326,100,33.4,3.7,247,0.343,0
6,3,0.258,62,20.2,16327,98,32.8,6.9,187,0.343,1
27,21,0.3,71,21.6,16328,100,31.3,7.1,201,0.343,1
16,20,0.297,73,17.6,16329,100,30.9,5.7,235,0.343,0
5,10,0.295,76,13.7,16330,31,30.5,8.4,217,0.343,0
5,13,0.294,83,14.4,16331,43,29.4,10.8,210,0.343,0
3,13,0.249,85,10.8,16332,91,29.0,12.9,208,0.343,0
0,14,0.249,87,11.9,16333,100,28.6,11.4,239,0.343,0
0,17,0.249,88,11.5,16334,100,28.1,11.5,256,0.343,0
0,16,0.248,90,9.7,16335,100,27.6,8.0,232,0.343,0
0,5,0.248,90,5.0,16336,100,27.6,8.7,223,0.343,0
0,4,0.248,90,6.8,16337,100,27.5,9.4,239,0.343,0
0,3,0.244,93,7.9,16338,100,27.5,4.0,188,0.343,0
0,2,0.244,94,5.4,16339,100,27.0,8.2,165,0.343,0
0,3,0.244,92,5.8,16340,95,27.0,7.8,176,0.343,0
0,3,0.244,91,2.9,16341,100,26.9,3.9,164,0.343,0
0,9,0.244,92,1.1,16342,100,26.6,4.4,173,0.343,0
0,2,0.244,93,2.2,16343,100,26.5,4.3,158,0.343,0
4,14,0.243,89,7.6,16344,100,26.5,3.5,75,0.343,0
2,16,0.243,85,15.5,16345,100,27.9,10.1,145,0.343,0
0,5,0.242,76,16.6,16346,100,29.4,4.2,110,0.343,0
0,1,0.239,69,13.7,16347,100,31.0,2.5,159,0.343,0
12,2,0.235,66,18.0,16348,99,31.8,5.2,186,0.343,0
11,2,0.23,65,20.5,16349,100,32.3,6.7,175,0.343,0
23,75,0.228,71,24.8,16350,99,29.8,13.0,174,0.343,1
1,30,0.238,75,26.3,16351,100,28.9,10.1,357,0.343,1
12,10,0.236,69,27.4,16352,100,29.7,1.6,84,0.343,0
1,7,0.233,68,14.8,16353,100,29.6,7.4,87,0.343,0
0,1,0.231,71,14.8,16354,100,29.2,3.1,103,0.343,0
0,0,0.23,80,9.0,16355,100,28.2,7.5,101,0.343,0
0,2,0.278,87,10.1,16356,100,28.6,2.7,172,0.343,0
0,1,0.278,87,7.2,16357,100,28.5,6.6,131,0.343,0
0,3,0.278,88,10.4,16358,98,28.0,10.5,145,0.343,0
0,5,0.277,88,10.1,16359,99,27.6,10.8,144,0.343,0
5,4,0.277,91,8.3,16360,100,27.2,8.7,128,0.343,0
9,38,0.286,89,18.7,16361,100,27.0,17.7,107,0.343,1
22,4,0.297,97,19.1,16362,100,24.9,2.3,58,0.343,1
10,13,0.301,96,11.5,16363,100,25.1,8.7,22,0.343,1
24,23,0.355,96,22.0,16364,100,24.4,16.9,57,0.343,1
13,9,0.356,94,18.7,16365,100,24.6,6.5,96,0.343,0
11,12,0.356,95,6.5,16366,100,24.8,6.5,88,0.343,0
9,8,0.356,94,13.3,16367,100,25.0,13.8,103,0.343,0
1,19,0.365,94,14.0,16368,100,25.0,6.0,353,0.343,0
9,21,0.365,90,14.0,16369,100,26.1,7.4,14,0.343,0
9,5,0.363,86,15.1,16370,99,27.1,7.3,9,0.343,0
2,4,0.359,77,18.4,16371,100,29.0,8.1,5,0.343,0
6,6,0.353,72,20.2,16372,100,30.1,6.7,5,0.343,0
10,13,0.347,70,18.4,16373,100,30.9,6.2,21,0.343,0
23,18,0.339,74,17.3,16374,100,29.7,9.3,328,0.343,0
25,34,0.339,74,19.4,16375,100,29.0,7.1,36,0.343,1
13,9,0.338,75,16.9,16376,99,28.9,5.6,57,0.343,1
1,9,0.335,74,16.6,16377,100,29.1,5.4,360,0.342,0
4,16,0.333,76,13.0,16378,100,28.9,5.7,18,0.342,0
2,12,0.332,84,10.4,16379,100,27.9,6.7,16,0.342,0
1,45,0.344,97,7.2,16380,100,25.6,11.6,32,0.342,0
60,34,0.439,99,17.6,16381,100,24.5,14.3,96,0.342,1
10,10,0.44,95,18.7,16382,100,24.5,7.7,93,0.342,1
15,53,0.442,96,10.4,16383,100,24.6,7.1,109,0.342,1
10,81,0.444,93,17.6,16384,100,24.7,16.2,63,0.342,1
19,63,0.459,89,16.2,16385,100,24.6,5.6,333,0.342,1
27,16,0.447,97,20.9,16386,99,25.3,1.3,90,0.342,1
5,96,0.445,98,5.4,16387,93,25.2,5.1,51,0.342,0
6,100,0.442,98,8.6,16388,74,25.1,3.5,351,0.342,0
9,100,0.44,97,6.5,16389,100,25.2,4.9,4,0.342,0
13,100,0.438,96,6.8,16390,100,25.2,6.0,350,0.342,0
15,34,0.437,96,8.6,16391,100,25.2,6.9,346,0.342,0
9,0,0.34,94,9.0,16392,8,25.8,10.5,4,0.342,0
13,0,0.34,89,17.6,16393,98,26.6,8.8,332,0.342,0
17,1,0.338,80,16.6,16394,98,27.9,4.5,355,0.342,0
11,2,0.334,76,19.1,16395,100,29.0,5.4,21,0.342,0
8,5,0.329,70,22.3,16396,100,30.0,7.7,24,0.342,0
9,9,0.322,57,22.3,16397,100,30.6,8.2,54,0.342,0
2,4,0.314,53,23.0,16398,98,31.0,8.4,40,0.342,0
0,3,0.307,48,19.1,16399,91,31.6,9.3,61,0.342,0
0,3,0.301,49,22.3,16400,36,31.5,11.9,60,0.342,0
0,2,0.296,53,22.3,16401,2,31.0,12.3,59,0.342,0
1,2,0.292,58,20.2,16402,9,30.0,13.5,74,0.342,0
0,5,0.291,61,18.0,16403,53,28.1,20.2,87,0.342,0
0,16,0.298,66,20.2,16404,21,27.5,14.7,84,0.342,0
0,4,0.297,69,14.0,16405,100,26.6,17.4,66,0.342,0
0,0,0.296,70,14.4,16406,100,25.9,18.4,65,0.342,0
0,0,0.295,69,17.6,16407,100,25.4,21.7,70,0.342,0
0,0,0.294,68,19.8,16408,100,25.1,23.4,69,0.342,0
0,0,0.293,70,19.8,16409,100,24.9,22.7,69,0.342,0
0,0,0.294,72,20.9,16410,100,24.8,23.1,72,0.342,0
0,0,0.293,73,22.0,16411,100,24.4,21.9,66,0.342,0
0,0,0.292,77,20.2,16412,100,23.8,19.0,59,0.342,0
0,0,0.292,79,15.8,16413,82,23.4,18.8,58,0.342,0
0,0,0.292,79,15.5,16414,52,23.2,19.4,59,0.342,0
0,0,0.291,79,17.3,16415,1,23.0,19.7,59,0.342,0
0,0,0.289,78,16.9,16416,1,23.2,17.3,52,0.342,0
0,0,0.288,73,15.8,16417,4,24.5,12.2,47,0.342,0
0,0,0.285,65,19.8,16418,22,25.9,10.5,52,0.342,0
0,0,0.281,60,21.2,16419,66,27.2,10.3,49,0.342,0
0,0,0.275,58,21.2,16420,97,28.1,7.7,25,0.342,0
1,0,0.269,55,20.2,16421,78,28.9,8.2,10,0.342,0
5,0,0.263,49,21.6,16422,93,29.5,13.0,14,0.342,0
24,9,0.256,46,31.3,16423,9,29.8,18.0,32,0.342,0
2,9,0.25,47,35.3,16424,4,29.4,19.6,55,0.342,0
5,9,0.246,49,32.8,16425,0,29.0,18.1,60,0.342,0
2,2,0.243,56,27.4,16426,0,28.1,14.4,43,0.342,0
2,5,0.242,69,15.1,16427,9,26.4,11.2,21,0.342,0
0,8,0.241,67,13.0,16428,99,26.2,16.0,47,0.342,0
5,9,0.24,64,16.2,16429,62,25.9,19.8,38,0.342,0
48,16,0.24,70,15.8,16430,0,25.1,18.6,23,0.342,0
10,84,0.239,74,16.9,16431,0,24.9,19.8,39,0.342,0
0,84,0.238,76,16.2,16432,0,24.8,16.5,30,0.342,0
4,71,0.238,78,12.6,16433,0,24.8,14.7,26,0.342,0
1,3,0.237,78,11.5,16434,0,24.5,18.3,16,0.342,0
0,11,0.237,81,16.2,16435,0,23.9,18.1,20,0.342,0
1,4,0.236,83,15.5,16436,0,23.4,17.9,28,0.342,0
1,0,0.236,83,16.2,16437,0,23.1,18.1,30,0.342,0
0,0,0.236,84,16.2,16438,0,22.8,16.2,32,0.342,0
1,0,0.236,86,13.0,16439,0,22.5,14.3,33,0.342,0
0,0,0.235,85,11.9,16440,2,23.3,11.3,42,0.342,0
0,0,0.234,79,11.9,16441,5,24.8,7.8,50,0.342,0
0,0,0.231,71,14.8,16442,6,26.4,5.9,38,0.342,0
0,0,0.228,64,19.4,16443,12,28.0,8.8,33,0.342,0
0,0,0.223,60,23.8,16444,0,29.1,11.2,46,0.342,0
9,12,0.219,55,29.5,16445,0,30.1,15.6,63,0.342,0
4,12,0.214,54,30.6,16446,0,30.3,15.4,53,0.342,0
5,15,0.209,52,29.2,16447,13,30.6,13.6,51,0.342,0
0,14,0.205,53,26.6,16448,10,30.5,12.2,37,0.342,0
4,11,0.202,54,23.8,16449,0,30.2,12.6,37,0.342,0
10,18,0.2,57,23.0,16450,0,29.5,12.8,48,0.342,0
9,33,0.198,67,15.8,16451,0,28.1,10.8,46,0.342,0
0,30,0.202,71,12.6,16452,0,27.5,14.8,26,0.341,0
13,33,0.201,70,15.5,16453,5,27.3,19.1,39,0.341,0
6,51,0.2,73,20.2,16454,6,26.6,19.8,63,0.341,0
0,100,0.2,75,23.0,16455,2,26.0,20.8,74,0.341,0
0,60,0.199,77,22.0,16456,0,25.6,16.5,70,0.341,0
0,17,0.198,79,15.5,16457,0,25.1,15.5,65,0.341,0
9,64,0.198,84,13.3,16458,15,25.1,12.0,62,0.341,0
5,97,0.198,87,13.0,16459,5,24.6,12.6,24,0.341,0
23,75,0.198,91,10.4,16460,15,24.5,8.1,32,0.341,0
8,41,0.198,90,5.4,16461,34,24.5,8.3,27,0.341,0
9,9,0.198,91,7.2,16462,61,24.3,9.0,23,0.341,0
7,34,0.198,91,8.6,16463,100,24.1,9.4,5,0.341,0
19,14,0.2,87,12.6,16464,28,24.4,13.7,358,0.341,0
24,20,0.199,78,16.9,16465,81,25.5,11.4,4,0.341,0
11,14,0.198,71,21.2,16466,67,26.9,11.3,17,0.341,0
38,25,0.195,67,23.4,16467,17,28.2,11.9,35,0.341,0
42,23,0.192,62,38.9,16468,100,29.8,16.8,66,0.341,0
66,17,0.189,61,36.7,16469,100,30.2,16.6,71,0.341,0
52,43,0.195,63,35.6,16470,6,29.2,13.0,61,0.341,0
71,20,0.192,61,33.1,16471,7,30.1,15.1,72,0.341,0
16,73,0.196,81,37.4,16472,10,25.9,14.0,35,0.341,1
26,41,0.197,76,29.5,16473,13,27.0,6.9,17,0.341,1
7,63,0.196,77,18.4,16474,26,27.0,9.8,336,0.341,0
10,34,0.195,82,16.9,16475,88,26.5,11.8,352,0.341,0
42,60,0.203,87,17.3,16476,34,25.9,11.1,353,0.341,1
7,22,0.204,90,15.1,16477,5,25.7,15.0,340,0.341,0
5,7,0.204,89,18.7,16478,52,25.4,18.4,342,0.341,0
22,14,0.203,87,19.1,16479,54,25.3,18.5,349,0.341,0
13,22,0.203,87,18.7,16480,58,25.2,17.5,3,0.341,0
27,32,0.205,87,16.9,16481,80,25.0,17.4,30,0.341,1
6,18,0.209,96,19.8,16482,98,24.0,15.0,357,0.341,1
30,20,0.212,95,15.8,16483,99,24.3,17.2,355,0.341,1
21,29,0.212,94,16.9,16484,100,24.3,17.7,357,0.341,0
14,62,0.212,92,16.9,16485,100,24.2,17.7,12,0.341,0
2,8,0.212,91,19.1,16486,100,24.2,20.0,19,0.341,0
1,2,0.212,89,19.8,16487,100,24.2,20.6,14,0.341,0
6,2,0.259,87,21.2,16488,100,24.8,20.6,12,0.341,0
5,4,0.258,81,23.8,16489,100,26.0,16.6,13,0.341,0
6,5,0.255,76,24.1,16490,100,27.5,14.3,21,0.341,0
13,10,0.252,70,36.4,16491,100,28.8,16.3,45,0.341,0
16,4,0.247,66,37.1,16492,80,29.8,15.3,52,0.341,0
23,57,0.242,64,35.6,16493,77,30.4,14.1,52,0.341,0
99,63,0.239,65,33.8,16494,81,29.8,15.7,66,0.341,0
61,97,0.238,70,32.0,16495,92,28.5,10.9,99,0.341,1
66,91,0.297,85,27.0,16496,100,25.8,13.8,348,0.341,1
13,100,0.307,85,28.4,16497,95,25.0,18.5,24,0.341,1
7,99,0.322,95,25.6,16498,46,24.0,20.7,15,0.341,1
2,63,0.325,97,17.6,16499,98,24.0,17.1,4,0.341,1
1,46,0.379,93,14.8,16500,100,25.7,15.4,6,0.341,0
0,100,0.379,86,18.4,16501,97,26.0,20.1,17,0.341,0
2,100,0.378,82,23.0,16502,88,25.6,22.1,12,0.341,0
9,99,0.377,80,21.6,16503,84,25.6,20.3,20,0.341,0
2,70,0.38,82,19.4,16504,96,25.1,19.7,16,0.341,1
5,88,0.382,82,18.0,16505,100,24.9,18.6,17,0.341,1
15,98,0.381,81,18.0,16506,100,25.0,19.8,19,0.341,0
9,100,0.381,82,18.0,16507,100,24.9,17.3,33,0.341,0
9,87,0.38,82,15.8,16508,100,24.8,15.9,47,0.341,0
1,100,0.379,84,14.0,16509,100,24.2,14.2,32,0.341,0
2,100,0.378,85,12.6,16510,100,23.9,13.2,17,0.341,0
9,100,0.377,87,11.2,16511,100,23.5,10.5,16,0.341,0
21,100,0.377,85,7.9,16512,100,23.9,10.4,32,0.341,0
21,31,0.376,79,14.0,16513,100,24.5,14.2,50,0.341,0
9,42,0.373,71,22.0,16514,100,26.0,14.8,52,0.341,0
8,50,0.37,68,28.8,16515,100,26.4,18.6,49,0.341,0
16,38,0.365,65,30.2,16516,100,27.0,17.6,43,0.341,0
10,45,0.359,63,31.0,16517,100,27.6,17.8,30,0.341,0
52,23,0.369,63,30.2,16518,100,27.4,17.9,34,0.341,0
48,28,0.363,61,33.1,16519,100,28.0,17.3,33,0.341,0
81,59,0.359,61,29.9,16520,100,27.9,20.8,56,0.341,0
95,100,0.356,64,29.2,16521,100,27.5,16.0,25,0.341,0
99,100,0.354,70,19.4,16522,100,26.5,15.0,5,0.341,0
24,42,0.353,72,14.8,16523,100,26.2,15.2,47,0.341,0
5,71,0.366,69,17.6,16524,100,24.7,24.1,23,0.341,0
2,94,0.365,70,25.6,16525,94,24.1,22.2,27,0.341,0
0,92,0.363,70,22.0,16526,63,23.9,21.9,19,0.341,0
0,100,0.362,70,21.2,16527,100,23.4,21.7,12,0.341,0
0,90,0.361,70,20.5,16528,100,22.9,21.9,10,0.341,0
0,23,0.359,71,20.5,16529,96,22.5,21.9,14,0.341,0
0,23,0.359,72,19.8,16530,12,22.4,27.1,15,0.341,0
0,62,0.357,72,28.1,16531,77,21.9,26.2,16,0.341,0
0,77,0.356,73,27.7,16532,90,21.5,22.5,10,0.341,0
0,37,0.355,73,22.0,16533,100,21.5,21.0,18,0.341,0
0,59,0.354,76,19.4,16534,100,21.2,16.5,20,0.341,0
0,66,0.354,79,13.0,16535,100,21.0,11.8,7,0.341,0
0,12,0.361,74,13.3,16536,66,21.2,21.6,7,0.341,1
0,20,0.359,70,22.3,16537,98,22.1,14.0,16,0.341,0
0,31,0.356,67,19.4,16538,100,23.0,10.2,18,0.341,0
0,57,0.353,65,19.4,16539,100,23.8,10.3,16,0.341,0
0,65,0.349,63,19.8,16540,100,24.8,8.6,12,0.341,0
0,100,0.343,61,24.8,16541,80,25.6,12.5,8,0.341,0
0,90,0.339,58,27.0,16542,55,25.8,17.0,5,0.341,0
0,100,0.333,58,31.0,16543,25,25.8,16.2,10,0.341,0
0,100,0.329,59,28.8,16544,85,25.5,16.4,23,0.341,0
0,88,0.326,61,25.6,16545,100,25.5,17.6,31,0.341,0
1,96,0.324,66,26.3,16546,100,24.8,19.4,31,0.341,0
0,99,0.322,69,23.4,16547,100,23.9,18.3,30,0.341,0
0,100,0.329,72,18.0,16548,77,23.5,16.6,24,0.341,0
0,5,0.328,73,17.6,16549,91,23.0,19.1,14,0.341,0
0,22,0.327,74,20.2,16550,100,22.5,21.8,16,0.341,0
0,20,0.326,73,21.2,16551,100,22.4,22.0,25,0.341,0
0,9,0.325,74,20.2,16552,100,22.0,21.0,21,0.341,0
0,7,0.324,73,20.2,16553,100,21.8,21.9,18,0.341,0
0,34,0.324,74,19.8,16554,99,22.1,21.9,21,0.341,0
0,29,0.323,74,24.1,16555,98,22.1,24.4,18,0.341,0
0,48,0.322,75,24.8,16556,98,21.9,21.2,18,0.341,0
0,91,0.322,76,19.4,16557,96,21.5,19.1,18,0.341,0
0,100,0.321,77,16.2,16558,94,21.2,17.5,20,0.341,0
0,95,0.32,79,14.0,16559,43,21.0,14.1,30,0.341,0
0,98,0.321,74,10.1,16560,0,21.6,17.1,8,0.341,0
0,100,0.32,71,14.0,16561,0,22.8,11.1,13,0.341,0
0,100,0.318,65,18.7,16562,0,23.5,12.4,17,0.341,0
0,100,0.315,63,22.7,16563,0,23.7,14.7,11,0.341,0
0,100,0.313,63,23.8,16564,0,24.0,15.0,6,0.341,0
0,100,0.31,61,23.8,16565,0,24.3,15.3,3,0.341,0
0,100,0.305,56,24.8,16566,0,25.2,17.4,6,0.341,0
0,99,0.302,53,28.1,16567,0,25.6,19.5,2,0.341,0
0,100,0.298,53,28.8,16568,0,25.5,20.8,5,0.341,0
0,100,0.295,58,28.1,16569,0,24.8,21.7,11,0.341,0
0,100,0.294,62,25.2,16570,3,24.1,19.9,16,0.341,0
0,100,0.292,64,19.4,16571,0,23.5,20.9,15,0.341,0
0,100,0.293,65,22.3,16572,30,23.6,21.8,11,0.341,0
0,75,0.292,65,24.5,16573,65,23.4,23.9,20,0.341,0
0,15,0.291,66,24.5,16574,63,23.1,22.4,25,0.341,0
0,95,0.29,69,20.9,16575,51,22.5,20.3,25,0.341,0
0,100,0.289,71,16.2,16576,14,22.2,17.5,26,0.341,0
0,53,0.288,70,16.2,16577,36,22.2,20.0,16,0.341,0
0,70,0.29,69,16.6,16578,100,22.3,20.5,11,0.341,0
0,91,0.289,72,18.4,16579,99,21.8,19.8,8,0.341,0
0,100,0.288,72,16.6,16580,100,21.8,18.5,13,0.341,0
0,100,0.287,73,14.4,16581,32,21.6,17.8,11,0.341,0
0,82,0.287,74,14.0,16582,100,21.5,16.5,13,0.341,0
0,25,0.286,77,12.2,16583,91,20.9,15.7,13,0.341,0
0,0,0.289,72,10.4,16584,0,21.5,18.5,8,0.341,0
0,4,0.287,67,18.4,16585,0,22.8,15.9,5,0.34,0
0,0,0.285,61,25.9,16586,15,24.0,15.8,358,0.34,0
0,1,0.28,58,25.9,16587,41,25.4,12.6,1,0.34,0
0,0,0.275,55,24.5,16588,30,26.7,12.3,357,0.34,0
0,0,0.269,52,28.4,16589,46,27.8,15.1,360,0.34,0
0,0,0.263,49,28.4,16590,2,28.6,13.7,10,0.34,0
0,0,0.256,48,26.3,16591,12,29.1,12.4,13,0.34,0
0,0,0.251,48,24.1,16592,13,29.4,11.7,14,0.34,0
0,0,0.247,50,22.0,16593,0,29.3,11.5,17,0.34,0
0,0,0.244,57,19.1,16594,42,28.3,11.7,17,0.34,0
0,0,0.243,66,11.9,16595,16,26.4,15.8,17,0.34,0
0,0,0.242,68,14.8,16596,0,25.6,18.4,16,0.34,0
0,0,0.241,69,16.6,16597,0,24.9,19.7,14,0.34,0
4,0,0.241,70,16.6,16598,0,24.1,19.6,13,0.34,0
2,0,0.24,72,16.6,16599,16,23.5,19.0,18,0.34,0
0,0,0.239,74,15.8,16600,3,22.9,17.0,15,0.34,0
0,0,0.239,76,13.0,16601,34,22.5,16.2,10,0.34,0
0,0,0.238,77,14.0,16602,73,22.0,17.3,4,0.34,0
0,0,0.238,78,14.0,16603,22,21.8,17.1,8,0.34,0
0,0,0.238,78,12.2,16604,11,21.5,16.4,5,0.34,0
2,2,0.237,79,12.2,16605,0,21.4,16.1,4,0.34,0
2,2,0.237,80,11.5,16606,0,21.1,15.2,5,0.34,0
0,3,0.237,82,11.2,16607,0,20.8,14.4,4,0.34,0
